ticket_id,channel,subject,body,queue
T-10001,email,Need assistance,"Hello, Can I get an itemized receipt or invoice for order NW-60544 - I need it for taxes. I have been a customer for three seasons and this is the first problem I have had. — Skyler Okafor",billing
T-10002,email,Urgent,"Hey, You charged the wrong card - the order should have gone on the card ending 6068. Thanks.",billing
T-10003,email,Before I buy,"Hi, How long does shippign usually take to Alaska if I order the Trailhead hiking boots today. I have been a customes for years and this is the first problem I have had. Thanks in advance.",product-question
T-10004,email,Urgent,"resending this - Hi there, My account shows an order I already cancelled and the charge is still pending on my card. Thanks in advance.",billing
T-10005,webform,Defective item,"Hello Northwind, You sent the wrong item - I ordered the Drifter 10 kayak and got a Basecamp camp chair instead. I have been a customer for a long time and this is the first problem I have had. Thanks in advance.",returns-warranty
T-10006,chat,Refund not received,the price of the Drifter 10 kayak dropped to $118.95 the day after I bought it - do you do price adjustments. i was charged a restocking fee of $19.95 on my return - nothing on the site mentioned that??,billing
T-10007,email,Return request,"Hello, I received someone else's package with my label on it - I assume they have my Windbreak fleece. Hope you can help. — Skyler Patel",returns-warranty
T-10008,webform,2FA probelm,The verification link in the signup email says ith as expired. Thaks in advance.,account-access
T-10009,chat,Needd assistance,my package arrived with the box torn open and the Merino trail socks inside looks damaged. I have been a customer for years and this is the first problem I have had,shipping
T-10010,email,Order not delivered,"Good morinng, Where is my order? The Dayhike 22 backpack was supposed to arrive on Monday. I have been a customer for years and this is the first problem I have hd. Thanks ni advance. — Kai Patel",shipping
T-10011,email,Membership billing,"Hello, I cancelled order NW-61833 an hour after placing it but the charge of $42.95 still went through. i cannot open the tracking link for my order without signing in and the sign in page just loops. Hope you can help. — Alex Garcia",billing
T-10012,email,Return label,"Hello, I want to return the Ember fuel canister from order NW-63646 for a refund. This is for an upcoming canoe trip. Thaks in advance.",returns-warranty
T-10013,chat,Help,Can I get an itemized receipt or invoice for order NW-70781 - I need it for taxes. I paid with the card ending 5843??,billing
T-10014,email,Help,"Hi, My order history disappeared after I merged my old account with my new email. I contacted you a few days ago about this and never heard back. Appreciate it.",account-access
T-10015,email,Help,Can the Voltpack 20K power bank charge the Lumen 800 headlamp over USB. I need this sorted before the end of the month. Please advvise.,product-question
T-10016,chat,Need assistance,i sent my return back two weeks ago and have not heard anyting since. my order nw-66243 was placed ten days ago acdt he tracking still says lable created.,returns-warranty
T-10017,webform,Cannot log in,"Good morning, Please delete my account and all my personal data.",account-access
T-10018,chat,Support request,I cancelled order NW-62073 minutes after placing it but the charge of $249.99 still went through. Order number is NW-59627 if that helps?,billing
T-10019,webform,Help,"Hi, My exchange shipped but tracking says it is going back to you instead of to me. I need this sorted before Friday. Appreciate it.",returns-warranty
T-10020,email,Urgent,"Hi, I need the Puffin down vest before this weekend - can you expedite shipping. I contacted you last week about this and never heard back. Thanks. — Jordan Novak",shipping
T-10021,email,Support request,Where is my order? The Otter dry bag was supposed to arrive two days ago. I paid with the card ending 2922. Appreciate it. — Alex Chen,shipping
T-10022,chat,Spec question,Is there a charge for the Trail Club membership that comes up at checkout,product-question
T-10023,webform,Support request,"Hi, The promo code SUMMER20 id not apply at checkout and I was charged full price .This is for an cpcoming backpacking trip. Please advise.",billing
T-10024,email,Membership billing,"Hi, There is a charge from Northwind on my statement for $24.99 that I do not recognize. The order had the Aurora camp lantern and some smaller items in it. Thanks in advance. — Riley Patel",billing
T-10025,email,Help,"Hi there, Can I machine wash the Merino trail socks or is it dry clean only.",product-question
T-10026,email,Change my email,"Good morning, I cannot open the tracking link for my order without signing in and the sign in page just loops. I contacted you last week about this and never heard back. Thanks in advance.",account-access
T-10027,email,Help,"Hi, Please delete my account and all my personal data. will the summit 65 backpack fit a 3l water bladder. when will the windbreak fleece be back in stock in size 10. I need this sorted before Friday. Thank you.",account-access
T-10028,webform,Product question,"Hi there, Does the Firefly bug net come with a stuff sack. my order nw-59862 was placed over two weeks ago and the tracking still says label created. This is for an upcoming canoe trip.",product-question
T-10029,chat,Account locked,My order history disappeared after I merged my old account with my new email. i cancelled order nw-55884 an hour after placing it but the charge of $24.99 still went through,account-access
T-10030,email,Damaged product,"Hello Northwind, What is your return policy on sale items like the Torrent rain jacket. The order had the Cirrus trekking poles and some smaller items in it. Thank you.",returns-warranty
T-10031,email,Promo coe problem,"Hi, The price of the Aurora camp lantern dropped to $312.50 the day after I bought it - do you do price adjustments. I tried calling but the wait time was over 30 minutes. Appreciate it.",billing
T-10032,chat,Support request,You split my order into two shipments and only one has any tracking movement. I paid with the card ending 4848??,shipping
T-10033,webform,Support request,"Hi there, The estimated delivery on my order keeps moving - it has changed twice this week. Thanks in advance.",shipping
T-10034,email,Payment issue,"Hello Northwind, Please cancel my Trail Club membership - I am still being billed $9.99 a month. Order number is NW-62082 if that helps. Thanks. — Jamie Nguyen",billing
T-10035,email,Need assistance,"Hey, Customs is asking me to pay $249.95 in import fees for order NW-54482 - was that supposed to happen. I have been a customer for three seasons and this is the first problem I have had. — Reese Patel",shipping
T-10036,webform,Need asisstance,When I log in my order history shows someone else's orders and charges. I already looked through the help center and could not find an answer.,account-access
T-10037,webform,Help,"Hey, The tracking says my order was delivered but I was charged for shipping insurance I never added. Order number is NW-78447 if that helps. Thank you.",billing
T-10038,webform,Tracking question,"Hi there, The estimated delivery on my order keeps moving - it has changed twice this week. I placed the order during the sale. Thanks.",shipping
T-10039,email,Membership billing,"Hi there, My return was received three days ago but the refund of $19.00 still is not back on my card. The order had the Lumen 400 headlamp and some smaller items in it. Hope you can help. — Avery Nguyen",billing
T-10040,email,Help,"Hi there, I received someone else's package with my label on it - I assume they have my Ridgeline 2P tent. Hope you can help. — Riley Chen",returns-warranty
T-10041,chat,Problem with my order,Is the Torrent rain jacket actuallly waterproof or just waetr resistant. I paid with the card endin 6733??,product-question
T-10042,chat,Billing question,you refunded the item but not the original shipping cost on order NW-75073. This is for an upcoming camping trip??,billing
T-10043,email,Question,"Hey, Where is my order? The Drifter paddle was supposed to arrive on Monday. I tried calling but the wait time was over 45 minutes. Appreciate it.",shipping
T-10044,email,Problem with my order,"Hey, The tracking page says delivered but there is no package anywhere at my address. I have been a customer for a long time and this is the first problem I have had. Thank you. — Devon Larsen",shipping
T-10045,webform,Question,"Hi there, I am past the 30 day window bbut the Puffin down vest has a manufacturing defect - does the warranty cover it. I placed the order last week. Please advise.",returns-warranty
T-10046,email,Order status,I paid $214.99 extra for two day shipping and it has been a week. Thanks in advance.,shipping
T-10047,email,Urgent,"Hi, The seam on my Lumen 800 headlamp failed after two uses - I want to make a warranty claim.",returns-warranty
T-10048,email,Support request,I changed phones and can no longer get the two factor authentication code. This is for an upcoming camping trip. Thank you. — Dana Garcia,account-access
T-10049,email,Return status,"Good morning, I am past the 30 day window but the Lumen 400 headlamp has a manufacturing defect - does the warranty cover it. I paid with the card ending 1240. Thanks.",returns-warranty
T-10050,email,Urgent,"Hey, Where is my order? The Glacier 45 cooler was supposed to arrive yesterday. you charged the wrong card - the order should have gone on the card ending 5866. my gift card balance shows $19.95 but checkout would not let me use it. The package was a gift for a friend. Thanks. — Jamie Patel",shipping
T-10051,webform,Support request,"Hi, My order history disappeared after I merged my old account with my new email. I paid with the card ending 3092. Thanks.",account-access
T-10052,webform,Support request,"Hello Northwind, My account seems to be locked after too many login attempts. the price of the dayhike 22 backpack dropped to $249.50 the day after i bought it - do you do price adjustments. I contacted you a few days ago about this and never heard back. Please advise.",account-access
T-10053,webform,Support request,"Good morning, My refund was approved but the replacement Aurora camp lantern still has no tracking number. I already looked through the help center and could not find an answer. Thanks.",shipping
T-10054,chat,Need assistance,the invoice in the box lists a Dayhike 22 backpack that is not what I was charged for online - which one is actually shipping to me. I need this sorted before the weekend,shipping
T-10055,chat,Damaged product,what is your return policy on sale items like the Riverbend sandals??,returns-warranty
T-10056,email,Double charged,"Hi there, There is a charge from Northwind on my statement for $118.95 that I do not recognize. I tried calling but the wait time was over 20 minutes. Hope you can help. — Avery Silva",billing
T-10057,email,Order status,"Hi, My package arrived with the box crushed and the Glacier 45c ooler inside looks zamaged. The packag was a gift for mys on. Please advise. — Jamie Chen",shipping
T-10058,chat,Order status,Can you hodl the shipment at a USPS pickup point iinstead of deliveringt to my door. I placed the order about ten days ago?,shipping
T-10059,email,Question,"Hi there, I keep getting logged out every time the app updates. This is for an upcoming family trip. — Jamie Brooks",account-access
T-10060,email,Problem with my order,"Hi, Can I change the delivery address on order NW-75460 before it ships. I tried calling but the wait time was over 20 minutes. Thanks in advance. — Skyler Kim",shipping
T-10061,webform,Where i smy order,The tracking page says delivered but there is no package anywhere at my address. the return label you emailed me shows the wrong delivery address for the warehouse. Appreciate it.,shipping
T-10062,email,Need assistance,I sent my return back three days ago and have not heard anything since. The package was a gift for my daughter. Appreciate it. — Rowan Ortiz,returns-warranty
T-10063,chat,Sizing question,Does the Otter dry bag comme with a repair kit. can i change the deliverya ddress on order nnw-62864 before it ships??,product-question
T-10064,chat,Urgent,How do I change the email address on my account - I no longer have access to the old one. I tried calling but the wait time was over 30 minutes?,account-access
T-10065,email,Return request,"Hello Northwind, Is the Summit 65 backpack still returnable if I washed it. the tracking says my order was delivered but i was charged for shipping insurance i never added. I have been a customer for a long time and this is the first problem I have had. Appreciate it. — Alex Ortiz",returns-warranty
T-10066,email,Support request,"Hey, If I refuse the package at delivery do I still have to pay return shipping. the summit 65 backpack does not fit - how do i exchange it for the next size down. i want to return the lumen 400 headlamp i bought with the summer20 promo code - do i get the full price or the discounted price back. This is for an upcoming family trip. Thank you. — Rowan Okafor",shipping
T-10067,chat,Tracking question,Where is my order? The Glacier 45 cooler was supposed to arrive last Friday. I contacted you last week about this and never heard back??,shipping
T-10068,chat,Support request,My refund was approved but the replacement Ridgeline 4P tent still has no tracking number. This is for an upcoming backpacking trip?,shipping
T-10069,email,Shizping delay,"Hi, USPS tracking shows my package has been sitting in Louisville for four days. Thanks.",shipping
T-10070,email,Problem with my order,Customs is asking me to pay $24.00 in import fees for order NW-53075 - was that supposed to happen. can i machine wash the windbreak fleece or is it dry clean only. can i machine wash the windbreak fleece or is it dry clean only. I paid with the card ending 8594. Please advise. — Quinn Whitfield,shipping
T-10071,webform,Question,"Hi, When I log in my order history shows someone else's orders and charges. This is for an upcoming family trip. Thanks in advance.",account-access
T-10072,webform,Problem with my order,"Hey, How long does shipping usually take to Hawaii if I order the Windbreak fleece today. fedex tracking shows my package has been sitting in memphis for ten days. Order number is NW-66096 if that helps. Thanks.",product-question
T-10073,email,Problem with my order,"Hi, My exchange shipped but tracking says it is going back to you instead of to me. I tried calling but the wait time was over 45 minutes. Appreciate it. — Taylor Kim",returns-warranty
T-10074,webform,2FA problem,"Good morning, The password reset emal nevr arrives - I have checked spam twice. if i refuse the package at delivery do i tsill have to pay return shipping. I tried calling but the wait time was over 30 minutes. Appreciate it.",account-access
T-10075,chat,Help,I received someone else's package with my label on it - I assume they have my Drifter 10 kayak. I paid with the card ending 8220?,returns-warranty
T-10076,webform,Support request,"Hello Northwind, The estimated delivery on my order keeps moving - it has changed three times this wee. i was charged a restocking fee of $19.00 on my return - nothing on the site mentioned that. I arleady looked through the help center and coul dnot find an answer. Please advise.",shipping
T-10077,email,Care instructions,"Hello Northwind, How long does shipping usually take to Hawaii if I order the Merino trail socks today. I have been a customer for three seasons and this is the first problem I have had. Hope you can help.",product-question
T-10078,email,Order status,"Hi, You splitm y order into two shipments and only one has any tracking movment. The order hadd the Voltpack 20K power bank and some smaller itesm in it. Appreciate it. — Dana Silva",shipping
T-10079,webform,Delivery problem,"Hey, My package arrived with the box crushed and the Windbreak fleece inside looks okay. I already looked through the help center and could not find an answer. Hope you can help.",shipping
T-10080,email,Help,"Hello, Can you hold the shipment at a USPS pickup point instead of delivering to my door. The order had the Cascade 0 sleeping bag and some smaller items in it. Appreciate it. — Casey Kaur",shipping
T-10081,webform,Urgent,"Hi, I cancelled order NW-75391 the same day after placing it but the charge of $312.00 still went through. The package was a gift for a friend. Thanks.",billing
T-10082,chat,Help,you charged the wrong card - the order should have gone on the card ending 4202. I need this sorted before Friday,billing
T-10083,webform,Package missing,"Good morning, I need the Lumen 800 headlamp before my trip on the 14th - can you expedite shipping. Thanks.",shipping
T-10084,email,Help,Can you hold the shipment at a UPS pickup point instead of delivering to my door. I placed the order last week. Thanks.,shipping
T-10085,email,Package missing,"Hey, My refund was approved but the replacement Anchor bear canister still has no tracking number. i want to return the aurora camp lantern from order nw-41682 for a refund. i was charged a restocking fee of $118.99 on my return - nothing on the site mentioned that. This is for an upcoming thru-hike. Appreciate it. — Devon Chen",shipping
T-10086,webform,Urgent,please call me back 620-555-4047,shipping
T-10087,email,Urgent,"Hello Northwind, You refunded the item but not the original shipping cost on order NW-63415. I tried calling but the wait time was over 30 minutes. Thanks. — Taylor Chen",billing
T-10088,webform,Change my email,"resending this - Hi, The email receipt went to my old address - I need to update where my invoices get sent. Hope you can help.",account-access
T-10089,email,Help,"Hey, Can you old the shipment at a UPS pickup point instead of delivering to my doo. Order number is NW-79951 if that helps. — Dana Brooks",shipping
T-10090,email,Problem with my order,"Hello, Do the Trailhaed hiking boots run true to size - I am uusally a 10.5. i want to return the windbreak fleece i bought with the trail15 promo code - do i get the full price ort he discounted price back. i sent my return back ten days ago and have not heard anythhing since. Order number is NW-68320 if that helps. Appreciate it.",product-question
T-10091,webform,Membership billing,"Hello Northwind, The promo code SUMMER20 did not apply at checkout and I was charged full price. I paid with the card ending 2893. Thank you.",billing
T-10092,email,Account security concern,"Hey, The verification link in the signup email says it has expired. I need this sorted before the weekend. Please advise. — Quinn Nguyen",account-access
T-10093,chat,Wrong item received,The Dayhike 22 backpack showed up scratched straight out of the box and I want a replacement. I contacted you last week about this and never heard back,returns-warranty
T-10094,email,Urgent,"Hi there, How long does the Lumen 400 headlamp run on a full charge at the highest brightness. I contacted you a few days ago about this and never heard back. Thanks in advance.",product-question
T-10095,chat,Support request,Is the Drifter 10 kayak stable enough for a beginner on flat water. y exchange shipped but tracking says iti s going back to you instead of to me??,product-question
T-10096,webform,Password reset not working,"Hey, Please delete my account and all my personal data. will the dayhike 22 backpack fit a 3l water bladder. I already looked through the help center and could not find an answer. Thanks.",account-access
T-10097,webform,Urgent,"Hello Northwind, Can I get an itemized receipt or invoice for order NW-67714 - I need it for my expense report. I have been a customer for years and this is the first problem I have had.",billing
T-10098,webform,Urgent,"Hello, What fuel does the Ember camp stove take and can I fly with the canister. i sent my return back ten days ago and have not heard anythipg since. Thanks.",product-question
T-10099,webform,Help,"Hi there, Can you hold the shipment at a FedEx pickup point instead of delivering to my door. I placed the order last week. Appreciate it.",shipping
T-10100,chat,Support request,what fuel does the Ember camp stove take and can I fly with the canister. The order had the Voltpack 20K power bank and some smaller items in it??,product-question
T-10101,chat,Wrong item received,The Trailhead trail runners showed up with a broken clip straight out of the box and I want ar eplcaaement. can the voltpack 20k power bank charge the lumen 800 headlamp over usb.,returns-warranty
T-10102,webform,Help,"Hey, If I refue the package at delivery do I still have o pay return shipping. This is for an upcoming canoe trip. Thanks in advance.",shipping
T-10103,webform,Question,"Hey, Customs is asking me to pay $118.95 in import fees for order NW-61451 - was that supposed to happen. Hope you can help.",shipping
T-10104,chat,Order sttatus,I need the Torrent rain jacket before Friday - can you expedite shipping. I tried calling but the wait time was over 30 minutes.,shipping
T-10105,email,Compatibility question,What is the temperature rating on the Cascade 20 sleeping bag really good down to. I contacted you last week about this and never heard back. Please advise. — Skyler Garcia,product-question
T-10106,chat,Help,I was charged a restocking fee of $118.95 on my return - nothing on the site mentioned that. I already looked through the help center and could not find an answer.,returns-warranty
T-10107,email,Need assistance,"Hello Northwind, I want to return the Cascade 0 sleeping bag I bought with the SUMMER20 promo code - do I get the full price or the discounted price back. — Riley Patel",returns-warranty
T-10108,email,Support request,"Good morning, Only half of order NW-67568 showed up - the Glacier 45 cooler is missing from the box. I have been a customer for years and this is the first problem I have had. Please advise. — Avery Novak",shipping
T-10109,webform,Change my email,"Hey, My order history disappeared after I merged my old account with my new email. I have been a customer for three seasons and this is the first problem I have had. Thanks in advance.",account-access
T-10110,webform,Order status,The rtacking page says delivered but there is no package anywhere at my address. This is for an upcoming thru-hike. Thank you.,shipping
T-10111,chat,Tracking question,dHL tracking shows my package has been sitting in Memphis for two days. the promo code summer20 did not apply at checkout and i was charged full price??,shipping
T-10112,chat,Help,is the Torrent rain pants actually waterproof or just water resistant. I paid with the card ending 1893?,product-question
T-10113,webform,Urgent,"Hi htere, The tracking says my order was delivered but I was chaged for shipping insurance I never added. This is for an upcoming thru-hike. Thanks.",billing
T-10114,chat,Spec question,is the Drifter 10 kayak stable enough for a beginner on a lake. The package was a gift for my daughter?,product-question
T-10115,email,Charge I do not recognize,"Hi there, I returned the Lumen 400 headlamp and the refund I got was $42.00 short of what I paid. when i log in my order history shows someone else's ordersa nd charges. I contacted you a few days ago about this and never heard back. Thank you.",billing
T-10116,email,Stock question,Is there a charge for the Trail Club membership that comes up at checkout. is the ridgeline 4p tent still returnable if i took the tags off. I contacted you last week about this and never heard back. Thanks in advance.,product-question
T-10117,webform,Delivery problem,"Hi, The tracking page says delivered but there is no package anywhere at my address. I contacted you a few days ago about this and never heard back. Appreciate it.",shipping
T-10118,webform,Care instructions,"Good morning, If the Glacier 45 cooler does not fit can I return it for free or is return shipping on me. I need this sorted before Friday.",product-question
T-10119,email,Help,"Hey, You sent the wrong item - I ordered the Cascade 0 sleeping bag and got a Riverbend sandals instead. I paid with the card ending 6760. Appreciate it.",returns-warranty
T-10120,email,Help,If the Dayhike 22 backpack does not fit can I return it for free or is return shipping on me. I already looked through the help center and could not find an answer. Appreciate it.,product-question
T-10121,chat,Problem with my order,the price of the Lumen 400 headlamp dropped to $19.00 the day after I bought it - do you do price adjustments. I contacted you last week about this and never heard back,billing
T-10122,email,Urgent,"Hey, You refunded te item but not th original shipping cost on order NW-48688 .Thank you.",billing
T-10123,webform,Invoice request,"Hello Northwind, You charged the wrong card - the order should have gone on the card ending 8216. I placed the order during the sale.",billing
T-10124,email,Need assistance,"Hi, I cancelled order NW-41422 the same day ater placing it but the charge of$ 89.00 stil went through. The package was a gift for my daugter. — Jamie Whitfield",billing
T-10125,webform,Exchange needed,"Hey, Please cancel the exchange on order NW-55717 - I just want my money back on the return instead. I need this sorted before the weekend. Thank you.",returns-warranty
T-10126,email,Support request,"Good morning, The estimated delivery on my order keeps moving - it has changed three times this week. I paid with the card ending 5790. Thanks.",shipping
T-10127,chat,2FA problem,when I log in my order history shows someone else's orders and charges. I contacted you last week about thisa nd never heardb ack??,account-access
T-10128,chat,Question,If I refuse the package at delivery do I still have to pay return shipping. I have been a customer for a long time and this is the first problem I have had,shipping
T-10129,chat,Help,i aws charged sales tax on order NW-72005 but my state does not tax clothing. I placedd the order last week.,billing
T-10130,email,Help,"Hi there, I sent my return back ten days ago and have not heard anything since. Order number i NW-50245 if that hlps. Hope ooyu can help. — Morgan Patel",returns-warranty
T-10131,email,Before I buy,"Good morning, Is the Ridgeline 4P tent a true 3-season tent or more of a summer shelter. Order number is NW-64109 if that helps. Thanks in advance. — Kai Ortiz",product-question
T-10132,email,Problem with my order,Please cancel the exchange on order NW-54427 - I juut want my money back on the return instead. Appreciate it. — Avery Ortiz,returns-warranty
T-10133,email,Return request,"Hey, Is the Aurora camp lantern still returnable if I used it once. i cannot open thc tracking link for my odrer without signing in and the sign in page just loops. The order had the Drifter paddle and some smaller items in it. Thank you.",returns-warranty
T-10134,chat,Problem with my order,I was charged sales tax on order NW-59775 but my state does not tax clothing. I need this sorted before the weekend?,billing
T-10135,email,Damaged product,"Hello Northwind, I was charged a restocking fee of $42.99 on my return - nothing on the site mentioned that. I paid with the card ending 2620. Thanks.",returns-warranty
T-10136,chat,Question,The email receipt went to my old akdress - I need to update where my invoices get sent. This is for an upcoming backpacking trip,account-access
T-10137,chat,Package missing,The estimated delivery on my order keeps moving - it has changed three times this week. I contacted you a few days ago about this and never heard back.,shipping
T-10138,webform,Warranty claim,"Hi, I sent my return back a week ago and have not heard anything since. Please advise.",returns-warranty
T-10139,email,Question,"Hi, When will the Halo climbing helmet be back in stock in large. there is a charge from northwind on my statement for $89.00 that i do not recognize. can i get an itemized receipt or invoice for orde nw-75162 - i need it for taxes. I tried calling but the wait time was over 30 minutes. Thanks. — Kai Brooks",product-question
T-10140,email,Problem with my order,"Hi there, I was charged sales tax on order NW-57535 but my state does not tax clothing. Thanks. — Casey Novak",billing
T-10141,chat,Change my email,resending this - The password reset email never arrivse - I have checked spam several times. I have been a custmoer for three seasons and this s the first proble I have had?,account-access
T-10142,chat,Support request,My order history disappeared after I merged my old account with my new email. I paid with the card ending 9325.,account-access
T-10143,webform,Urgent,"Hi, The tracking page says delivered but there is no package anywhere at my address. I already looked through the help center and could not find an answer. Appreciate it.",shipping
T-10144,email,Wrong item received,"Hi, The return label you emailed me shows the wrong delivery address for the warehouse. I paid with the card ending 4964. Appreciate it. — Devon Chen",returns-warranty
T-10145,chat,Membership billing,Why was I charged $129.00 for shipping when the site says orders over $75 ship free. will the dayhike 22 backpack fit a 3l water bladder?,billing
T-10146,webform,Order status,"Hello, Only half of order NW-53682 showed up - the Aurora camp lantern is missing from the box. This is for an upcoming camping trip. Please advise.",shipping
T-10147,email,Account locked,"Hello Northwind, The verification link in the signup email says it has expired. I placed the order about ten days ago. Thanks. — Jordan Garcia",account-access
T-10148,email,Billing question,"Good morning, I returned the Cirrus trekking poles and the refund I got was $214.95 short of what I paid. Hope you can help. — Devon Nguyen",billing
T-10149,email,Return request,"Hello Northwind, The pole on my Cascade 20 sleeping bag failed after one weekend - I want to make a warranty claim. The order had the Lumen 800 headlamp and some smaller items in it. Hope you can help. — Jordan Novak",returns-warranty
T-10150,email,Shipping delay,"Good morning, My order NW-47899 was placed ten days ago and the tracking still says label created. I contacted you a few days ago about this and never heard back.",shipping
T-10151,email,Login trouble,"Hey, When I log in my order history shows someone else's orderrs and charges. Pelase advise. — Skyler Silva",account-access
T-10152,email,Charge I do not recognize,"Good morning,  Iwas charged sales tax on ordder NW-49282 but my state does not tax clothing. I have been a customer for there seasons andt his is the first problem I have had. Thank you.",billing
T-10153,email,Delivery problem,"Hi there, The invoice in the box lists a Ridgeline 2P tent that is not what I was charged for online - which one is actually shipping to me. I contacted you a few days ago about this and never heard back. Thanks in advance.",shipping
T-10154,webform,Need assistance,"Hi there, Does the Firefly bug net come with a warranty. I contacted you last week about this and never heard back.",product-question
T-10155,email,Payment issue,Can I get an itemized receipt or invoice for order NW-50946 - I need it for my expense report. I already looked through the help center and could not find an answer. Thanks. — Rowan Garcia,billing
T-10156,email,Support request,"Hi there, Is the Torrent rain pants actually waterproof or just wacer resistant. you split my order into two shipments and only one has any tracking movement. The package was a gift for a friend. Appreciate it. — Quinn Chen",product-question
T-10157,webform,Need assistance,"Hello, What is your return policy on sale items like the Basecamp camp chair. I paid with the card ending 5998. Appreciate it.",returns-warranty
T-10158,webform,Wrong item received,I want to return the Summit 65 backpack I bought with the SUMMER20 promo code - do I get the full price or the discounted price back. I placed the order on the 3rd. Thanks in advance.,returns-warranty
T-10159,email,Urgent,"Good morning, My package arrived with the box crushed and the Aurora camp lantern inside looks okay. I have been a customer for years and this is the first problem I have had. Thank you. — Kai Ortiz",shipping
T-10160,chat,Need assistance,i was charged a restocking fee of $149.00 on my return - nothing on the site mentioned that. I already looked through the help center and could not find an answer,returns-warranty
T-10161,chat,Help,my exchange shipped but tracking says it is going back to yo uinstead of to me. if the ridgeline 4p tent does not fit can i return t for free or is return shippig on me?,returns-warranty
T-10162,webform,Billing question,"Hi there, My account shows an order I already cancelled and the charge is still pending on my card. I tried calling but the wait time was over 20 minutes. Please advise.",billing
T-10163,email,Promo code problem,"Hi, Can I get an itemized receipt or invoiec for order NW-62534 - I need it for my expense report. I tried calling but the wait time was over 20 minutes. Thank you. — Riley Silva",billing
T-10164,chat,Need assistance,my account shows an order I already cancelled and the charge is still pending on my card. Order number is NW-73083 if that helps??,billing
T-10165,email,Urgent,The Basecamp camp chair showed up with a hole n it stragiht out of the box and I want a replacement. Ordre number is NW-79047 if that helps. hank you.,returns-warranty
T-10166,webform,Need assistance,"Hi, I returned the Summit 65 backpack and the refund I got was $24.95 short of what I paid. I tried calling but the wait time was over 45 minutes. Thanks.",billing
T-10167,email,Help,"Hello Northwind, My exchange shipped but tracking says it is going back to you instead of to me. i need the torrent rain pants before friday - can you expedite shipping. fedex tracking shows my package has been sitting in memphis for a week. The order had the Cascade 20 sleeping bag and some smaller items in it. — Reese Garcia",returns-warranty
T-10168,webform,Question,"Hey, Does the Puffin down vest ever go on sale - it was cheaper during the last promo. Order number is NW-58298 if that helps. Please advise.",product-question
T-10169,email,Help,"Hello Northwind, My account seems to be locked after too many login attempts. The package was a giftf or my daughter. Thank you.",account-access
T-10170,email,Wrong item received,"Hi there, You sent the wrong item - I ordered the Anchor bear canister and got a Firefly bug net instead. This is for an upcoming family trip. — Alex Chen",returns-warranty
T-10171,chat,Help,Is the Torrent rain jacket actually waterproof or just water resistant. I already looked through the help center and could not find an answer.,product-question
T-10172,email,Question,"Good morning, Does the Cascade 20 sleeping bag coem with a rainfly. This is for an upcoming camping trip. Hope you acn help. — Sam Patel",product-question
T-10173,webform,Package missing,"Hi there, My order NW-45673 was placed two weeks ago and the tracking still says label created. I already looked through the help center and could not find an answer. Please advise.",shipping
T-10174,webform,Urgent,"Hi there, Can I change the delivery address on order NW-67534 before it ships. Order number is NW-71525 if that helps. Please advise.",shipping
T-10175,email,Need assistance,The estimated delivery on my order keeps moving - it has changed twice this week. I contacted you a few days ago about this and never heard back. Please advise. — Taylor Silva,shipping
T-10176,webform,Urgent,"Hi there, How long does shipping usually take to Hawaii if I order the Windbreak fleece today. I contacted you a few days ago about this and never heard back. Please advise.",product-question
T-10177,email,Urgent,"Hi there, If I refuse the package at delivery do I still have to pay return shipping. I have been a customer for three seasons and this is the first problem I have had. Please advise.",shipping
T-10178,chat,Order not delivered,Only half of order NW-74736 showed up - the Ridgeline 2P tent is missing from the box. I already looked through the help center and could not find an answer?,shipping
T-10179,chat,Need assistance,Customs is asking me to pay $129.99 in import fees for order NW-74599 - was that supposed to happen,shipping
T-10180,webform,Question,"Hey, You refunded the item but not the original shipping cost on order NW-69023. Thanks in advance.",billing
T-10181,webform,Suppot request,My exchange shipped but tracking says it is going back to you instead of to me. I placed the order on the 3rd. Appreciate it.,returns-warranty
T-10182,email,Problem with my order,My account shows an order I already cancelled and the charge is still pending on my card. i keep getting logged out every time the app updates. Thanks in advance. — Reese Novak,billing
T-10183,email,Support request,"Hey, The password reset email never arrives - I have checked spam several times. I have been a customer for years and this is the first problem I have had. Thanks in advance.",account-access
T-10184,email,Urgent,"Good morning, My account shows aan order I already cacelled and the charge is still pending on my card. I paid with the card ending 4213. Appreciate it. — Morgan Chen",billing
T-10185,email,Support request,"Good morning, The tracking page says delivered but there is no package anywhere at my address. I have been a customer for a long time and this is the first problem I have had. Please advise.",shipping
T-10186,chat,Problem with my order,The password reset email never arrives - I have checked spam twice. I already looked through the help center and could not find an answer?,account-access
T-10187,email,Cannot log in,"Hi, My ordeer history disappeared after I mergd my old account with my new emial. I pllaced the order on the 3rd. — Sam Novak",account-access
T-10188,chat,Return status,Is the Puffin down vest still returnable if I opened the packaging. I already looked through the help center and could not find an answer.,returns-warranty
T-10189,chat,Wrong item received,you seent the wrong ite m- I ordered the Lumen 400 headlamp and got a Torrent rain ants instead,returns-warranty
T-10190,webform,Need assistance,"Hey, I cannot log in to my account - it keeps saying my password is wrong even after I reset it. my gift card balance shows $24.00 but checkout would not let me use it. I have been a customer for a long time nd this is the first problem I have had. Thanks in advance.",account-access
T-10191,email,Question,"Hi, You split my order into two shipments and only one has any tracking movement. This is for an upcoming camping trip. Hope you can help. — Dana Silva",shipping
T-10192,chat,Help,If the Trailhead trail runners does not fit can I return it for free or is return shipping on me. I paid with the card ending 8533,product-question
T-10193,email,Need assistance,"Hello Northwind, Please cancel my Trail Club membership - I am still being billed $12.99 a month. The order had the Merino trail socks and some smaller items in it. Please advise.",billing
T-10194,webform,Problem with my order,"Hello Northwind, I paid $19.00 extra for two day shipping and it has been four days. Appreciate it.",shipping
T-10195,email,Problem with my order,second time sending this. Is the Torrent rain jacket actually waterproof or just water resistant. Appreciate it. — Quinn Patel,product-question
T-10196,email,Promo code problem,"Hey, I cancelled order NW-54245 an hour after placing it but the charge of $89.50 still went through. I contacted you a few days ago about this and never heard back. Hope you can help. — Riley Silva",billing
T-10197,email,Defective item,I want to return the Ridgeline 2P tent from order NW-71553 for a refund. I contacted you last week about this and never heard back. — Devon Brooks,returns-warranty
T-10198,webform,Warranyt claim,"Hi, I was charged a restocking fee of $189.95 on my return - nothing on the site mentioned that. I tried calling but the wait time was over 20 minutes. Thank you.",returns-warranty
T-10199,chat,Account locked,i cannot log in to my account - it keeps saying my password is wrong even after I reset it,account-access
T-10200,webform,Urgent,"Hello, Can the Voltpack 20K power bank charge the Lumen 400 headlamp over USB. when i log in my order history shows someone else's orders and charges.",product-question
T-10201,webform,Need assiistance,Why was I charged $64.99 for shipping when the site says orders over $75 ship free. The order had the Slate sunglsases and soomes maller items in it. Please advise.,billing
T-10202,webform,Care instructions,"Hello, How long does the Lumen 400 headlamp run on a full charge at the highest brightness. Order number is NW-72248 if that helps. Thanks in advance.",product-question
T-10203,email,Help,"Good morning, Please cancel the exchange on order NW-77914 - I just want my money back on the return instead. I paid with the card ending 8639. — Jordan Haddad",returns-warranty
T-10204,webform,Package missing,"Good morning, The tracking page says delivered but there is no package anywhere at my addres.P lease advise.",shipping
T-10205,chat,Defective item,you sent the wrong item - I ordered the Summit 65 backpack and got a Riverbend sandals instead. I have been a customer for three seasons and this is the first problem I have had?,returns-warranty
T-10206,chat,Help,If I refuse the ackage at delivey do I still ave to pa return shipping,shipping
T-10207,webform,Pacakge missing,"Hi, Only half of order NW-60165 showed up - the Glacier 45 cooler is missing from the box. Order number is NW-47726 if that helps. Thanks in advance.",shipping
T-10208,webform,Problem with my order,The strap on my Drifter 10 kayak broke after one trip - I want to make a warranty claim. I contacted you last week about this and never heard back.,returns-warranty
T-10209,email,Question,When will the Basecamp camp chair be back in stock in the 2-person size. I tried calling but the wait time was over 45 minutes. — Jamie Okafor,product-question
T-10210,webform,Problem with my order,"Hello Northwind, The invoice in the box lists a Torrent rain jacket that is not what I was charged for online - which one is actually shipping to me. I tried calling but the wait time was over 45 minutes. Please advise.",shipping
T-10211,email,Product question,"Hello, When will the Windbreak fleece be back in stock in the green colour. I placed the order during the sale. Thank you.",product-question
T-10212,chat,Login trouble,my account seems to be locked after too many login attempts. Order number is NW-43703 if that helps,account-access
T-10213,email,Support request,"Good morning, Only half of order NW-67568 showed up - the Glacier 45 cooler is missing from the box. I have been a customer for years and this is the first problem I have had. Please advise. — Avery Novak",shipping
T-10214,chat,Wrong item received,I want to return the Aurora camp lantern from order NW-64299 for a refund. i paid $64.95 extra for two day shipping and it has been over two weeks.,returns-warranty
T-10215,webform,Urgent,"Hello Northwind, USPS tracking shows my package has been sitting in Newark for ten days. you refunded the item but not the original shipping cost on order nw-78933. The order had the Basecamp camp chair and some smaller items in it. Thanks in advance.",shipping
T-10216,chat,Urgent,is the Trailhead trail runners still returnable if I opened the packaging. the verification link in the signup email says it has expired,returns-warranty
T-10217,chat,Problem with my order,The return label you emailed me shows the wrong delivery address for the warehouse. I placed the order during the sale.,returns-warranty
T-10218,chat,Need assistance,is the Otter dry bag still returnable if I opened the packaging. I have been a customer for years and this is the first problem I hhave had??,returns-warranty
T-10219,chat,Damaged product,the Glacier 45 cooler showed up defective straight out of the box and I want a replacement. I need this sorted before the weekend??,returns-warranty
T-10220,webform,Damaged product,"Hi there, Is the Lumen 800 headlamp still returnable if I used it once.",returns-warranty
T-10221,email,Help,"Hello Northwind, My gift card balance shows $89.50 but checkout would not let me use it. I paid with the card ending 8595. Thanks. — Quinn Brooks",billing
T-10222,email,Support request,What is your return policy on sale items like the Riverbend sandals. I have been a customer for three seasons and this is the first problem I have had. Appreciate it. — Devon Chen,returns-warranty
T-10223,webform,Before I buy,following up - When will the Summit 65 backpack be back in stock in medium. I placed the order last week. Please advise.,product-question
T-10224,chat,Qestion,The estimated delivery on my order keeps moving - it has changed twice this week,shipping
T-10225,webform,Where is my order,"Hey, I need the Lumen 800 headlamp before Friday - can you expedite shipping. Hope you can help.",shipping
T-10226,chat,Return request,is the Aurora camp lantern still returnable if I opened the packaging. Order number is NW-42252 if that helps,returns-warranty
T-10227,webform,Need assistance,"Hi there, My exchange shipped but tracking says it is going back to you instead of to me. The package was a gift for my son. Hope you can help.",returns-warranty
T-10228,email,Support request,I received someone else's package with my label on it - I assume they have my Riverbend sandals. The order had the Torrent rain pants and some smaller items in it. Appreciate it.,returns-warranty
T-10229,webform,Help,"Hello Northwind, The seam on my Merino trail socks failed after one trip - I want to make a warranty claim. The order had the Cirrus trekking poles and some smaller items in it. Thank you.",returns-warranty
T-10230,webform,Where is ym order,"Good morning, I paid $79.00 extra for two day shipping and it has been a week. I already looked through the help center and could not find an answer. Appreciate it.",shipping
T-10231,chat,Support request,when will the Ember fuel canister be back in stock in the green colour. teh rturrn label you emailed me shows the wrong delivery address for the warehouse.,product-question
T-10232,email,Support erquest,"Hey, Customs is asking me to pay $249.95 in import fees for order NW-48972 - was that supposed to happen. I already looked through the help center and could not find an answer. Appreciate it. — Skyler Ortiz",shipping
T-10233,chat,Help,Can I machine wash the Puffin down vest or is it dry clean only. Order number is NW-45111 if that helps.,product-question
T-10234,chat,Help,is the Ridgeline 4P tent still returnable if I used it once. I have been a customer for years and this is the first problem I have had.,returns-warranty
T-10235,webform,Stock question,Is there a charge for the Trail Club membership that comes up at checkout. the email receipt went to my old address - i need to update where my invoices get sent. how do i change the email address on my account - i no longer have access to the old one. I placed the order about ten days ago. Thanks.,product-question
T-10236,webform,Need assistance,"Good morning, The password reset email never arrives - I have checked spam several times. Plese advise.",account-access
T-10237,webform,Problem with my order,"Hi, Customs is asking me to pay $118.99 in import fees for order NW-78966 - was that supposed to happen. I have been a customer for three seasons and this is the first problem I have had. Thanks.",shipping
T-10238,webform,Need assistance,"Hi there, My order NW-50694 was placed two days ago and the tracking still says label created. I need this sorted before the weekend. Thanks.",shipping
T-10239,email,Stock question,"Hi there, Is the Drifter 10 kayak stable enough for a beginner on a lake. I already looked through the help center and could not find an answer. Thanks in advance. — Rowan Patel",product-question
T-10240,chat,Damaged product,the Lumen 400 headlamp showed up with a broken clip straight out of the box and I want a replacement. Order number is NW-66939 if that helps,returns-warranty
T-10241,webform,Help,see attached screenshot for order NW-50273,returns-warranty
T-10242,webform,Payment issue,"Hi there, The price of the Torrent rain pants dropped to $189.99 the day after I bought it - do you do price adjustments. I paid with the card ending 1728. Thanks.",billing
T-10243,chat,Problem with my order,customs is asking me to pay $129.50 in import fees for order NW-58892 - was that supposed to happen. I placed the order during the sale,shipping
T-10244,webform,Package missing,"Hi there, Can you hold the shipment at a DHL pickup point instead of delivering to my door. Order number is NW-49720 if that helps. Appreciate it.",shipping
T-10245,chat,Tracking question,FedEx tracking shows my package has been sitting in Louisville for two weeks?,shipping
T-10246,webform,Care instructions,"Hi, Is there a charge for the Trail Club membership that comes up at checkout. I need this srted before the weekend.",product-question
T-10247,email,Product question,"Hi there, Can the Voltpack 20K power bank charge the Aurora camp lantern over USB. Order number is NW-41573 if that helps. Thank you.",product-question
T-10248,webform,Before I buy,"Good morning, If the Ridgeline 4P tent does not fit can I return it for free or is return shipping on me. Thanks.",product-question
T-10249,webform,Need assistance,"Hi, Does the Basecamp camp chair ever go on sale - it was cheaper during the last promo. I contacted you a few days ago about this and never heard back. Thank you.",product-question
T-10250,webform,Support request,"Hello Northwind, My account seems to be locked after too many login attempts. please cancel the exchange on order nw-78102 - i just want my money back on the return instead. The orderh ad the Glacier 45 cooler and some smaller items in it. Thank you.",account-access
T-10251,webform,Need assistance,"Hello, Doest e Halo climbing helmet come with a studf sac. I paid with the card ending 6050. Appreciate it.",product-question
T-10252,chat,Care instructions,Is the Drifter 10 kayak stable enough for a beginner on flat water. The package was a gift for a friend.,product-question
T-10253,chat,Need assistance,when will the Cirrus trekking poles be back in stock in large. The order had the Trailhead trail runners and some smaller items in it,product-question
T-10254,webform,Support request,"Hey, I keep getting logged out every time the app updates. what is your return policy on sale items like the trailhead hiking boots. The package was a gift for a friend. Thanks in advance.",account-access
T-10255,email,Order not delivered,"Hi, Only half of order NW-70320 showed up - the rifter 10 kayak is missing fromt he box.I  paid with the card ending 9681. Appreciate it.",shipping
T-10256,email,Problem with my order,"Hello, My account shows an order I already cancelled and the chargu iss still pending on my card. I contacted you last week about thiis and never heard back. Hope you can help. — Casey Kim",billing
T-10257,chat,Support request,Does the Ember fuel canister come with a warranty. The package was a gift for my daughter.,product-question
T-10258,chat,Double charged,please cancel my Trail Club membership - I am still being billed $12.99 a month. The order had the Summit 65 backpack and some smaller items in it??,billing
T-10259,email,Urgent,"Hi there, I want to return the Cirrus trekking poles from order NW-75878 for a refund. I already looked through the help center and could not find an answer. Thanks in advance. — Skyler Kaur",returns-warranty
T-10260,chat,Help,the promo code WELCOME10 did not apply at checkout and I was charged full price. The order had the Torrent rain jacket and some smaller items in it,billing
T-10261,email,Shippiig delay,"Good morning, My package arrived with the box crushed and the Drifter paddle inscde looks okay. I contacted you a few days ago about this and never heard back. Thanks.",shipping
T-10262,email,2FA problem,"Hi there, The password reset email nevr arrives - I have cchecked spam twipe. — Kai Haddad",account-access
T-10263,email,Help,I paid $42.95 extra for two day shipping and it has been ten days. Order number is NW-74811 if that helps.,shipping
T-10264,webform,Support request,"Hello Northwind, I want to return the Halo climbing helmet I bought with the SUMMER20 promo code - do I get the full price orr the discounted price back. do the trailhead trail runnerrs run wide - i am usually a 10.5. I placed the order last week. Thanks.",returns-warranty
T-10265,webform,Before II buy,"Good morning, Is the Ridgeline 2P tent a true 4-season tent or more of a summer shelter. I tried calling but the wait time was over 30 minutes. Thank you.",product-question
T-10266,chat,Urgent,Please cancel the exchange on orderN W-65878 - I just want my money back on the return instead. the verificbtion link in the signup email says it has expired.,returns-warranty
T-10267,chat,Need assistance,my package arrived with the box torn open and the Drifter 10 kayak inside looks okay. The package was a gift for a friend?,shipping
T-10268,chat,Support request,my account shows an orde I already cancelled and the charge is still pending on my card. how do i get a return shipping label for order nw-50663?,billing
T-10269,webform,Help,"Hey, Do the Trailhead hiking boots run narrow - I am usually a 10. I tried calling but the wait time was over 30 minutes. Thanks in advance.",product-question
T-10270,chat,Queston,resending this - My account seems to be locked after too many login attempts. This is for an upcoming backpacking trip??,account-access
T-10271,webform,Urgent,"Hi, I want to return the Dayhike 22 backpack from order NW-53119 for a refund. I tried calling but the wait time was over 30 minutes. Thank you.",returns-warranty
T-10272,chat,Late order,My package arrived with the box torn open and the Windbreak fleece inside looks okay. This is for an upcoming camping trip.,shipping
T-10273,email,Urgent,"Hi, Please cancel the exchange on order NW-42387 - I just want my money back on the return instead. Order number is NW-53916 if that helps. Thanks. — Casey Okafor",returns-warranty
T-10274,email,Cannot log in,"Hi there, I cannot log in to my account - it keeps saying my password is wrong even after I reset it. This is for an upcoming thru-hike.",account-access
T-10275,chat,Return label,i sent my return back four days ago and have not heard anything since. I tried calling but the wait time was over 45 minutes,returns-warranty
T-10276,webform,Damaged product,Is the Voltpack 20K power bank still returnable if I washed it. my gift card balance shows $64.50 but checkout would not let me use it. i was charged twice for order nw-66960 - there are two $35.95 charges on my card. I need this sorted before the weekend. Thanks.,returns-warranty
T-10277,chat,Membership billing,can I get an itemized receipt or invoice for order NW-63099 - I need it for taxes. I contacted you a few days ago about this and never heard back.,billing
T-10278,chat,Wrong item receiived,you sent the wrong item - I ordered the Windbreak fleece and got a Summit 65 backpack instead. I need this sorted before the end of the month,returns-warranty
T-10279,chat,Exchange needed,the Anchor bear canister does not fit - how do I exchange it for the wide version. The order had the Cascade 0 sleeping bag and some smaller items in it??,returns-warranty
T-10280,chat,Support request,Do the Trailhead trail runners run true to size - I am usually a 9.5. I have been a customer for three seasons and this is the first problem I have had.,product-question
T-10281,email,Help,"Hello Northwind, My refund was approved but the replacement Ember camp stove still has no tracking number. The order had the Puffin down vest and some smaller items in it. Thanks. — Morgan Ortiz",shipping
T-10282,webform,Compatibility question,"Hello Northwind, How long does the Lumen 400 headlamp run on a full charge at the highest brightness. I already looked through the help center and could not find an answer. Thank you.",product-question
T-10283,webform,Refund not received,You refunded the item bbut not the original shipping cost on order NW-49923. I tried calling but the wait time was over 30 minutes. Thanks.,billing
T-10284,email,Problem with my order,"Hi there, You split my order into two shipments and only one has any tracking movement. is ther idgeline 2p tent a true 3-season tent or more of a summer shelter. I placed the oder about ten days ago. Thanks in advance.",shipping
T-10285,webform,Order not delivered,"Hi, If I refuse the package at delivery do I still have to pay return shipping. I placed the order on the 3rd. Hope you can help.",shipping
T-10286,chat,Question,i need the Torrent rain jacket before my trip on the 14th - can you expedite shipping. why was i charged $118.99 for shipping when the site says orders over $75 ship free?,shipping
T-10287,email,Problem with my order,"Hi, My package arrived with the box torn open and the Drifter paddle inside looks damaged. I contacted you last week about this and never heard back. Thank you.",shipping
T-10288,email,Package missing,"Hi, My refund was approved but the replacement Summit 65 backpack still has no tracking number. The package was a gift for my son. Thanks in advance.",shipping
T-10289,email,Delivery problem,"Hi there, The invoice in the box lists a Glacier 45 cooler that is not what I was charged for online - which one is actually shipping to me. The order had the Cirrus trekking poles and some smaller items in it. Please advise. — Alex Chen",shipping
T-10290,chat,Order not delivered,My refund was approed btu the replacement Lumen 800 headlamp still has no tracking number. I have been a customer for a long time and ths s the first problem I have had,shipping
T-10291,chat,Help,is there a charge for the Trail Club membership that comes up at checkout.,product-question
T-10292,webform,Charge I do not recognize,"Hi, Why was I charged $58.99 for shipping when the site says orders over $75 ship free. I contacted you a few days ago about this and never heard back. Hope you can help.",billing
T-10293,chat,Problem with my order,why was I charged $42.99 for shipping when the site says orders over $75 ship free. Order number is NW-77518 if that helps.,billing
T-10294,email,Where is my order,"Hello Northwind, My package arrived with the box torn open and the Trailhead hiking boots inside looks damaged. I paid with the card ending 7263. Thanks in advance.",shipping
T-10295,email,Warranty claim,"Hi there, My exchange shipped but tracking says it is oging back t you instead of to e. I paid with teh card ending 3516. Appreciate it. — Avery Silva",returns-warranty
T-10296,chat,Account locked,when I log in my order history shows someone else's orders and charges. I have been a customer for three seasons and this is the first problem I have had?,account-access
T-10297,email,Support request,"Hey, Can you hold the shipment at a UPS pickup point instead of delivering to my door. I paid with the card ending 6696. Thanks in advance. — Taylor Okafor",shipping
T-10298,webform,Account security concern,The email receipt went to my old address - I need to update here my invoices get sent. I need this sorted before Friday.,account-access
T-10299,email,Problem with my order,"Hello Northwind, Can I get an itemized receipt or invoice for order NW-61004 - I need it for my expense report. I have been a customer for a long time and this is the first problem I have had. Thanks in advance.",billing
T-10300,email,Need assistance,"Good morning, The tracking page says delivered but there is no package anywhere at my address. I need this sorted before the end of the month. Hope you can help. — Riley Larsen",shipping
T-10301,email,Problem with my order,"Hi there, How long does the Lumen 400 headlamp run on a full charge at the highest brightness. I placed the order during the sale. Appreciate it. — Riley Chen",product-question
T-10302,webform,Problem with my order,"Hello Northwind, USPS tracking shows my package has been sitting in Louisville for five days. I tried calling but the wait time was over 45 minutes. Please advise.",shipping
T-10303,chat,,NW-45068,returns-warranty
T-10304,chat,Care instructions,When will the Drifter paddle be back in stock in medium. This is for an upcoming camping trip.,product-question
T-10305,chat,Help,Can the Volptack 20K power bank charge th Lumen 800 headlamp over USB. I placed the order last week,product-question
T-10306,email,Sizing question,How long does the Lumen 800 headlamp run on a full charge at the highest brightness. I already looked through the help center and could not find an answer. Thank you. — Morgan Brooks,product-question
T-10307,webform,Question,"Hello, When I log in my order history shows someone else's orders and charges. I paid with the card ending 1995. Thank you.",account-access
T-10308,email,Support request,"Hey, The Cascade 0 sleeping bag does not fit - how do I exchange it for the next size down. I paid with the card ending 5343. Thank you.",returns-warranty
T-10309,chat,Support request,Th Trailhead hiking boots showed up defective straight out of the box and I want a replacement. I need this sorted before Friday??,returns-warranty
T-10310,email,Before Ib uy,"Hello Northwind, Does the Firefly bug net come witq a stuff sack. I paid with the card ending 8488. Please advise.",product-question
T-10311,chat,Support request,I cannot open the tracking link for my order without signing in and he sign in page just loops. I tried calling but tthe wait time was over 30 minutes.,account-access
T-10312,chat,Product question,Does the Lumen 800 headlamp come with a rainfly. I contacted you last week about this and never heard back,product-question
T-10313,email,Help,"Hi, The valve on y Cirrus trekking poles snapped after one trip - I want to make a warranty clqim. Plesae advise.",returns-warranty
T-10314,chat,Spec question,can I machine wash the Merino trail socks or is it dry clean only?,product-question
T-10315,webform,Question,"Hello Northwind, My refund was approved but the replacement Trailhead trail runners still has no tracking number. This is for an upcoming family trip. Appreciate it.",shipping
T-10316,email,Billing question,"Hey, You refunded the item but not the original shipping cost on order NW-46669. The package was a gift for my son. Appreciate it. — Alex Nguyen",billing
T-10317,email,Exchange needed,"Hey, How do I get a return shipping label for order NW-74650. Thank you. — Sam Okafor",returns-warranty
T-10318,email,Need assistance,"Hey, The estimated deliivery on my order keeps moving - it has change twice this week. This is for an upcoming backpacking trip. Thanks. — Reees Silva",shipping
T-10319,email,Charge I do not recognize,"Good morning, I returnad the Firefly bug net annd the refund I got was $89.50 short of what I paid. I placced the order about ten days ago. Thanks in advanec. — Skyler Okafor",billing
T-10320,chat,Urgent,is the Drifter 10 kayak stable enough for a beginner on flat water. I already looked through the help center and could not find an answer.,product-question
T-10321,webform,Help,"Hey, The Puffin down vest showed up with a hole in it straight out of the box and I want a replacement. This is for an upcoming family trip. Thanks in advance.",returns-warranty
T-10322,email,Support request,"Good morning, Whhat fuel does th Ember cam pstove take and can I fly with the canister. Ordern umber is NW-48238 if that helps. Thank you. — Riley Silva",product-question
T-10323,webform,2FA problem,"Good morning ,The verification link in the signup email says it has expired. the voltpack 20k power bank dooes not fit - howd o i exchange it for the next size down. i received someone else's package with my label on it - i assume they have my torrent rain pants. I contacted you a few ays ago about this and never heard back.",account-access
T-10324,email,Support request,The tracking says my order was delivered but I was charged for shipping insurance I never added. The order had the Drifter 10 kayak and some smaller items in it. Thanks. — Avery Whitfield,billing
T-10325,chat,Cannot log in,Please delete my account and all my personal data??,account-access
T-10326,chat,Problem with my order,My refund was approved but the replacement Basecamp camp chair still has no tracking number. I need this sorted before Friday??,shipping
T-10327,email,Urgent,"Hi there, Please cancel the exchange on order NW-49723 - I just want my money back on the return instead. I placed the order last week.",returns-warranty
T-10328,email,Sizing question,"Hi there, Is the Ridgeline 2P tent a true 4-season tent or more of a summer shelter. Thanks. — Casey Haddad",product-question
T-10329,webform,Delivery problem,"Hi there, Where is my order? The Drifter 10 kayak was supposed to arrive two days ago. I need this sorted before Friday. Thanks.",shipping
T-10330,email,Urgent,please call me back 692-555-2470,billing
T-10331,email,Question,Please delete my accxunt anf all my personal data. Thank oyu. — Avery Nguyen,account-access
T-10332,email,Cannot log in,"Good morning, I cannot log in to my account - it keeps saying my password is wrong even after I reset it. i was charged sales tax on order nw-51742 but my state does not tax clothing. I already looked through the help center and could not find an answer. Thanks. — Jamie Ortiz",account-access
T-10333,email,Urgent,I returned the Lumen 400 headlamp and the refund I got was $19.95 short of what I paid. The package was a gift for my son. Thanks. — Rowan Kim,billing
T-10334,chat,Shipping delay,if I refuse the package at delivery do I still have to pay return shipping. I already looked through the help center and could not find an answer,shipping
T-10335,chat,Login rouble,i keep getting loggde out every time the app updates. I placed the order last week??,account-access
T-10336,email,Problem with my order,"Hello Northwind, Does the Puffin down vest come with a rainfly. Appreciate it.",product-question
T-10337,webform,Support request,"Hi there, I received someone else's package with my label on it - I assume they have my Glacier 45 cooler. I paid with the card ending 6495. Hope you can help.",returns-warranty
T-10338,webform,,?????!!,product-question
T-10339,chat,Urgent,i sent my return back over two weeks ago and have not heard anything since. I contacted you last week about this and never heard back??,returns-warranty
T-10340,chat,Urgent,If I refuse the package at delivery do I still have to pay return shippping. I tries calling but the wait time was over 30 minutes.,shipping
T-10341,chat,Questoin,do the Trailhead trail runners run narrow - I am usually a 9.5. The package was a gift for my daughter,product-question
T-10342,chat,Charge I do not recognize,I was charged twice for order NW-65927 - there are two $79.00 charges on my card. you sent the wrong item - i ordered the dayhike 22 backpack and got a anchor bear canister instead??,billing
T-10343,chat,(no subject),sent from my phone. Reese,shipping
T-10344,email,Return status,I am past the 30 day window but the Torrent rain pants has a manufacturing defect - does the warranty cover it. Please advise. — Riley Brooks,returns-warranty
T-10345,chat,Membership billing,I returned the Ridgeline 4P tent and the refund I got was $312.00 short of what I paid. I paid with the card ending 3288.,billing
T-10346,webform,Double charged,"Hello Northwind, My tift card balance shows $214.50 but checkout would not let me use it. only half of order nw-62763 showed up - the trailhead hiking boots is missing from the box. I already looked through the help center and could not find an answer. Thanks.",billing
T-10347,email,Order status,"Hey, The estimated delivery on my order keeps moving - it has changed twice this week. I tried calling but the wait time was over 45 minutes. Thanks.",shipping
T-10348,email,Product question,"Hello Northwind, If the Otter dry bag does not fit can I return it for free or is return shipping on me. Appreciate it. — Riley Haddad",product-question
T-10349,email,Help,"Hey, I sent my return back four days ago and have not heard anything since. my return was received five days ago but the refund of $19.00 still is not back on my card. The order had the Anchor bear canister and some smaller items in it. Thanks.",returns-warranty
T-10350,email,Urgent,"Hello, I cannot open the tracking link for my order without signing in and the sign in page just loops. I paid with the card ending 3254. Hope you can help. — Morgan Silva",account-access
T-10351,chat,Support request,uSPS tracking shows my package has been sitting in Memphis for three days. I need this sorted before the weekend??,shipping
T-10352,email,Question,"Hello Northwind, Why was I charged $89.00 for shipping when the site says orders over $75 ship free. I need this sorted before Friday. Appreciate it. — Riley Chen",billing
T-10353,email,Support request,"Hey, Can you hold the shipment at a USPS pickup point instead of delivering to my door. Order number is NW-76170 if that helps. Thanks in advance.",shipping
T-10354,chat,Need assistance,i paid $149.50 extra for two day shipping and it has been two days. ir eceived someone else's package with my label on it - i assume they have my ridgeline 4p tent?,shipping
T-10355,webform,Damaged product,"resending this - Hi there, Is the Lumen 800 headlamp still returnable if I used it once.",returns-warranty
T-10356,email,Need assistance,"Hi, The tracking ppage says delivered but there is no package anywhere att my address .I have been a customer for years anu this is the first problem I have had. Please advise.",shipping
T-10357,webform,Urgent,"Good morning, The verification link in the signup email says it has expired. I already looked through the help center and could not find an answer. Hope you can help.",account-access
T-10358,webform,Login trouble,"Hi there, The verification link in the signup email says it has expired. I already looked through the help center and could not find an answer. Thanks in advance.",account-access
T-10359,email,Care instructions,"Hi, Can I machine wash the Merino trail socks or is it dry clean only. I paid with the card ending 6187.",product-question
T-10360,email,Order status,"Hi, UPS tracking shows my package has been sitting in customs for over two weeks. the verification link in the signup email says it has expired. The package was a gift for a friend. Thanks in advance.",shipping
T-10361,email,Help,"Good morning, You split my order into two shipments and only one has any tracking movement. I have been a customer for years and this is the first problem I have had. Appreciate it. — Avery Okafor",shipping
T-10362,webform,Package missing,"Hi, My refund was approved but the replacement Puffin down vest still has no tracking number. the ppassword reset email never arrives - i have checked spam several times. i cannot log in to my account - it keesp saying my password is wrong even after i reset it. The order had the Otter dry bag and some smaller items in it. Hope you can help.",shipping
T-10363,email,Support request,"Hey ,Te pole on my Halo climbing helmet snapped after one trip - I want to make a warranty claim. I tried calling but the wait time was over 20 mfnutes. Plese advise. — Jamie Kaur",returns-warranty
T-10364,chat,Question,can the Voltpack 20K power bank charge the Aurora camp lantern over USB. I tried calling but the wait time was over 30 minutes??,product-question
T-10365,email,Support request,"Hello, The estimated delivery on my order keeps moving - it has changed three times this week. when will the lumen 800 headlamp be back in stock in large. This is for an upcoming canoe trip. Thanks in advance. — Dana Ortiz",shipping
T-10366,email,Help,Please cancel the exchange on order NW-47879 - I just want my money back on the return instead. I already looked through the help center and could not find an answer.,returns-warranty
T-10367,webform,Refund not received,"Hi there ,You charged the wrong card - the order should ahve gone on the card ending 6664. I already looked through theh elp center and culd not find an answer. Appreciate it.",billing
T-10368,email,Need assistance,"Hey, My account shows an order I already cancelled and the charge is still pending on my card. Please advise.",billing
T-10369,webform,Need assistance,My return was received ten days ago but the refund of $24.99 still is not back on my card. can you hold the shipment at a fedex pickup point instead of delivering to my door. I already looked through the help center and could not find an answer. Thanks.,billing
T-10370,chat,Help,you charged the wrong card - the order should have gone on the card ending 4243. I tried calling but the wait time was over 20 minutes.,billing
T-10371,chat,Help,My gift card balance shows $312.00 but checkout would not let me use it. I paid with the card ending 1118.,billing
T-10372,email,Double charged,"following up - Hello Northwind, My gift card balance shows $249.59 but checkout would not let me use it. I contacted you last week about tihs and never heard back. Appreciaet it. — Avery Haddad",billing
T-10373,email,Urgent,please call me back 391-555-4567,shipping
T-10374,chat,Urgent,my exchage shpped but tracking says it is going back t you instead of to me??,returns-warranty
T-10375,webform,Quetsion,Is the Torrent rain jacket actually waterproof or just water resistant. I placed the order about ten days ago. Thanks in advance.,product-question
T-10376,webform,Returnn label,"Good morning, My exchange shipped but tracking says it is going back to you instead of to me. Appreciate it.",returns-warranty
T-10377,webform,Urgent,"Hello, Can I get an itemized receipt or invoice for order NW-43693 - I need it for taxes. I already looked through the help center and could not find an answer.",billing
T-10378,webform,Delivery problem,"Hi there, Where is my order? The Drifter paddle was supposed to arrive last Friday. Please advise.",shipping
T-10379,webform,Need assistance,"Hi there, The estimated delivery on my order keeps moving - it has changed three times this week. I contacted you last week about this and never heard back. Please advise.",shipping
T-10380,webform,Porblem with my order,Please cancel my Trail Club membership - I am still being billed $12.99 a month. I placed the order during the sale. Thanks.,billing
T-10381,webform,Need assistance,My order history disappeared after I merged my old account with my new email. please cancel the exchange on order nw-79366 - i just want my monney back on the return instead. how do i get a return shipping label for order nw-71551. I need this sorted before the weekend. Please advise.,account-access
T-10382,chat,Where is my order,if I refuse the package at delivery do I still have to pay return shipping. the return label you emailed me shows the wrong delivery address for the warehouse??,shipping
T-10383,email,Need assistance,"Good morning, I want to returnt he Basecamp camp chair from order NW-73672 for a refund. The order had the Trailhead hiking boots and some smaller items n it. Please advise. — Rowan Nguyen",returns-warranty
T-10384,email,Support request,"Hi there, My package arrived with the box torn open and the Ember camp stove inside looks damaged. can thl voltpack 20k power bank charge the lumen 400 headlamp voer usb. is the torrent rain jacket actually waterproof or just water resistant. I placed the order about ten days ago.",shipping
T-10385,email,Support request,"Hello, I keep getting logged out every time the app updates. I contacted ou lkst week about thi and never heard back. Thanks. — ordan Okafor",account-access
T-10386,email,Compatibility question,"Hey, When will the Aurora cap lantern be back in stock in size 10. I contacted yo a few days ago aboutt his annd never heard back. Thanks.",product-question
T-10387,chat,Help,You split my order into two shipments and only one has any tracking movement. I paid with the card ending 1374??,shipping
T-10388,chat,Problem with my order,if I refuse the package at delivery do I still have to pay return shipping. I paid with the card ending 3166.,shipping
T-10389,email,Problem with my order,"Hi, Only half of order NW-59440 showed up - the Cascade 20 sleeping bag is mising from the box. Hoe you can help.",shipping
T-10390,chat,Order status,i need the Trailhead trail runners before Saturday - can you expedite shqpping. I contacted you last week about this and never heard back,shipping
T-10391,chat,Billing question,you refunded the item but no the riginal shipping cost on order NW-45535. my package arrived with the box soaked and the trailhead trail runners inside looks damaged,billing
T-10392,chat,2FA problem,my account seems to be locked after too many login attempts,account-access
T-10393,email,Help,I am past the 30 day window but the Lumen 400 headlamp has a manufacturing defect - does the warranty cover it. I contacted you a few days ago about this and never heard back. Hope you can help. — Jordan Silva,returns-warranty
T-10394,email,Urgent,"Hi there, What is your return policy on sale items like the Cascade 0 sleeping bag. Thank you. — Avery Kaur",returns-warranty
T-10395,email,Urgent,"Hi, Is the Torrent rain jacket actually waterproof or just water resistant. Order number is NW-58922 if that helps. Thanks in advance.",product-question
T-10396,webform,Compatibility question,Do the Trailhead ihking boots run true to size - I am usually a 10.5. I have been a customer for years and this is the first problem I have had. Please advise.,product-question
T-10397,chat,Question,My package arrived with the box torn open and the Merino trail socks inside looks okay. Order number is NW-53709 if that helps,shipping
T-10398,webform,Urgent,Please cancel my Trail Club membership - I am still being billed $9.99 a month. Thanks.,billing
T-10399,email,Question,"Hi, My order NW-76580 was placed two days ago and the tracking still says label created. Appreciate it.",shipping
T-10400,email,Order not delivred,"Hello, My package arrived with theb ox torn open and the Ridgeline 2P tent inside looks okay. I placed the order during the sale. Thank you.",shipping
T-10401,email,Help,"Hello, How do I get a return shipping label for order NW-62570 .I placed the order on th 3rd. Hope you can help. — Taylor Ortiz",returns-warranty
T-10402,webform,Help,"Hi, Where is my oredr? The Riverbends andals was supposed to arrive on Monday. I have been a customer for a long time andt hhis is the first problem I have had.",shipping
T-10403,webform,Login trouble,"Hi there, How do I change the email address on my account - I no longer have access to the old one. I need this sorted before the end of the month. Appreciate it.",account-access
T-10404,email,Prbolem with my order,"Good morning, Do the Trailhead hiking boots run wide - I am usually a 9.5. I paid with the card ending 9173. Appreciate it. — Jamie Chen",product-question
T-10405,webform,Help,"Hi there, You split my order into two shipments and only one has any tracking movement. I contacted you a few days ago about this and never heard back. Hope you can help.",shipping
T-10406,webform,Urgent,"Hi, Does the Drifter 10 kayak ever go on sale - it wwas cheaper during the last promo. The order had the Ridgeline 4P tent and some smaller items in it. Hope yu can help.",product-question
T-10407,email,Login trouble,"Hello Northwind, I changed phones and can no longer get the two factor authentication code. I have been a customer for years and this is the first problem I have had. Thanks in advance. — Taylor Larsen",account-access
T-10408,email,Urgent,"Good morning, Only half of order NW-75436 showed up - the Puffin down vest is missing from the box.",shipping
T-10409,chat,Product question,Is tha Torrent rain pants actually waterproof or just water resistant. This is for an upcoing backpacking trip.,product-question
T-10410,email,Cannot log in,"Good morning, I keep getting logged out every time the app updates. Thank you.",account-access
T-10411,email,Sizing questton,"Hello, How long does the Lume n400 headlamp run on a full charge at the highest brightness. I already looked through the help center and could not find an answer. Thanks. — Sam Whitfield",product-question
T-10412,webform,Product question,"Hello Northwind, Is the Ridgeline 2P tent a true 4-season tent or more of a summer shelter. i was charged a restocking fee of $249.99 on my return - nothing on the site mentioned that. Appreciate it.",product-question
T-10413,email,Help,"Hey, Customs is asking me to pay $312.95 in import fees for order NW-63123 - was that supposed to happen. I have been a customer for a long time and this is the first problem I have had. Thanks. — Quinn Whitfield",shipping
T-10414,email,Sizing question,"Good morning, What fuel does the Ember camp stove take and can I fly with the canister. the verification link in the signup email says it has expired. the verification link in the signup email says it has expired. Order number is NW-73198 if that helps. Hope you can help. — Jordan Novak",product-question
T-10415,webform,Urgent,"Hey, What is the temperature rating on the Cascade 20 sleeping bag really good down to. I paid with the card ending 7633. Thank you.",product-question
T-10416,chat,Support request,my account shows an order I already cancelled and the charge is still pending on my card. I need this sorted before the end of the month.,billing
T-10417,webform,Problem with my order,"Hi, Can I change the delivery address on order NW-72512 before it ships. i was charged twice for order nw-59242 - there are two $149.99 charges on my card. Order number is NW-53871 if that helps.",shipping
T-10418,email,Help,"Hey, My exchange shipped but tracking says it is going back to you instead of to me. Thanks in advance. — Taylor Nguyen",returns-warranty
T-10419,webform,Urgent,"Hello Northwind, Please delete my account and all my personal data. how long doe sshipping usually take to hawaii if i order the otter dry bag today. The order had the Lmuen 400 headlamp and some smaller items in it. Thanks.",account-access
T-10420,email,Help,"Hello Northwind, My order history disappeared after I merged my old account with my new email. The package was a gift for my daughter. Appreciate it. — Jamie Kim",account-access
T-10421,email,Problem with my order,"Hi there, Will the Dayhike 22 backpack fit a bear canister. This is for an upcoming thru-hike.",product-question
T-10422,webform,Need assistance,"Hi, The tracking page says delivered but there is no package anywhere at my address. I need this sorted before the end of the month. Appreciate it.",shipping
T-10423,chat,Compatibility question,Is the Rideline 2P tent a rtue 4-season tent or more of a summer shelter.I  placed the order on the 3rd?,product-question
T-10424,webform,Urgent,"Hi there, I changed phones and can no longer get the two factor authentication code. there is a charge from northwind on my statement for $89.50 tha ti do not recognize. Please advise.",account-access
T-10425,webform,Urgent,"Hi, I changed phones and can no longer get the two factor authentication code. you charged the wrong card - the order should have gone on the card ending 7736. I contacted you a few days ago about this and never heard back. Please advise.",account-access
T-10426,chat,Before I buy,How long does shipping usually take to Canada if I order the Firefly bug net today. I placed the order during the sale,product-question
T-10427,webform,Urgent,"resending this - Hi, I think someone else has been using my account - there is an order in my history I never placed. I already looked through the help center and could not find an answer. Thank you.",account-access
T-10428,webform,(no subject),sent from my phone. Jordan,account-access
T-10429,chat,Urgent,the price of the Trailhead hiking boots dropped to $149.99 the day after I bought it - do you do price adjustments.,billing
T-10430,email,Urgent,I cancelled order NW-64619 minutes after placing it but the charge of $312.00 still went through. I paid with the card ending 1423. — Casey Ortiz,billing
T-10431,chat,Question,i think someone else has been using my account - there is an order in my history I never placed. do the trailhead hiking boots run narrow - i am usually a 10.5??,account-access
T-10432,chat,Sizing question,Can I machine wash the Merino trail socks or is it dry clean only??,product-question
T-10433,webform,Help,"Good morning, I sent my return back ten days ago and have not heard anything since. I tried calling but the wait time was over 20 minutes.",returns-warranty
T-10434,webform,Late order,"Hi there, The invoice in the box lists a Ember fuel canister that is not what I was charged for online - which one is actually shipping to me. I need this sorted before the end of the month. Thanks.",shipping
T-10435,chat,Where is my order,where is my order? The Glacier 45 cooler was supposed to arrive on Monday. i sent my return back three days ago and have not heard anything since?,shipping
T-10436,email,Need assistance,"Good morning, I am past the 30 day window but the Aurora camp lantern has a manufacturing defect - does the warranty cover it. The order had the Ember camp stove and some smaller items in it. Thanks.",returns-warranty
T-10437,chat,Order not delivered,customs is asking me to pay $79.95 in import fees for order NW-69433 - was that supposed to happen. This is for an upcoming family trip.,shipping
T-10438,chat,Support reuqest,Customs is asking me to pay $64.00 in import fees for order NW-56205 - was that supposed to happen?,shipping
T-10439,webform,Quedtion,"Good morning, Can I change the delivery address on order NW-58332 before it ships. Order number is NW-72259 if that helps. Appreciate it.",shipping
T-10440,email,Order status,"Hello Northwind, The estimated delivery on my order keeps moving - it has changed three times this week. I paid with the card ending 8584. Please advise.",shipping
T-10441,chat,Need assistance,I changed phones and can no longer get the two factor authentication code. can i machine wash the puffin down vest or is it dry clean only,account-access
T-10442,email,Question,"Hi there, My order history disappeared after I merged my old account with my new email. The package was a gift for my son. Thanks.",account-access
T-10443,webform,Membrship billing,"Hi, I cancelled order NW-51599 minutes after placing it but the charge of $79.50 still went through. is the windbreak fleece still returnable if i opened the packaging. i want to return the drifter 10 kayak i bought with the trail15 promo code - do i get the full price or the discounted price back. Thanks in advance.",billing
T-10444,webform,Help,"Hi, I sent my return back over two weeks ago and have not heard anything since. I placed the order duriing the sale.",returns-warranty
T-10445,email,Help,"Hi, I as charged sales tax on order NW-69963 but my statee does not tax clothign .Please advise.",billing
T-10446,webform,Need assistance,"Hey, What is your return policy on sale items like the Lumen 800 headlamp. This is for an upcoming bakpacking trip.",returns-warranty
T-10447,chat,Problem with my order,You split my order into two shipments and only one has any tracking movement?,shipping
T-10448,chat,Wrong item received,How do I get a return shipping label for order NW-71542. Order number is NW-44650 if that helps,returns-warranty
T-10449,email,Support request,"Good morning, Only half of order NW-79367 showed up - the Cirrus trekking poles is missing from the box. The package was a gift for my daughter. Thanks. — Taylor Chen",shipping
T-10450,email,Question,"Hi there, Is there a charge for the Trail Club membership that comes up at checkout. Please advise.",product-question
T-10451,chat,Urgent,I changed phones and can no longer get the two factor authentication code. i was charged twice for order nw-45436 - there are two $35.99 charges on my card.,account-access
T-10452,webform,Question,"Hello Northwind, I returned the Ridgeline 4P tent and the refund I got was $64.50 short of what I paid. Thanks in advance.",billing
T-10453,webform,Help,"Hello Northwind, I cancelled order NW-58256 an hour after placing it but the charge of $19.95 still went through. I contacted you last week about this and never heard back. Thanks in advance.",billing
T-10454,email,Question,"Hey, The tracking page says delivered but there is no package anywhere at my address. The order had the Ridgeline 2P teent and some smaller items in it. Apprecdatte it. — Reese Silva",shipping
T-10455,email,Where is my order,"Hello Northwind, Where is by order? The Trailhead hiking booots was supposed to arrive last Friday. This is for an ucoming canoe trip. — lex Ortiz",shipping
T-10456,webform,Support request,"Hello, The return label you emailed me shows th ewrong delivery address for the warehouse. I hlaced the order about ten days ago. Hope you can help.",returns-warranty
T-10457,webform,Damaged product,"Hello Northwind, Is the Cascade 20 sleeping bag still returnable if I took the tags off. how long does shipping usually take to canada if i order the ember camp stove today. I placed the order on the 3rd. Thanks in advance.",returns-warranty
T-10458,email,Problem with my order,"second time sending this. Hi there, The Riverbend sandals does not fit - how do I exchange it for the wide version. why was i charged $214.50 for shipping when the site says orders over $75 ship free. i returned the merino trail socks and the refund i got was $312.95 short of what i paid. Thanks. — Jordan Kaur",returns-warranty
T-10459,email,Double charged,"Hello, Can I get an itemized receipt or invoice for order NW-47091 - I need it for taxes. Hope you can help. — Quinn Whitfield",billing
T-10460,webform,Urgent,"Hi, I think someone else has been using my account - there is an order in my history I never placed. I already looked through the help center and could not find an answer. Thank you.",account-access
T-10461,webform,Quetion,"Hello Northwind, Is the Ridgeline 2P tent a true 4-season tent or more of a summer shelter. The package was a gift for my partner. Appreciate it.",product-question
T-10462,webform,Urgent,"Hello, Only hal fof order NW-54712 showed up - the Torrent rain jacket is missing from the bxo. This is for an upcoming thru-hike. Please advise.",shipping
T-10463,chat,Support request,you charged the wrong card - the order should have gone on the card ending 2481. I have been a customer for three seasons and this is the first problem I have had.,billing
T-10464,webform,Question,"Hello Northwind, Can I machine wash the Windbreak fleece or is it dry clean only. Please advise.",product-question
T-10465,chat,Return status,The Slate sunglasses showed up defective straight out of the box and I want a replacement. I placed the order on the 3rd?,returns-warranty
T-10466,email,Help,"Hi, Is the Torrent rain jacket actually waterproof or just water resistant. The package was a gift for a friend. Thanks. — Quinn Silva",product-question
T-10467,email,Invoice request,The price of the Lumen 800 headlamp dropped to $249.50 the day after I bought it - do you do price adjustments. when i log in my order history shows someone else's orders and charges. i cannot log in to my account - it keeps saying my password is wrong even after i reset it. I placed the order last week. Hope you can help. — Devon Garcia,billing
T-10468,webform,Help,The return label you emailed me shows the wrong delivery address for the warehouse. I paid with the card ending 7154.,returns-warranty
T-10469,webform,Need assistance,"Hi there, Please delete my account and all my personal data. Appreciate it.",account-access
T-10470,email,Order not delivered,"Good morning, Where is my order? The Trailhead hiking boots was supposed to arrive yesterday. why was i charged $249.00 for shipping when the site says orders over $75 ship free. I need this sorted before the weekend. Thank you. — Taylor Brooks",shipping
T-10471,chat,Invoice request,why was I charged $118.50 for shipping when the site says orders over 7$5 ship free. I contacted you last weeek about this and never heard back,billing
T-10472,webform,Support request,"Hey, Is there a charge for the Trail Club membership that comes up at checkout. i returned the puffin down vest and the refund i go was $64.50 short of what i paid. my account shows an order i already cancelled and the charge is still pending on my card. I have been a customer for years and this is the first problem I lave had.",product-question
T-10473,chat,Problem with my order,Will the Dayhike 22 backkpack fitt  3L water bladdr??,product-question
T-10474,chat,Need assistance,I was charged twice for order NW-73071 - there are two $42.99 charges on my card. I paid with the card ending 5949?,billing
T-10475,webform,Tracking question,"Hello, I paid $19.95 extra for two day shipping and it has been ten days. how do i change the email address on my account - i no longer have access to the old one. please delete my account and all my personal data.",shipping
T-10476,chat,Problem with my order,uPS tracking shows my package has been sitting in Memphis for a week. The package was a gift for my son.,shipping
T-10477,webform,Compatibility question,"Hi there, What fuel does the Ember camp stove take and can I fly with the canister. the email receipt went to my old address - i need to update where my invoices get sent. Thanks in advance.",product-question
T-10478,chat,Need assistance,When I log in my order history shows someone else's orders and charges. This is for an upcoming thru-hike,account-access
T-10479,email,Help,"Hello, Can you hold the shipment at a DHL pickup point instead o delivering to my door. I already looked through the help centr and could not find an answer. Please advise.",shipping
T-10480,webform,Problem with my order,"Hello, My order NW-47034 was placed two weeks ago and the tracking still says label created. This is for an upcoming thru-hike. Please advise.",shipping
T-10481,chat,2FA problem,i think someone else has been using my account - there is an order in my history I never placed,account-access
T-10482,webform,Problem with my order,"Hey, I want to return the Riverbend sandals from order NW-59171 for a refund. only half of order nw-48983 showed up - the trailhead trail runners is missing from the box. the estimated delivery on my order keeps moving - it has changed twice this week. The order had the Torrent rain pants and some smaller items in it. Appreciate it.",returns-warranty
T-10483,email,Care instructions,"Hello Northwind, When will the Summit 65 backpack be back in stock in the green colour. This is for an upcoming family trip. — Taylor Silva",product-question
T-10484,email,Product question,"Hey, What is the temperature rating on the Cascade 0 sleeping bag really good down to. The order had the Cascade 0 sleeping bag and some smaller items in it. Thanks.",product-question
T-10485,email,Question,How do I change the email address on my account - I no longer have access to the old one. The package was a gift for my son. Thanks. — Dan Ortiz,account-access
T-10486,webform,Return status,"Hello Northwiind, I received someoni else's package with my label on it - I assume they have my Ridgeline 4P tent.T hank you.",returns-warranty
T-10487,email,Need assistance,"Good morning, Is the Lumen 800 headlamp still returnable if I took the tags off. I need this sorted before Friday. Please advise.",returns-warranty
T-10488,chat,Need assistance,you refunded the item but not the original shipping cost on order NW-54248. I have been a customer for a long time and this is the first problem I have had,billing
T-10489,chat,Question,the price of the Merino trail socks dropped to $79.00 the day after I bought it - do you do price adjustments. does the ridgeline 2p tent come with a repair kit?,billing
T-10490,webform,Support request,Please cancel my Trail Club membership - I am still being billed $12.99 a month. I paid with the card ending 2907.,billing
T-10491,email,Delivery problem,"Hello Northwind, Can you hold the shipment at a FedEx pickup point instead of delivering to my door. Thanks.",shipping
T-10492,email,Support request,"Hey, Why was I charged $89.95 for shipping when the site says orders over $75 ship free.",billing
T-10493,email,Promo code problem,"Hello Northwind, Can I get an itemized receipt or invoice for order NW-74203 - I need it for my expense report. I contacted you a few days ago about this and never heard back. Appreciate it.",billing
T-10494,webform,Shipping delay,"Hello Northwind, The invoice in the box lists a Anchor bear canister that is not what I was charged for online - which one is actually shipping to me. does the ember fuel canister ever go on sale - it was cheaper during the last promo. does the ridgeline 2p tent come with a warranty. Order number is NW-55715 if that helps. Please advise.",shipping
T-10495,webform,Support request,"Hi, Is there a charge for the Trail Club membership that comes up at checkout. I contacted you last week about this and never heard back. Hope you can help.",product-question
T-10496,email,Help,"Hi, My refund was approved but the replacement Summit 65 backpack still has no tracking number. i was charged a restocking fee of $118.95 on my return - nothing on the site mentioned that. I tried calling but the wait time was over 20 minutes. Thanks in advance. — Skyler Kim",shipping
T-10497,webform,Delivery problem,"Good morning, If I refuse the package at deliery do I still have to pay return shipping. I have been a customer for years and this is the first problem I have had. Hope you can help.",shipping
T-10498,webform,Question,"Hi, The Otter dry bag showed up scratched straight out of the box and I want a replacement. The order had the Halo climbing helmet and some smaller items in it. Appreciate it.",returns-warranty
T-10499,email,Exchange needed,"Hi, I sent my return back four days ago and have not heard anything since. i cannot log in to my account - it keeps saying my password is wrong even after i reset it. — Skyler Chen",returns-warranty
T-10500,email,Urgent,"Hey, The tracking says my order was delivered but I was charged for shipping insurance I never added. Order number is NW-53010 if that helps. Thanks in advance. — Dana Kaur",billing
T-10501,webform,Support request,"Hi there, The return label you emailed me shows the wrong delivery address for the warehouse. The order had the Drifter paddle and some smaller items in it. Appreciate it.",returns-warranty
T-10502,webform,Problem with my order,"Hello, Cstomss is asking me to pay $118.95 in import fees for order NW-73727 - was that supposed to ahppen.",shipping
T-10503,chat,Problem with my orer,Why was I charged $64.99 for shipping when the site says orders ove r$75 ship free. is the aurora camp lantern still returnable if i used it once??,billing
T-10504,email,2FA problem,"He, The passwordd reset email never arrives - I have checked spam several times. Order number is NW-59282 if that helps. Thanks in advance. — Casey Okafor",account-access
T-10505,chat,Shipping delay,where is my order? The Lumen 800 headlamp was supposed to arrive yesterday.,shipping
T-10506,email,Help,"Hello Northwind, The trackig page says delivered but thege is no package anywhere at my address. is the drifter 10 kayak stable enough for a beginner on a lake. do the trailhead trail runners run true to size - i am usually a 10. This is for an upcoming backpacking trip. Please advise.",shipping
T-10507,chat,Order not deliwered,I need the Ember camp stove before Friday - can you expedite shipping. my return was received a week ago but the refund of $129.00 still is not back on my card?,shipping
T-10508,chat,Late order,I paid $19.99 extra for two day shipping and it has been two weeks. The order had the Ridgeline 4P tent and some smaller items in it??,shipping
T-10509,chat,Membership billing,The tracking says my order was delivered but I was charged for shipping insurance I never added.,billing
T-10510,email,Urgent,"Hello Northwind, How do I change the email address on my account - I no longer have access to the old one. Thanks.",account-access
T-10511,email,Need assistance,DHL tracking shows my package has been sitting in Louisville for over two weeks. does the otter dry bag come with a rainfly. The order had the Merino trail socks and some smaller items in it. Please advise.,shipping
T-10512,chat,Need assistance,The tracking page says delivered but there is no package anywhere at my address. I tried calling but the wait time was over 30 minutes,shipping
T-10513,email,Compatibility question,"Hi there, Is there a charge for the Trail Club membership that comes up at checkout. — Rowan Nguyen",product-question
T-10514,email,Need assistance,"Hi, Where is my order? The Dayhike 22 backpack was supposed to arrive yesterday. The order had the Cirrus trekking poles and some smaller items in it. Hope you can help. — Kai Garcia",shipping
T-10515,webform,Help,"Hey, You charged the wrong card - the order should have gone on the card ending 9147. I contacted you a few days ago about this and never heard back. Thank you.",billing
T-10516,chat,Order status,I paid $19.00 extra for two day shipping and it has been five days.,shipping
T-10517,chat,Support request,When I log in my order history shows someone else's orders and charges.,account-access
T-10518,webform,Help,"Hi there, What is your return policy on sale items like the Dayhike 22 backpack. Thank you.",returns-warranty
T-10519,chat,Charge I do not recognize,you charged the rrwong card - the order should have gone on the card ending3 230. Order number iss NW-56103 if that helps??,billing
T-10520,email,Support request,Where is my order? The Trailhead hiking boots was supposed to arrive yesterday. The package was a gift for my daughter. Thanks in advance. — Rowan Silva,shipping
T-10521,email,Delivery problem,"Hello Northwind, Can you hold the shipment at a FedEx pickup point instead of delivering to my door. Order number is NW-56640 if that helps. Thanks. — Sam Chen",shipping
T-10522,email,Queston,Where is my order? The Riverbend sandals was supposed to arrive yesterday. Order number is NW-44480 if that helps. Appreciate it.,shipping
T-10523,email,Support request,"Hello Northwind, The Dayhike 22 backpack shoowed up with a broken clip straight out of the box and I want a replacement. Thank you. — Casey Brooks",returns-warranty
T-10524,email,Where is my order,"following up - Hello Northwind, The estimated delivery on my order keeps moving - it has changed three times this week. Order number is NW-73003 if that helps. Thank you. — Avery Kim",shipping
T-10525,email,Compatibility question,"Hi there, Does the Windbreak fleece ever go on sale - it was cheaper during the last promo. This is for an upcoming family trip. Hope you can help. — Reese Ortiz",product-question
T-10526,webform,Support request,The tracking page says delivered but there is no package anywhere at my address. Thank you.,shipping
T-10527,chat,Help,Can you hold the shipment at a USPS pickup point instead of delivering to my door. I have been a customer for years and this is the first problem I have had.,shipping
T-10528,email,Before I buy,"Hello Northwind, Can the Voltpack 20K power bank charge the Aurora camp lantern over USB. my return was received two days ago but the refund of $64.95 still is not back on my card. I paid with the card ending 7572. — Jamie Novak",product-question
T-10529,chat,Support request,customs is asking me to pay $249.95 in import fees for order NW-73619 - was that supposed to happen. This is for an upcoming family trip??,shipping
T-10530,webform,Order not delivered,"Hi, My order NW-41684 was placed two weeks ago and the tracking still says label created. I paid with the card ending 8384. Thank you.",shipping
T-10531,chat,Exchange needed,Please cancel the exchange on order NW-54566 - I just want my money back on the return instead. I paid with the card ending 2495.,returns-warranty
T-10532,webform,Tracking question,"Good morning, Ca nIc hange the delivery address on order NW-60646 beforei t ships. Thanks.",shipping
T-10533,email,Question,"Hi there, Is there a charge for the Trail Club membershipt hat comes up at checkout. The order had the Cirrus trekking poles and some smaller items in it.",product-question
T-10534,webform,Damaged product,"Good morning, I was charged a restocking fee of $214.95 on my return - nothing on the site mentioned that. if the basecamp camp chair does not fit can i return it for free or is return shipping on me. when will the torrent rain jacket be back in stock in size 10.",returns-warranty
T-10535,email,Delivery problem,"Good morning, The tracking page says delivered bu tthere is no package anywere at myy address. Thank ou. — Avery Okafor",shipping
T-10536,chat,Return request,How do I get a return shipping label for order NW-54369. The order had the Cascade 0 sleeping bag and some smaller items in it?,returns-warranty
T-10537,email,Question,"Good morning, You refunded the item but not the original shipping cost on order NW-65534. I placed the order during the sale. Please advise. — Rowan Patel",billing
T-10538,email,Delivery problem,"Good morning, Can you hold the shipment at a USPS pickup point instead of delivering to my door. the password reset email never arrives - i have checked spam several times. I paid with the card ending 6444. Appreciate it.",shipping
T-10539,email,Help,"Hello Northwind, My refund was approved but the replacement Dayhike 22 backpack still has no tracking number. The order had the Halo clmbingh elmet and some smaller items in it. Thanks in advance.",shipping
T-10540,webform,Order ctatus,"Hello Northwind, My order NW-43172 was placed two days ago and the tracking still says label created. Thank you.",shipping
T-10541,chat,Defective item,I want to return the Merino trail socks from order NW-44407 for a refund,returns-warranty
T-10542,email,Billing question,"Hi, I returned the Glacier 45 cooler and the efund I got was $118.50 short of what I paid. I have been a csutomer for years and this is the first problem I have had. Thank you.",billing
T-10543,email,Need assistance,"Hey, I need the Voltpack 20K power bank before Friday - can you expedite shipping. I contacted you last week about this and never heard back. Thanks.",shipping
T-10544,chat,Problem with my order,you split my order into two shipments and only one has any tracking movement. I paid with the card ending 1939.,shipping
T-10545,chat,Order not delivered,You split my order into two shipments and only one has any tracking movement. This is for an upcoming thru-hike.,shipping
T-10546,webform,Question,Where is my order? The Torrent rain pants was supposed to arrive last Friday. how do i get a return shipping label for order nw-72334. what is your return policy on sale items like the ember camp stove. I need this sorted before the end of the month.,shipping
T-10547,email,Password reset not woring,"Hello, I keep getting loged out every time th eapp updates. I placed the order about ten dyas ago. Thanks. — Alex Chen",account-access
T-10548,webform,Support reqest,"Hey, The estimated delivery on my order keeps moving - it has changed three times this week.",shipping
T-10549,chat,Exchange needed,Please cancel the exchange on order NW-58092 - I just want my money back on the return instead,returns-warranty
T-10550,chat,Sizing question,does the Summit 65 backpack come with a repair kit. The order had the Glacier 45 cooler and some smaller items in it.,product-question
T-10551,chat,Charge I do not recognize,the promo code SUMMER2 0did not apply at checkouta nd I waas charged fulll price. I need this sorted before the end of the month,billing
T-10552,email,Double charged,"Hi, I returned the Aurora camp lantern and the refund I got was $58.50 short of what I paid. Hope you can help.",billing
T-10553,chat,Password reset not working,i changed phones and can no longer get the two factor authentication code. The order had the Halo climbing helmet and some smaller items in it.,account-access
T-10554,chat,Package missing,my order NW-41948 was placed two weeks ago and the tracking still says label created. please cancel my trail club membership - i am still being billed $12.99 a month?,shipping
T-10555,webform,,?????,product-question
T-10556,webform,Shippping delay,My order NW-44882 was placeed ten days ago anq the tracking still sas labelc reated. This is for an upcoming backpacking trip.,shipping
T-10557,webform,Order not delivered,"Hello Northwind, Customs is asking me to pay $118.00 in import fees for order NW-55916 - was that supposed to happen. I contacted you a few days ago about this and never heard back. Hope you can help.",shipping
T-10558,webform,Change my email,"Good morning, I keep getting logged out every time the app updates. I already looked through the help center and could not find an answer. Appreciate it.",account-access
T-10559,email,Need assistance,"Hello Northwind, The zipper on my Anchor bear canister failed after one trip - I want to make a warranty claim. I already looked through the help center and could not find an answer. Thanks. — Rowan Nguyen",returns-warranty
T-10560,chat,Urgent,What is your return policy on sale items like the Glacier 45 cooler. I have been a customer for a long time and this is the first problem I have had.,returns-warranty
T-10561,email,Need assistance,"Hello, Please delete my account and all my personal data. I already looked through the help center and could not find an answer. Appreciate it. — Casey Haddad",account-access
T-10562,chat,Help,i am past the 30 day vindow but the Glacier 45 cooler has a manufacturizg defect - does the warranty cover it. Order number is NW-44525 if that helps?,returns-warranty
T-10563,webform,Help,"God morning, The buckle on my Merino trail socks broke after one trip - I want to make a warranty claim. I paid with the card ending 5698. Appreiate it.",returns-warranty
T-10564,webform,Account security concern,"Hey, I cannot log in to my account - it keeps saying my password is wrong even after I reset it. The package was a gift for my son. Thank you.",account-access
T-10565,email,Refund not received,"Hello, There is a charge from Northwind on my statement for $35.95 that I do not recognize. I placed the order during the salz. Thank you. — Skylcr Brooks",billing
T-10566,webform,Password reset not working,"Hi there, My order history disappeared afte rI merged my old account with my new email. I contacted you a few days ago about this and never heard back. Thanks.",account-access
T-10567,webform,Help,"Hello, My package arrived with the box soaked and the Windbreak fleece inside looks damaged. can the voltpack 20k power bank charge the lumen 400 headlamp over usb. I need this sorted before the weekend. Please advise.",shipping
T-10568,email,Double charged,"Hello, I cancelled order NW-44618 the same day after placing it but the charge of $42.50 still went through. I contacted you a few days ago about thiss and nnever heard back. Please advise.",billing
T-10569,email,Password reset not working,"Hello, The verification link in the signup email says it has expired. The order had the Cascade 20 sleeping bag and some smaller items in it. Hope you can help. — Dana Kaur",account-access
T-10570,chat,Question,does the Basecamp camp chair come with a warranty. I have been a customer fo ra long time and this is the first problem I have had.,product-question
T-10571,email,Need assistance,"Good morning, My account shows an order I already cancelled and the charge is still pending on my card. I contacted you a few days ago about this and never heard back. Appreciate it. — Alex Patel",billing
T-10572,webform,Problem with my order,"Hello Northwind, The tracking page says delivered but there is no package anywhere at my address. Thank you.",shipping
T-10573,webform,Question,"Hello Northwind, There is a charge from Northwind on my statement for $35.95 that I do not recognize. I have been a customer for three seasons and this is the first problem I have had. Thanks in advance.",billing
T-10574,webform,Urgent,"Hi, Can the Voltpack 20K power bank charge the Lumen 800 headlamp over USB. i cancelled order nw-58098 the same day after placing it but the charge of $149.50 still went through. The package was a gift for my partner. Please advise.",product-question
T-10575,webform,Urgent,"Hi there, If the Puffin down vest does not fit can I return it for free or is return shipping on me. I need this sorted before the end of the month. Thanks.",product-question
T-10576,email,Problem with my order,"Hello, The tracking page says delivered but there is no package anywhere at my address. I contacted you last week about this and never heard back. — Reese Okafor",shipping
T-10577,webform,Question,"Good morning, I think someone else has been using my account - there is an order in my history I never placed. can i get an itemized receipt or invoice for order nw-51331 - i need it for my expense report. I have been a customer for years and this is the first problem I have had. Hope you can help.",account-access
T-10578,chat,Urgent,I received someone else's package with my label on it - I assume they have my Ridgeline 4P tent. I need this sorted before the end of the month.,returns-warranty
T-10579,email,Need assistance,"Good morning, How long does the Lumen 400 headlamp run on a full charge at the highest brightness. I already looked through the help center and could not find an answer. Thanks.",product-question
T-10580,email,Problem with my order,"Hello, My package arrived with the box crushed and the Trailhead hiking boots inside looks okay. — Jordan Novak",shipping
T-10581,email,Help,"Good morning, My refund was approved but the replacement Torrent rain jacket still has no tracking number. Thank you. — Alex Garcia",shipping
T-10582,email,Need assistance,"Hi, Is the Drifter 10 kayak stable enough for a beginner on flat water. Please advise.",product-question
T-10583,webform,Urgent,"resending this - Hello, Only hal fof order NW-54712 showed up - the Torrent rain jacket is missing from the bxo. This is for an upcoming thru-hike. Please advise.",shipping
T-10584,chat,Membership billing,the price of the Merino trail socks dropped to $58.00 the day after I bought it - do you do price adjustments. I placed the order during the sale?,billing
T-10585,webform,Support request,see below. ref NW-44646,product-question
T-10586,email,Need assistance,"Hi, Is the Torrent rain jacket actually waterproof or just water reisstant. Appreciat eit. — Dana Hadad",product-question
T-10587,email,Delivery problem,"Hi there, My refund was approved but the replacement Drifter 10 kayak still has no tracking number. I need this sorted before the end of the month. Thanks in advance.",shipping
T-10588,chat,Question,There is a charge from Northwind on my statement for $129.99 that I o not ecognize. The package was a gift for my daughter.,billing
T-10589,email,Promo code problem,"Hey, My return was received ten days ago but the refund of $214.95 still is not back on my card. Order number is NW-50941 if that helps. Thanks.",billing
T-10590,email,Stock question,"Hello, Is the Ridgeline 2P tent aa true 4-season tent or more of a gummer shelter. This is for an upcoming family trip. Thanksi n advance.",product-question
T-10591,webform,Problem with my order,"Good morning, I was charged twice for order NW-47321 - there are two $19.00 chargeh on my card. I contacted you a few days ao about this andn ever heard byck. Thanks in advance.",billing
T-10592,webform,Suppoit request,"Good morning, I returned the Cascade 20 sleeping bag and the refund  got was $42.99 short of what I paid. I tried calling but the wait time was over 45 minutes.",billing
T-10593,email,Warranty claim,"Hi there, I was charged a restocking fee of $19.95 on my return - nothing on the site mentioned that. Order number is NW-51502 if that helps. Please advise. — Sam Brooks",returns-warranty
T-10594,email,Need assistance,"Hey, Can I gt an itemized receipt or invoice fo rorder NW-65161 - I need it for work. I tried calling but the wait time was over 45 minutes. Thank you.",billing
T-10595,chat,Problem with my rder,Please cancel the exchange on order NW-66216  -I just want my money back on the return instead?,returns-warranty
T-10596,email,Shipping delay,"Hello Northwind, You split my order into two shipments and only one has any tracking movement. I have been a customer for a long time and this is the first problem I have had. Thanks in advance. — Sam Okafor",shipping
T-10597,email,Invoice request,Why was I charged $89.00 for shipping when the site says orders over $75 ship free. The package was a gift for a friend. Thanks in advance. — Avery Larsen,billing
T-10598,email,Double charged,"Hi, The price of the Anchor bear canister dropped to $118.95 the day after I bought it - do you do price adjustments. I paid with the card ending 2414. Thanks. — Alex Novak",billing
T-10599,email,Promo code problem,"Hi, You charged the wrong card - the order should have gone on the card ending 6943. Thank you. — Alex Haddad",billing
T-10600,webform,Urgent,"Good morning, I sent my return back four days ago and have not heard anything since. I contacted you a few days ago about this and never heard back. Hope you can help.",returns-warranty
T-10601,webform,Question,"Good morning, Please delete my account and all my personal data. The package was a gift for a friend. Please advise.",account-access
T-10602,webform,Problem with my order,"Good morning, How long does the Lumen 400 headlamp run on a full charge at the highest brightness. This is for an upcoming backpacking trip. hanks.",product-question
T-10603,webform,Urgent,My package arrived with the box soaked and the Ridgeline 4P tent inside looks okay. Order number is NW-66997 if that helps. Thanks.,shipping
T-10604,email,Compatibility question,What is the temperature rating on the Cascade 20 sleeping bag really good down to. I already looked through the help center and could not find an answer. — Skyler Chen,product-question
T-10605,webform,Support request,"Hello, The Anchor bear canister does not fit - how do I exchange it for the next size down. The package was a gift for my son. Please advise.",returns-warranty
T-10606,chat,Help,my order history disappeared after I merged my old account with my new email. I contacted you a few days ago about this and never heard back,account-access
T-10607,email,Order not delivered,"Hi there, Customs is asking me to pay $149.50 in import fees for order NW-60094 - was that supposed to happen. The package was a gift for my daughter. Appreciate it. — Kai Novak",shipping
T-10608,webform,Question,"Hello Northwind, Is the Drifter 10 kayak stable enough for a beginner on a lake. please delete my account and all my personal data. I tried calling but thee wait time was over 20 minutes. Thank you.",product-question
T-10609,email,Need assistance,"Good morning, The estimated delivery on my order keeps moving - it has changed twice this week. I placed the order about ten days ago.",shipping
T-10610,webform,Need assistance,"Hi, Cusaoms is asking me to pay $19.50 in import fees for order N-75227 - was that suupposed to happen. the promo code welcome10 did not apply at checkout and i was chagred full price. The package was a gift for a friend. Appreciate it.",shipping
T-10611,email,Question,"Good morning, Only half of order NW-73652 showed up - the Aurora camp lantern is missing from the box. I paid with the card ending 9852. Hope you can help. — Kai Kim",shipping
T-10612,email,Damaged product,I want to return the Ember fuel canister I bought with the SUMMER20 promo code - do I get the full price or the discounted price back. my package arrived with the box crushed and the summit 65 backpack inside looks okay. This is for an upcoming canoe trip. Please advise. — Morgan Okafor,returns-warranty
T-10613,email,Where is my order,"Good morning, Can I change the delivery address on order NW-68212 before it ships. i think someone else has been using my account - there is an order in my history i never placed. i cannot log in to my account - it keeps saying my password is wrong even after i reset it. This is for an upcoming backpacking trip. Please advise.",shipping
T-10614,chat,Need assistance,thep romo code SUMEMR20 did not apply at checkout and I was charged full price. I have been a customer for a long time and this is the fiirst problem I have had,billing
T-10615,webform,Question,"Hello Northwind, My account seems to be locked after too many login attempts. Order number is NW-71140 if that helps.",account-access
T-10616,chat,Return label,The return label you emailed me shows the wrong delivery address for the warehouse. The package was a gift for a friend.,returns-warranty
T-10617,email,Return label,"Good morning, Iw ant to return the Drifter 10 kayak I bought with the TRAIL15 promo code - do I get the full price or the discounted prrice back. Please advise.",returns-warranty
T-10618,chat,Support request,I am past the 30 day window but the Aurora camp lantern has a manufacturing defect - does the warranty cover it. I have been a customer for a long time and this is the first problem I have had?,returns-warranty
T-10619,webform,Help,"Hello, What is your return policy on sale items like the Glacier 45 cooler. I paid with the card ending 8948. Thanks in advance.",returns-warranty
T-10620,email,Question,I want to return the Trailhead hiking boots from order NW-68313 for a refund. Thanks in advance. — Morgan Ortiz,returns-warranty
T-10621,webform,Payment issue,"following up - Good morning, The tracking says my order was delivered but I was charged for shipping insurance I never added. I already looked through the help center and could not find an answer. Thank you.",billing
T-10622,email,Problem with my order,"Hey, You charged the wrong card - the order should have gone on the card ending 2425. I placed the order during the sale. Hope you can help.",billing
T-10623,chat,Need assistance,my order history disappeared after I merged my old account with my new email. i was charged twice for order nw-78593 - there are two $89.95 charges on my card.,account-access
T-10624,email,Order status,"Good morning, The invoice in the box lists a Slate sunglasses that is not what I was charged for online - which one is actually shipping to me. I need this sorted before the weekend.",shipping
T-10625,chat,Order not delivered,Can I change the delivery address on order NW-65454 before it ships. I contacted you a few days ago about this and never heard back,shipping
T-10626,email,Order status,"Hey, The estimated delivery on my order keeps moving - it has changed twice this week. I paid with the card ending 7745. Thanks. — Rowan Kaur",shipping
T-10627,chat,Double charged,I returned the Summit 65 backpack an dthe refund I got was $312.00 short of what I paid,billing
T-10628,chat,Need assistance,Where is my order? The Cascade 0 sleeping bag was supposed to arrive on Monday. The package was a gift for my partner.,shipping
T-10629,email,Late order,"Hey, Can I change the delivery address on order NW-77230 before it ships. I contacted you a few days ago about this and never heard back. Thanks.",shipping
T-10630,chat,Stock question,what fuel does the Ember camp stove take and can I fly with the canister. the verification link in the signup email says it has expired?,product-question
T-10631,email,Help,"Hey, DHL tracking shows my package has been sitting in a sort facility for two days. you charged the wrong card - the order should have gone on the card ending 8846. I paid with the card ending 8737. Hope you can help. — Kai Okafor",shipping
T-10632,chat,Problem with my order,I received someone else's package with my label on it - I assume they have my Slate sunglasses. Order number is NW-41130 if that helps,returns-warranty
T-10633,webform,Return status,"Hi there, Is the Windbreak fleece still returnable if I washed it. i need the lumen 400 headlamp before friday - can you expedite shipping. i need the dayhike 22 backpack before saturday - can you expedite shipping. Order number is NW-61356 if that helps. Hope you can help.",returns-warranty
T-10634,webform,Need assistance,"Hi, Where is my order? The Torrent rain jacket was supposed to arrive two days ago. the verification link in the signup email says it has expired. i cannot open the tracking link for my order without signing in and the sign in page just loops. Appreciate it.",shipping
T-10635,chat,Problem with my order,i sent my return back two days ago adn have not heard anything since. please cance my trail club membership - i am stiill bein gbilled $12.99 a month,returns-warranty
T-10636,email,2FA proclem,"Hi there, I cannot open the tracking link for my order without signing in and the sign in page just loops. The package was a gift for my daughter. Hope you can help. — Kai Silva",account-access
T-10637,email,Need assistance,"Good morning, My account shows an order I already cancelled and the charge is still pending on my card. I placed the order about ten days ago. Thank you. — Morgan Nguyen",billing
T-10638,email,Problem with my order,"Goood morning, I cannot log in to my account - it keeps shying my password is wrong even after I reset i.t I paid wit the card ending 7953. Please advise.",account-access
T-10639,chat,Quetsion,following up - if I refuse the package at delivery do I still have to pay return shipping. This is for an upcoming canoe trip??,shipping
T-10640,email,Resurn request,"Hey, I am past the 30 day window but the Voltpack 20K power bank has a manufacturing defect - does the warranty cover it. Order number is NW-72196 if that helps. Thank you. — Taylor Patel",returns-warranty
T-10641,chat,Support request,the verification link in the signup email says it has expired. is the torrent rain jacket actually waterproof or just water resistant?,account-access
T-10642,chat,Warranty claim,I want to return the Merino trail socks from order NW-58748 for a refund. The order had the Halo climbing helmet and some smaller items in it??,returns-warranty
T-10643,email,Urgent,"Hi, When will the Ridgeline 2P tent be back in stock in the 2-person size. The order had the Firefly bug net and some smaller items in it. — Riley Patel",product-question
T-10644,email,Help,"Hello Northwind, If I refuse the package at delivery do I still have to pay return shipping. I need this sorted before Friday. Please advise. — Rowan Nguyen",shipping
T-10645,email,Need assistance,"Good morning, I paid $312.99 extra for two day shipping and it has been four days. Order number is NW-54285 if that helps. — Quinn Whitfield",shipping
T-10646,webform,Order not delivered,My refund was approved but the replacement Ridgeline 4P tent still has no tracking number. you charged the wrong card - the order should have gone on the card ending 4622. you charged the wrong card - the order should have gone on the card ending 5002. Appreciate it.,shipping
T-10647,email,Need assistance,"Hey, Please cancel the exchange on order NW-51742 - I just want my money back ont he return instead. I already looked through the help center and could not find an answer. Thanks in advance. — Taylor Kaur",returns-warranty
T-10648,email,Question,"Hey, Can I change the delivery addresss on order NW-73994 before it ships. This is for an upcoming canoe trip. Hope you can help. — Dana Kim",shipping
T-10649,chat,Support request,if the Ridgeline 2P tent does not fit can I return it for free or is return shipping on me. I already looked through the help center and could not find an answer,product-question
T-10650,email,Question,"Hi, I changed phones and can no longer get the two factor authentication code. I paid with the card ending 1998. Thanks in advance.",account-access
T-10651,webform,Problem with my order,"Hi, How do I get a returc shipping label for order NW-56038 .I need this sorted beofre th eend of the month. Appreciate it.",returns-warranty
T-10652,chat,Problem with my order,i am past the 30 day window but the Cascade 0 sleeping bag has a manufacturing defect - does the warranty cover it. The package was a gift for a friend,returns-warranty
T-10653,chat,Charge I do not recognze,My rturn wwas received three days ago but he refund of $89.50 still is not back on my card.,billing
T-10654,email,Spec question,"Hello Northwind, Is the Drifter 10 kayak stable enough for a beginner on a lake. Appreciate it. — Skyler Brooks",product-question
T-10655,chat,Need assistance,My account shows an oryer I alreday cancelled and the charge is still pending n my card. The order had the Otter dry bg and some smaller items in it?,billing
T-10656,chat,Problem with my order,i sent my return back three days ago and have not heard anything since?,returns-warranty
T-10657,chat,Defective item,the Torrent rain jacket does not fit - how do I exchange it for the wide version. Order number is NW-76371 if that helps??,returns-warranty
T-10658,email,Poduct question,"Hello Northwind, If the Otter dry bag does nott fit can I return it fqr free or is return shipping on me. I need this sorted before Friday. Thanks.",product-question
T-10659,chat,Needa ssistance,The invoice in the box lists a Ridgeline 2P tent that is not what I was charged for online - which one is actually shipping to me. The package was a gift for my daughter,shipping
T-10660,email,Delivery problem,"Hi there, Where is my order? The Ember camp stove was supposed to arrive yesterday. I have been a customer for a long time and this is the first problem I have had. Please advise.",shipping
T-10661,email,Retvrn request,"Hello Northwind, What is your return policy on sale items like the Lumen 800 headlamp. Please advise. — Sam Whitfield",returns-warranty
T-10662,email,Help,"Hi there, How long does shipping usually tke to a PO box if I order the Dayhike 22 backpack today. I tried calling but hte wait time was over 20 minutes. Thank you. — Alex Garcia",product-question
T-10663,chat,Need assistance,the promo code TRAIL15 did not apply at checkout and I was chraged full price. I tried calling but the wait time was over 45 minutes.,billing
T-10664,email,Package missing,"Hey, The invoice in the box lists a Otter dry bag that is not what I was charged for online - which one is actually shipping to me. I need this sorted before the end of the month. — Kai Kaur",shipping
T-10665,webform,Problem with my order,The email receipt went to my old address - I need to update where my invoices get sent. Order number is NW-63454 if that helps. Appreciate it.,account-access
T-10666,webform,Where is my order,"Good morning, Customs is asking me to pay $24.95 in import fees for order NW-68148 - was that supposed to happen. I contacted you a few days ago about this and never heard back. Hope you can help.",shipping
T-10667,webform,Need assistance,"Hello, The tracking says my order was delivered but I was charged for shipping insurance I never added. This is for an upcoming backpacking trip. Please advise.",billing
T-10668,chat,Problem with my order,Whhen I log in my order history shows someone else's orders and charges. do the railhead trail runners run wide - i am usually a 9,account-access
T-10669,email,Shipping delay,The estimated delivery on my order keeps moving - it has changed three times this week. The package was a gift for a friend. Hope you can help. — Quinn Okafor,shipping
T-10670,webform,Stock question,"Hello, How long does the Lumen 400 headlamp run on a full charge at the highest brightness. you refunded the item but not the original shipping cost on order nw-61782. I placed the order about ten days ago.",product-question
T-10671,email,Need assistance,"Good morning, Only half of order NW-55928 showed up - the Merino trail socks is missing from the box. I already looked through the ehlp center and could not find an answe.r — Dana Ortiz",shipping
T-10672,email,Question,"Hello, You sent the wrong item - I orderedt he Torrent rain pants and got a Dayhike2 2 backpack instead.  need this sorted before Friday. Please advise. — Rwan Patel",returns-warranty
T-10673,email,Return label,"Hello Northwind, The return label you emailed me shows the wrong delivery address for the warehouse. — Taylor Ortiz",returns-warranty
T-10674,chat,Help,I received someone else's package with my label on it - I assume they have my Lumen 400 headlamp??,returns-warranty
T-10675,chat,(no subject),sent from my phone. Kai,shipping
T-10676,webform,Wrong item rceeived,"Hey, The Dayhike 22 backpack does not fit - how do I exchange it for the wide version. I placed the order during the sale. Thanks.",returns-warranty
T-10677,email,Problem with my order,"Hello, How long does shipping usually take to Hawaii if I order the Ember fuel canister today. Thank you. — Alex Novak",product-question
T-10678,email,Support request,"Hello, Is there a charge for the Trail Club membership that comes up at checkout. why was i charged $129.50 for shipping when the site says orders over $75 ship free. my gift card balance shows $129.50 but checkout would not let me use it. Thank you. — Quinn Whitfield",product-question
T-10679,chat,Urgent,you refunded the item but not the original shipping cost on order NW-41355. The order had the Cirrus trekking poles and some smaller items in it??,billing
T-10680,chat,Return label,I received someone else's package with my label on it - I assume they have my Ember fuel canister,returns-warranty
T-10681,chat,Urgent,I cannot open the tracking link for my order without signing in and the sign in page just loops. Order number is NW-67159 if that helps.,account-access
T-10682,webform,Need assistance,"Good morning, Is the Torrent rain pnts actually waterproof orj ust watre resistant. The order had the Riverbend sandals and some smaller items in it. Thanks in advance.",product-question
T-10683,chat,Product question,Do the Trailhead trail runners run true to size - I am usually a 10.5. the return label you emailed me shows the wrong delivery address for the warehouse?,product-question
T-10684,email,Urgent,"Hey, You split my order into two shipments and only one has any tracking movement. I contacted you last week about this and never heard back.",shipping
T-10685,email,Beefore I buy,"Hi, Can I machine wash the Puffin down vest or is it dry clean only. I paid with the card ending 5123. Appreciate it. — Riley Novak",product-question
T-10686,chat,Return request,My exchange shipped but tracking says it is going back to you instead of to me.,returns-warranty
T-10687,email,Before I buy,"Good morning, When will the Torrent rain jacket be back in stock in size 10. what is your return policy on sale items like the ember camp stove. I already looked through the help center and could not find an answer. Please advise.",product-question
T-10688,webform,Payment issue,"Hey, I was charged sales tax o norder NW-58915 but my state does not tax clothing. i changed pvones ad caan no longer get the two factor authentication code. The package was a gift for my son. Appreciate it.",billing
T-10689,email,Question,"Good morning, I was charged twice for order NW-70281 - ther are two $79.95 charges on my card. The order hda the Glacier 45 cooler and some smaller items in it. Hope you can help.",billing
T-10690,email,Invoice request,"Hello Northwind, My gift card balance shows $214.50 but checkout oud not let me use it. I paid with the card ending 9971. Hope you can hepl. — Jamie Nguyen",billing
T-10691,chat,Problem with my order,uSPS tracking shows my package has been sitting in customs for over two weeks,shipping
T-10692,email,Wrong item eceived,"Hello, What is your return policy on sale items like the Halo climbing helmet. Hope you can help. — Taylor Okafor",returns-warranty
T-10693,chat,Help,You charged the wrong card - the order should have gone on the card ending 6100. The order had the Windbreak fleece and some smaller items in it?,billing
T-10694,chat,Invoice request,the price of the Trailhead hiking boots dropped to $312.00 the day after I bought it - do you do price adjustments. is there a charge for the trail club membership that comes up at checkout?,billing
T-10695,chat,Care instructions,will the Summit 65 backpack fit a 3L water bladder. I have been a customer for three seasons and this is the first problem I have had??,product-question
T-10696,webform,Need asistance,"Hey, Where is my order? The Ridgeline 4P tent was supposed to arrive two days ago. I paid with the card ending 4672. Thanks in advance.",shipping
T-10697,email,Need assistance,"resending this - Hi there, I paid $249.50 extra for two day shipping and it has been over two weeks. Order number is NW-58228 if that helps. Thank you.",shipping
T-10698,chat,Login trouble,I cannot open the tracking link for my order without signing in and the sign in page just loops. The package was a gift for my son.,account-access
T-10699,chat,Payment issue,why was I charged $24.95 for shipping when the site says orders over $75 ship free. I contacted you a few days ago about this and never heard back??,billing
T-10700,chat,Help,DHL trackinng hsows my ackage has been itting in Louisville for four days,shipping
T-10701,email,Order not delivered,"Hey, My order NW-69237 was placed over two weeks ago and the tracking still says label created. I tried calling but the wait tme was over 30 minutes. Thank you. — Avery Ortiz",shipping
T-10702,email,Help,"Good morning, The Torrent rain pants showed up scratched straight out of the box and I want a replacement. Hope you can help.",returns-warranty
T-10703,chat,Support request,can the Voltpack 20K power bank charge the Aurora camp lantern over USB. This is for an upcoming camping trip.,product-question
T-10704,email,Questiion,The Anchor bear canister showed up scratched straight out of the box and I want a replacement.,returns-warranty
T-10705,chat,Compatibility question,Can I machine wash the Windbreak fleece or is it dry clean only. The order had the Dayhike 22 backpack and some smaller items in it?,product-question
T-10706,email,Help,Does the Dayhike 22 backpack come with a warranty. The package was a gift for my partner. Hope you can help. — Jamie Patel,product-question
T-10707,webform,Urgent,"Hello Northwind, I was charged twice for order NW-72111 - there are two $89.00 charges on my card. This is for an upcoming camping trip. Thanks.",billing
T-10708,webform,Return label,What is your return policy on sale items like the Aurora camp lantern. Thanks in advance.,returns-warranty
T-10709,chat,Urgent,Can the Voltpack 20K poower bank charge the Lumen 80 0headlamp over USB. Order number is NW-41201 ift hat helps,product-question
T-10710,email,Supqort request,"Hello, The Glacier 45 cooler showed up with a broken clpi straight out of the box and I want a replacement. I placed the order on the 3rd. Apreciate it.",returns-warranty
T-10711,chat,Urgent,How long does shipping usually take to Hawaii if I order the Summit 65 backpack today. The package was a gift for my daughter?,product-question
T-10712,email,Problem with my order,"Hello, Where is my orde? The Dayhike 22 backpack was supposed to arrive on Monday. I paid with the card ending 3034. Thanks. — AlexO rtiz",shipping
T-10713,email,Urgent,"Helto, Th eemail receipt went to my old address - I need to update where my invoices get sent. I need this sorted before the end of the month. Thank you.",account-access
T-10714,webform,Where is ym order,"Good morning, If I refuse the package at delivery do I still have to pay return shipping. please cancel the exchange on order nw-66701 - i just want my money back on the return instead. i sent my return back three days ago and have not heard anything since. I paid with the card ending 9804. Thank you.",shipping
T-10715,chat,Support request,i paid $214.50 extra for two day shipping and it has been five days?,shipping
T-10716,email,Help,I need the Otter dry bag before Friday - can you expedite shipping. Order number is NW-67520 if that helps. Hope you can help.,shipping
T-10717,chat,Help,the tracking says my order was delivered but I was charged for shipping insurance I never added. I need this sorted before Friday??,billing
T-10718,webform,Account security concern,"Hello, The email receipt went to my old address - I need to update where my invoices get sent. I need this sorted before the end of the month.",account-access
T-10719,chat,Question,Can I machine wash the Merino trail socks or is it dry clean only,product-question
T-10720,chat,Problem with my order,the invoice in the box lists a Riverbend sandals that is not what I was charged for online - which one is actually shipping to me. I tried calling but the wait time was over 45 minutes??,shipping
T-10721,email,Order status,"Hello Northwind, Customs is asking me to pay $24.00 in import fees for order NW-49984 - was that supposed to happen. the promo code basecamp10 did not apply at checkout and i was charged full price. I placed the order last week. — Rowan Kim",shipping
T-10722,email,Double charged,"Hi there, Please cancel my Trail Club membership - I am still being billed $12.99 a month. I have been a customer for a long time and this is the first problem I have had. Please advise. — Rowan Kaur",billing
T-10723,chat,Billing question,there is a charge from Northwind on my statement for $79.95 that I do not recognize. I contacted you a few days ago about this and never heard back,billing
T-10724,chat,Problem with my order,If I refuse the pacage at delivery do I still have to pay return shipping. the drifter paddle does nott fit - how do i exchange it for the next size up?,shipping
T-10725,email,Question,"Hi there, Is the Ember camp stove stilll returnable if I used it once. This is for an upcoming camping trip. — Quinn Kim",returns-warranty
T-10726,chat,Cannot log in,my order history disappeared after I merged my old account with my new email?,account-access
T-10727,webform,Problem with my order,"Good morning, I returned the Cascade 0 sleeping bag and the refund I got was $129.95 short of what I paid. I already looked through the help center and could not find an answer. Thanks.",billing
T-10728,email,Stock question,"Hi there, What fuel does the Ember capm stove take and can I fly with the canister. Order numbber is NW-48219 if that helps. Thanks. — Devon Garcia",product-question
T-10729,chat,2FA problem,I cannot open the tracking link for my order without signing in and the sign in page just loops. I have been a customer for a long time and this is the first problem I have had,account-access
T-10730,chat,Return request,please cabcel th eexchange on order NW-54872 - I justw ant my money back on the return instead. I contacted you last week about this and never heard back?,returns-warranty
T-10731,email,Help,I think someone else has been using my account - there is an order in my history I never placed. I tried calling but the wait time was over 45 minutes. Please advise. — Skyler Patel,account-access
T-10732,email,Double charged,"Hello, Why was I charged $118.95 for shipping when the site says orders over $75 ship free. I already looked through the help center and could not find an answer. Please advise. — Kai Ortiz",billing
T-10733,webform,Need sasistance,The valve on my Aurora camp lantern snapped after one trip  -I want to make a warranty claim. Order number is NW-41766 if that helps. Thanks in advance.,returns-warranty
T-10734,email,Billing question,"Hey, I returned the Anchor bear canister and the refund I got was $189.99 short of what I paid. I paid with the card ending 1082. Thanks in advance. — Sklyer Whitfield",billing
T-10735,webform,Shipping delay,"Good morning, My package arrived with the box crushed and the Cascade 20 sleeping bag inside looks okay. The order had the Torrent rain pants and some smaller items in it.",shipping
T-10736,chat,Wrong item received,i want to retrn the Cascade 0 sleeping bag I bought with the SUMMER20 ppom code - do I get the full price or the discbunted price back. I placed the order last week.,returns-warranty
T-10737,chat,Cannot log in,I cannot log in to my account - it keeps saying my password is wrong even after I reset it. only half of order nw-60503 showed up - the cascade 20 sleeping bag is missing from the box,account-access
T-10738,webform,Need assistance,Please cancel my Trail Club membership - I am still being billed $9.99 a month. The package was a gift for my partner. Hope you can help.,billing
T-10739,webform,Before I buy,"Hi ,Is the Ridmeline 4P tent a true 4-season tent or more of a summer helter. I paid with the card ending 4237. Thanks.",product-question
T-10740,email,Ned assistance,"Hi, The Cascade 20 sleeping bag does not fit - how do I exchange it for the next size down. The package was a gift for my partner. Thanks. — Devon Okafor",returns-warranty
T-10741,email,Problem with my order,"Hi there, Can the Voltpack 20K power bank charge the Lumen 800 headlamp over USB. my account seems to be locked after too many login attempts. the email receipt went to my old address - i need to update where my invoices get sent. I tried calling but the wait time was over 20 minutes. Please advise. — Reese Whitfield",product-question
T-10742,email,Billing question,I was charged twice for order NW-49786 - there are two $249.95 charges on my card. how do i change the email address on my account - i no longer have access to the old one. Appreciate it.,billing
T-10743,chat,Urgent,the return label you emailed me shows the wrong delivery address for the warehouse. Order number is NW-77797 if that helps?,returns-warranty
T-10744,email,Question,"Hi, I want to return the Slate sunglasses I bought with the TRAIL15 promo code - do I get the full price or the discounted price back. I have been a customer for years and this is the first problem I have had. Thank you. — Rowan Okafor",returns-warranty
T-10745,webform,Wrong item received,"Hi, I was charged a restocking fee of $312.00 on my return - nothing on the site mentioned that. This is for an upcoming family trip. Thanks in advance.",returns-warranty
T-10746,email,Urgent,"Hi, When will the Ridgeline 2P tent be back in stock in the 2-person size. The order had the Firefly bug net and some smaller items in it. — Riley Patel",product-question
T-10747,chat,Help,how do I get a return shipping label for order NW-73425. I paid with the card ending 7242.,returns-warranty
T-10748,email,Problem with my orer,"Hey, Can I change the delivery address on order NW-48510 before it ships. The package was a gift for my son. — Avery Patel",shipping
T-10749,email,Payment isxue,"Hello, The price of the Windbreak fleece dropped to $118.00 the day after I bought it - do you do price adjustments. This is for an upcoming camping trip. Appreciate it. — Taylor Patel",billing
T-10750,email,Spec question,"Hi, How log does shipping usuallly take to Canada if I order the Merino trail socks today. The package was a gift for my daughteer. Thank you.",product-question
T-10751,chat,Help,i paid $79.50 extra for two day shipping and it has been two days?,shipping
T-10752,email,Need assistance,"Hi, Where is my order? The Glacier 45 cooler was supposed to arrive last Friday. I paid with the card ending 5498. Hope you can help. — Rowan Patel",shipping
T-10753,email,Stock question,Can I machine wash the Merino trail socks or is it dry clean only. I tried calling but the wait time was over 20 minutes. Hope you can help.,product-question
T-10754,email,Problem with my order,"Hi there, Only half of order NW-75028 showed up - the Puffin down vest is missing from the box. I have been a customer for three seasons and this is the first problem I have had.",shipping
T-10755,email,Urgent,"Good mornnig, I was charged a restocking fee of $79.95 on my return - nothing on the site mntioned that. I paid with the card ending 6773. Hope you can help. — Kai Nguyen",returns-warranty
T-10756,webform,Problem with my order,"Hey, There is a charge from Northwind on my statement ofr $149.99 that I do no trecognize. what is the temperature rating on the cascade 0 sleeping bag really good down to. is the ridgeline 2p tent a true 4-season tent o rmore of a summer shelter. I have been a customer for a long time and thsi is the first problem I have had.",billing
T-10757,chat,Urgent,do the Trailhead trail runners run narrow - I am usually a 11. please cancel my trail club membership - i am still being billed $9.99 a month??,product-question
T-10758,webform,Warranty claim,"Hello, I am past the 30 day window but the Ember fuel canister has a manufacturing defect - does the warranty cover it. I already looked through the help center and could not find an answer.",returns-warranty
T-10759,webform,Payment issue,"second time sending this. Hey, My gift card balance shows $249.95 but checkout would not let me use it. my order history disappeared after i merged my old account with my new email. I contacted you a few days ago about this and never heard back. Thanks.",billing
T-10760,email,Defective item,"Hello Northwind, My exchange shipped but tracking says it is going back to you instead of to me. — Morgan Whitfield",returns-warranty
T-10761,webform,Support request,"Hello, Does the Merino trail socks come with a warranty. Thanks in advance.",product-question
T-10762,chat,Help,I am past the 30 day window but the Riverbend sandals has a manufacturing defect - does the warranty cover it. ups tracking shows my package has been sitting in a sort facility for over two weeks.,returns-warranty
T-10763,webform,Question,"Hey, Only half of order NW-70651 showed up - the Trailhead hiking boots is missing from the box. This is for an upcoming canoe trip. Appreciate it.",shipping
T-10764,email,Cannot log in,"Hi, The verification link in the signup email says it has expired. I already looked through the help center and could not find an answer. — Casey Kaur",account-access
T-10765,chat,Spec question,is there a charge for the Trail Club membership that comes up at checkout. Order number is NW-52255 if that helps,product-question
T-10766,webform,Double charged,"Hey, Please cancel my Trail Club membership - I am still being billed 9$.99 a month. i cannot log in to my account - it keeps saying my password is wrong even after i reset it. Order number is NW-44162 if that helps. Please advise.",billing
T-10767,email,Membership billing,"Hi there, Please cancel my Trail Club membership - I am still being billed $12.99 a month. This is for an upcoming thru-hike. Hope you can help.",billing
T-10768,email,Urgent,"Hey, Can I change the delivery address on order NW-49754 before it sships. I have been a customr for years and this is the first problem I have had. — Morgan Silva",shipping
T-10769,chat,Damaged product,how do I get a return shipping label for order NW-78984,returns-warranty
T-10770,webform,Change my email,I cannot open the tracking link for my order without signing in and the sign in page just loops. i want to return the basecamp camp chair from order nw-68524 for a refund. what is your return policy on sale items like the riverbend sandals. I have been a customer for a long time and this is the first problem I have had. Appreciate it.,account-access
T-10771,email,Wrong item received,"HelloN orthwind, The return label you emailed me shows the wrong delivery address for the warehouse. I paid with the card ending 9040. Thanks .— Taylor Nguyen",returns-warranty
T-10772,webform,Defectiv eitem,"Hello, The pole on my Basecamp camp chair broke after two uses - I want to make a warranty claim. I tried calling but the wait time was over 30 minutes. Appreciate it.",returns-warranty
T-10773,email,Support request,"Good morning, My exchange shipped but tracking says it is going back to you instead of to me. I paid with the card ending 7522. Thank you. — Riley Silva",returns-warranty
T-10774,email,Help,"Hi, My acccount shows an order I laready cancelled ad the charge is still pending on my carrd. I contacted you a few days ago about this and never heard back. Thanks. — Taylor Larsen",billing
T-10775,webform,Help,"Hi, I was charged sales tax on order NW-46371 but my state does not tax clothing. I contacted you a few days ago about this and never heard back. Hope you can help.",billing
T-10776,email,Spec question,"Hello Northwind, How long does the Lumen 800 headlamp run on a full charge at the highest brightness. Thank you. — Jordan Garcia",product-question
T-10777,webform,Where is my orrder,"Good morning, Where is my order? The Riverbend sandals was supposed to arrive two days ago. i cannot log in to my account - it keeps saying my password is wrong even after i reset it. I have been a customer for years and this is the first problem I have had. Please advise.",shipping
T-10778,chat,Change my email,The password reset email never arrivse - I have checked spam several times. I have been a custmoer for three seasons and this s the first proble I have had?,account-access
T-10779,chat,Return label,The Slate sunglasses does not fit - how do I exchange it for the next size up. This is for an upcoming canoe trip.,returns-warranty
T-10780,chat,Damaged prroduct,the Anchor bear canister showed up scratched straight out of the box and I want a replacement??,returns-warranty
T-10781,chat,Need assistnace,my git cardb alance shows $19.50 but checkout would not let me use it. I have been a customer foa a long time and this is the first problem I have had??,billing
T-10782,webform,Need assistance,"Hi, Can I machine wash the Puffin down vest or is it dry clean only. Thanks in advance.",product-question
T-10783,webform,Urgent,"Hi there, You refunded the item but not the original shipping cost on order NW-42576. how do i change the email address on my account - i no longer have access to the old one. I contacted you last week about this and never heard back. Please advise.",billing
T-10784,email,Double charged,"Hi, I was charged sales tax on order NW-54397 but my state does not tax clothing. I placed the order during the sale. Please advise.",billing
T-10785,email,Question,"Hi there, Will the Smmit 65 backpak fit a bear canister .Hope you can help.",product-question
T-10786,email,Help,"Good morning, Please cacel the exchange on order NW5-4684 - I just want mym oney back on the return instead. This is for an upcoming camping trip. Hope you cna help.",returns-warranty
T-10787,webform,Cannot log in,"Hi there, I keep getting logged out every time the app updates. I already looked through the help center and could not find an answer. Appreciate it.",account-access
T-10788,webform,Late order,"Good morning, I paid $214.00 extraf or two day shipping and it has been two weeks. Please advise.",shipping
T-10789,chat,Promo code problem,can I get an itemized receipt or invoice for order NW-42424 - I need it for work. where is my order? the voltpack 20k power bank was supposed to arrive on monday,billing
T-10790,chat,Promo code problem,the tracking says my order was delivered but I was charged for shipping insurance I never added. I contacted you last week about this and never heard back?,billing
T-10791,webform,Support request,"Hello Northwind, I keep getting logged out every time the app updates. Order number is NW-66867 if that helps. Hope you can help.",account-access
T-10792,webform,Help,"Hello Northwind, The estimated delivery on my order keeps moving - it has changed twice this week. my gift card balance shows $312.99 but checkout would not let me use it. This is for an upcoming canoe trip. Thanks in advance.",shipping
T-10793,email,Warranty claim,How do I get a return shipping label for order NW-71246. I already looked through the help center and could no fidn an answer. Appreciate it.—  Jordan Okafor,returns-warranty
T-10794,email,2FA problem,"Hey, My order history disappeared after I merged my old account with my new email. The order had the Drifter 10 kayak and some smaller items in it. Thanks.",account-access
T-10795,email,Late order,"second time sending this. Hello Northwind, I need the Dayhike 22 backpack before Friday - can you expedite shipping. Hope you can help. — Alex Patel",shipping
T-10796,chat,Help,see attached screenshot for order NW-57460,account-access
T-10797,email,Delivery problem,"Hello, The tracking page says delivered but there is no package anywhere at my address. Thanks. — Dana Garcia",shipping
T-10798,webform,Question,"Godo morning, You slit my order into two shpments and only one has any tracking movement. Thank you.",shipping
T-10799,email,Support request,see below. ref NW-61681,product-question
T-10800,email,Retrun status,"Hey, The pole on my Drifter 10 kayak failed after a month - I want to make a warranty claim. I contacted you a few days ago about this and never heard back. Thank you. — Riley Whitfield",returns-warranty
T-10801,chat,Account security concern,the verification link in the signup email says it has expired.,account-access
T-10802,email,Question,"Good morning, Is the Ridgeline 2P tent a true 4-season tent or more of a summer shelter. I contacted you a few days ago about this and never heard back. Hope you can help.",product-question
T-10803,chat,Tracking question,FedEx tracking shows my package has been sitting in Louisville for two days. I already looked through the help center and could not find an answer??,shipping
T-10804,email,Package missing,"Hey, I need the Basecamp camp chair before Friday - can you expedite shipping. how do i change the email address on my account - i no longer have access to the old one. my account seems to be locked after too many login attempts. The package was a gift for my daughter. Thanks. — Kai Ortiz",shipping
T-10805,email,Need assistance,Do the Trailhead trail runners run wide - I am usually a 9. I have been a customer for years and this is the first problem I have had. Thanks in advance. — Skyler Okafor,product-question
T-10806,email,Question,"Hi, What is the temperature rating on the Cascade 0 sleeping bag really good down to. Thank you. — Jordan Chen",product-question
T-10807,email,Urgent,I sent my return back ten days ago and have not heard anything since. Thank you. — Morgan Kim,returns-warranty
T-10808,email,Question,"Hi, My return was received two weeks ago but the refund of $89.95 still is not back on my card. I contacted you last week about this and never heard back. Thanks. — Quinn Okafor",billing
T-10809,chat,Help,UPS tracking shows my package has been sitting in Newark for a week. I already looked through the help center and could not find an answer.,shipping
T-10810,email,Charge I do not recognize,"Good morning, Why was I charged $35.00 for shipping when the site says orders over $75 ship free. I placed the order on the 3rd. Please advise.",billing
T-10811,email,Warranty claim,"Hi, Waht is your return policy on sale items like the Lumen 40 0headlamp. I have been a customer for years and this is the first problem I have had. Thanks in advnce. — Kai Kxur",returns-warranty
T-10812,chat,Urgent,do the Trailhead trail runners run true to size - I am usually a 10.5. the promo code welcome10 did not apply at checkout and i was charged full price,product-question
T-10813,email,Problem with my order,"Hi, UPS tracking shows my package has been sitting in a sort facility for three days. you sent the wrong item - i ordered the torrent rain jacket and got a torrent rain pants instead. I have been a customer for three seasons and this is te first problem I have had. HHope you can help. — Dana Haddad",shipping
T-10814,chat,Urgent,Yo sent the wrong item - I ordere dthe Torrent rain jacket and zot a Slate sunglasses instead. I placed the order during the sale??,returns-warranty
T-10815,chat,Queston,My account seems to be locked after too many login attempts. This is for an upcoming backpacking trip??,account-access
T-10816,email,Urgent,"Hello, Can I machine wash the Puffin down vest or is it dry clean only. The package was a gift for my daughter. Thanks. — Skyler Patel",product-question
T-10817,webform,Problem with my order,"Good morning, My return was received five days ago but the refund of $35.99 still is not back on my card. I already looked through the help center and could not find an answer. Thanks in advance.",billing
T-10818,chat,Problem with my order,I sent my return back three days ago and have not heard anything since. I already looked through the help center and could not find an answer,returns-warranty
T-10819,email,Problem with my order,"Hi there, The Riverbend sandals does not fit - how do I exchange it for the wide version. why was i charged $214.50 for shipping when the site says orders over $75 ship free. i returned the merino trail socks and the refund i got was $312.95 short of what i paid. Thanks. — Jordan Kaur",returns-warranty
T-10820,email,Question,"Hello Northwind, You sent the wrong item - I ordered the Lumen 400 headlamp and got a Trailhead hiking boots instead. I paid with the card ending 1251. Thank you.",returns-warranty
T-10821,email,Support request,"Good morning, When will the Aurora camp lantern be back in stock in the green colour. I placed the order last week. Please advise.",product-question
T-10822,email,Problem with my order,"Hello Northwind, Is there a charge for the Trail Club membership that comes up at checkout. I have been a customer for a long time and this is the first problem I have had. Hope you can help.",product-question
T-10823,webform,Before I buy,Will the Summit 65 backpack fit a 3L water bladder. my order nw-48208 wass placed five days ago an the tracing still says label created. This is for an upcoming camping trip. Please advise.,product-question
T-10824,email,Late order,"Hi there, My package arrived with the box crsuhed and the Glacier 45 cooler inside looks okay. I already looked through the help center and could not find an answer. Hope you can help. — Dana Nguyen",shipping
T-10825,email,Refund not received,"Hi, Please cancel my Trail Club membership - I am still being billed $9.99 a month. I contacted you last week about this and never heard back. Thanks in advance.",billing
T-10826,email,Return request,"Hi, What is yur return ppolicy on sale items like toe Lumen 800 headlamp. Thanks.",returns-warranty
T-10827,webform,Product question,"Good morning, Is the Drifter 10 kayak stable enough for a beginner on flat water. Order number is NW-69875 if that helps. Thanks in advance.",product-question
T-10828,chat,Damaged product,is the Riverbend sandals still returnable if I opened the packaging.,returns-warranty
T-10829,chat,Problem with my order,i cannot open the tpacking link for my rder without signin in and the sig nin page just loops. I need this sorted before the weekend.,account-access
T-10830,chat,Delivery problem,The tracking page says delivered but there is no package anywhere at my address. I tried calling but the wait time was over 30 minutes??,shipping
T-10831,email,Need assistance,"Good morning, Can the Voltpack 20K power bank charge the Lumen 400 headlamp over USB. if i refuse the package at delivery do i still have to pay return shipping. I placed the order last week. Thank you. — Sam Chen",product-question
T-10832,chat,Need assistance,What is your return policy on sale items like the Ember fuel canister. I need this sorted before Friday?,returns-warranty
T-10833,webform,Package missing,"Hello, My package arrived with the box crushed and the Basecamp camp chair inside looks okay. can i get an itemized receipt or invoice for order nw-77687 - i need it for my expense report. I need this sorted before the end of the month.",shipping
T-10834,email,Double charged,"Hello, There is a charge from Northwind on my statement for $89.50 that I do not recognize. I need this sorted before the end of the month. Thanks. — Jordan Brooks",billing
T-10835,chat,Delivery problem,The invoice in the box lists a Drifter paddle that is not what I was charged for online - which one is actually shipping to me. The order had the Slate sunglasses and some smaller items in it?,shipping
T-10836,webform,Spec question,"Hey, Is the Torrent rain jacket actually waterpproof or just water resistant. Thanks in advance.",product-question
T-10837,email,Problem with my order,Why was I charged $214.50 for shipping when the site says orders over $75 ship free. i changed phones and can no longer get the two factor authentication code. Thanks in advance. — Devon Chen,billing
T-10838,webform,Cannot log in,"Hello, I changed phones and can no longer get the two factor authntication code. I have been a customer or a long time and this is the first problem I have hd. Apprceiate it.",account-access
T-10839,chat,Tracking question,i need the Cascade 0 sleeping bag before Friday - can you expedite shipping?,shipping
T-10840,webform,Late order,"Hi there, Where is my order? The Lumen 800 headlamp was supposed to arrive last Friday. Thanks.",shipping
T-10841,email,Need assistance,"Hi there, Customs is asking me to pay $35.95 in import fees for order NW-52886 - was that supposed to happen. do the trailhead trail runners run wide - i am usually a 10. The package was a gift for my daughter. Appreciate it. — Skyler Chen",shipping
T-10842,webform,Problem with my order,"Hello, The Riverbend sandals does not fit - how do I exchange it for the next size down. Thanks in advance.",returns-warranty
T-10843,chat,Help,the return label you emailed me shows the wrong delivery address for the warehouse. I already looked through the help center and could not find an answer,returns-warranty
T-10844,email,Stock question,Can the Voltpack 20K power bank charge the Lumen4 00 headlamp over USB. I paid with the card ending 7501. Thaanks. — Devon Broks,product-question
T-10845,chat,Defective item,The return label you emailed me shows the wrong delivery address for the warehouse. Order number is NW-53203 if that helps?,returns-warranty
T-10846,chat,Problem wit my order,if I refuse the package at delivery do I still have to pay return shipping. I contacted you a few days ago about this and never heard back,shipping
T-10847,webform,Warranty claim,"Good morning, You sent the wrong item - I ordered the Ridgeline 4P tent and got a Dayhike 22 backpack instead. The package was a gift for my daughter. Thanks in advance.",returns-warranty
T-10848,webform,Question,Is the Drifter 10 kayak stable enough for a beginner on flat water. I contacted you last week about this and never heard back.,product-question
T-10849,chat,Support request,the invoice in the box lists a Slate sunglasses that is not what I was charged for online - which one is actually shipping to me. Order number is NW-49360 if that helps?,shipping
T-10850,email,Login trouble,"Hey, I cannot open the tracking link for my order without signing in and the sign in page just loops. Thanks. — Skyler Silva",account-access
T-10851,email,Support request,The Slate sunglasses does not fit - how do I exchange it for the wide version. Order number is NW-52370 if that helps. Hope you can help. — Avery Okafor,returns-warranty
T-10852,chat,Question,The Torrent rain pants does not fit - how do I exchange it for the next size down.,returns-warranty
T-10853,email,Order not delivered,"Good morning, The inovice in the box lists a Voltpack 20K power bank that is not what I was charged for online - which one is actually shipping to me. Order number is NW-74272 if that helps. Thanks in advance. — Casey Garcia",shipping
T-10854,chat,Refund not received,The promo code BASECAMP10 did not apply at checkout and I was charged full price. I paid with the card ending 3748??,billing
T-10855,email,Support request,"Hi, What is your return policy on sale items like the Trailhead trail runners. The order had the Glacier 45 cooler and some smaller items in it. — Quinn Haddad",returns-warranty
T-10856,webform,Problem with my order,"Hello Northwind, The price of the Halo climbing helmet dropped to $79.95 the day after I bought it - do you do price adjustments. Thanks in advance.",billing
T-10857,email,Help,"Hi there, My package arrived with the box crushed and the Torrent rain jacket inside looks damaged. I placed the order about ten days ago. Hope you can help. — Dana Nguyen",shipping
T-10858,chat,Charge I do not recognize,the price of the Lumen 400 headlamp dropped to $58.00 the day after I bought it - do you do price adjustments. my exchange shipped but tracking says it is going back to you instead of to me.,billing
T-10859,email,Warranty claim,"Hi there, How do I get a return shipping label for order NW-72758. I contacted you  few days ago about this andn ever heard back. Appreciate it.",returns-warranty
T-10860,email,Where is my order,"Hey, The estimated delivery on my order keeps moving - it has changed twice this week. I contacted you last week about this and never heard back. Hope you can help.",shipping
T-10861,email,Return status,"Hi, How do I get a return shipping label for order NW-65711. is the torrent rain jacket actually waterproof or just water resistant. I paid with the card ending 7812. Thanks. — Riley Patel",returns-warranty
T-10862,chat,Warranty claim,Is the Summit 65 backpack still returnable if I opened the packaging. od the trailhead hiking boots run narrow - i am usually a 9?,returns-warranty
T-10863,chat,Question,my refund was approved but the replacement Cirru trekking poles still has no trackking numger. The package was a gift for my partner.,shipping
T-10864,email,Urgent,"Hello Northwind, My order NW-77404 was placed over two weeks ago and the tracking still says label created. my order history disappeared after i merged my old account with my new email. i changed phones and can no longer get the two factor authentication code. I have been a customer for a long time and this is the first problem I have had. Thanks in advance. — Devon Silva",shipping
T-10865,webform,Urgent,My gift card balance shows $249.50 but checkout would not let me use it. I have been a customer for a long time and this is the first problem I have had.,billing
T-10866,chat,Account security concern,The password reset email never arrives - I have checked spam several times. please cancel the exchange on order nw-59851 - i just want my money back on the return instead,account-access
T-10867,webform,Help,"Hello, I sent my return back four days ago and have not heard anything since. Order number is NW-51223 if that helps. Thanks in advance.",returns-warranty
T-10868,webform,Carn instructions,"Hey, Is there a charge for the Trail Club membership that comes up at checkout. I tried calling but the wait time was over 45 minutes. Hope you can help.",product-question
T-10869,chat,Urgent,The Drifter paddle does not fi - hw do I exchnage it for the wide ersion?,returns-warranty
T-10870,email,Support request,You sent the wrong item - I ordered the Dayhike 22 backpack and got a Halo climbing helmet instead. i think someone else has been using my account - there is an order in my history i never placed. Thanks.,returns-warranty
T-10871,chat,Spport request,The invoice in the box lists a Drifter paddle that is not what I was charged for online - which one is actually shipping to me?,shipping
T-10872,chat,Urgent,If I refuse the package at delivery do I still have to pay return shipping.,shipping
T-10873,webform,Payment issue,"Hey, My gift card balance shows $249.95 but checkout would not let me use it. my order history disappeared after i merged my old account with my new email. I contacted you a few days ago about this and never heard back. Thanks.",billing
T-10874,email,,NW-41498,shipping
T-10875,chat,Stock question,second time sending this. what fuel does the Ember camp stove take and can I fly with the canister. the verification link in the signup email says it has expired?,product-question
T-10876,chat,Return status,Please cancel the exchangeo n order NW-59652 - I just want m money back o the return insttead. I have been a customer for a long time and this is the first problem I have had,returns-warranty
T-10877,email,Change my email,"Hello Northwind, How do I change the email address on my account - I no longer have access to the old one. I need this sorted before the weekend. Please advise.",account-access
T-10878,chat,Urgent,my gift card balance shows $89.50 but checkout would not let me use it?,billing
T-10879,email,Defective item,"Hi, What is your return policy on sale items like the Dayhike 22 backpack. I contacted you a few days ago about this and never heard back. Appreciate it.",returns-warranty
T-10880,email,Return status,"Hey, The Summit 65 backpack does not fit - how do I exchange it for the next size up. I paid with the card ending 1551. Thank yu. — Casey Silva",returns-warranty
T-10881,chat,Question,my order NW-47797 was placed ten days ago and the tracking still says label created. Order number is NW-43374 if that helps?,shipping
T-10882,chat,Problem with my order,i cancelled order NW-58697 an hour after placing it but the charge of $42.50 still went through. I paid with the card ending 7082?,billing
T-10883,email,Question,"Hi three, Please cancel my Trail Club meberrship - I am still being billed $12.99 a month. The order had the Voltpack 20K powe rbank and some smaller items in it. — Alex Kaur",billing
T-10884,email,Damaged product,"Hey, I want to return the Anchor bear canister from order NW-73839 for a refund. I need this sorted before the end of teh month. Hope you can help. — Casey Brooks",returns-warranty
T-10885,email,Need assistance,Why was I charged $129.95 for shipping when the site says orders over $75 ship free. The order had the Merino trail socks and some smaller items in it. Please advise.,billing
T-10886,webform,Login truoble,"Hi, Please delete my account and all ym personal data. This is for an upcoming family trip.",account-access
T-10887,webform,Compatibility question,How long does shipping usually take to Canada if I order the Otter dry bag today. I paid with the card ending 4519. Hope you can help.,product-question
T-10888,email,Billin gquestion,"Hello, I returned the Glacier 45 cooler and the refund I got was $64.00 short of what I paid. what fuel does the ember camp stove take and can i fly with the canister. I paid with the card ending 8192. Thanks in advance. — Skyler Larsen",billing
T-10889,email,Billing question,"Hi, My gift card balance shows $189.99 but checkout would not let me use it. Appreciate it.",billing
T-10890,email,Support request,see below. ref NW-49645,billing
T-10891,email,Problem with my order,"Good morning, I paid $312.00 extra for two day shipping and it has been over two weeks. I contacted you a few days ago about this and never heard back. Appreciate it.",shipping
T-10892,email,Product question,"Good morning, What is the temperature rating on the Cascade 20 sleeping bag really good down to. Thank you.",product-question
T-10893,webform,Delivery problem,"Hello Northwind, You split my order into two shipments and only one has any tracking movement. The package was a gift for a friend. Thanks.",shipping
T-10894,email,Support request,"Hi, I returned the Traillhead hiking boots and the refund I got wsa $249.99 short of what I paid. I paid with the card ending 5682. Appreciate it. — Kai Siva",billing
T-10895,email,Tracking question,"Hello, The tracking page says delivered but there is no package anywhere at my address. I need this sorted before Friday. Hope you can help.",shipping
T-10896,email,Order not delivered,"Good morning, UPS tracking show my package has been sitting tn a sort facility for five days. Appreciate it. — Avery Okafor",shipping
T-10897,webform,Support request,see below. ref NW-42588,product-question
T-10898,webform,Tracking question,"Hi there, Where is my order? The Drifter paddle was supposed to arrive two days ago. Thanks.",shipping
T-10899,email,Support request,resending this - Where is my order? The Otter dry bag was supposed to arrive two days ago. I paid with the card ending 2922. Appreciate it. — Alex Chen,shipping
T-10900,email,Urgent,"Hey, How long does the Lumen 800 headlamp run on a full charge at the highest brightness. This is for an upcoming canoe trip. Appreciate it. — Alex Whitfield",product-question
T-10901,webform,Return label,"Hey, I sent my return back over two weeks ago and have not heard anything since. how long does the lumen 800 headlamp run on a full charge at the highest brightness. I tried calling but the wait time was over 20 minutes. Please advise.",returns-warranty
T-10902,chat,Problem with my order,where is my order? The Lumen 400 headlamp was supposed to arrive yesterday. when will the cirrus trekking poles be back in stock in large??,shipping
T-10903,email,Defective item,I am past the 30 day window but the Drifter 10 kayak has a manufacturing defect - does the warranty cover it. I already looked through the help center and could not find an answer. Hope you can help. — Dana Patel,returns-warranty
T-10904,webform,Promo code problem,"Hi, The promo code TRAIL15 did not apply at checkout and I was charged full price. The package was a gift for my partner. Hope you can help.",billing
T-10905,email,Help,"Hello, My return was received four days ago but the refund of $214.95 still is not back on my card. is the ember fuel canister still returnable if i washed it. i want to return the ridgeline 2p tent i bought with the summer20 promo code - do i get the full price or the discounted price back. Order number is NW-45516 if tha helps. — Morgan Nguyen",billing
T-10906,chat,Support erquest,my refund was approved but the replacement Summit 65 backpack still has no trakcing number. The package was a gift for my son,shipping
T-10907,email,Before I buy,"Hi, Do the Trailhead hiking boots run wide - I am usually a 11. I have been a customer for years and this is the first problem I have had. Please advise.",product-question
T-10908,email,Problem with my order,"Good morning, My refund was approved but the replacement Glacier 45 cooler still has no tracking number. i think someone else has been using my account - there is an order in my history i never placed. when i log in my order history shows someone else's orders and charges. Thanks in advance. — Quinn Larsen",shipping
T-10909,webform,Retrun label,"Hey, Please cancel the exchange on order NW-74135 - I just want my money back on the return instead. I have been a customer for a long time and this is the first problem I have had.",returns-warranty
T-10910,webform,Question,"Hi there, What fuel does the Ember camp stove take and an I fly with the canister. I placed the order last week. Hpe you can help.",product-question
T-10911,chat,2FA problem,My order history disappeared after I merged my olda ccount withm y new mail??,account-access
T-10912,email,Help,"Good morning, The tracking says my orde waas delivered but I was charged for sihpping insurance I never added. I tried calling but the wait time was over 30 minutes. Thanks .— Rowan Brooks",billing
T-10913,email,Where is myy order,My package arrived with the box torn open and the Trailhead trail runners inside looks damaged. Order number is NW-75020 if that helps.,shipping
T-10914,webform,Support request,"Hi there, My exchange shipped but tracking says it is going back to you instead of to me. This is for an upcoming canoe trip. Appreciate it.",returns-warranty
T-10915,webform,Question,"He,y I keep getting logged out evry time the app updates. This is fo an upcoming camping trip. hTank you.",account-access
T-10916,webform,Order not delivered,Only half of order NW-67632 showed up - the Aurrora camp lantern is minsing from the box. The order qad the Windbreak feece and some smaller items in it. Thank you.,shipping
T-10917,email,Prolem with my order,"Hi, My order NW-68875 was placed over two weeks ago and the tracking still says label created. does the ember fuel canister ever go on sale - it was cheaper during the last promo. how long does the lumen 800 headlamp run on a full charge at the highest brightness. Order number is NW-52016 if that helps. Appreciate it. — Dana Larsen",shipping
T-10918,email,Double charged,"Hey, You refunded the item but not the original shipping cost on order NW-50533. I paid with the card ending 6452. Thanks. — Avery Kim",billing
T-10919,email,Urgent,"Hello, How do I change the email address on my account - I no longer have access to the old one. I placed the order last week. Thanks. — Devon Nguyen",account-access
T-10920,webform,Urgent,"Hey, The Torrent rain jacket does not fit - how do I exchange it for the wide version. you split my order into two shipments and only one has any tracking movement. The order had the Ember camp stove and some smaller items in it. Please advise.",returns-warranty
T-10921,email,Support request,"Hi, You refunded the item but not the original shipping cost on order NW-24856. I have been a customer for a long time and this is the first problem I have had. Thank you. — Avery Garcia",billing
T-10922,email,,?????!!,billing
T-10923,webform,Login trouble,"Hello Northwind, Please delete my account and all my personal data. The package was a gift for a friend. Hope you can help.",account-access
T-10924,chat,2FA problem,I cannot log in to my account - it keeps saying my password is wrong even after I reset it. The package was a gift for my daughter,account-access
T-10925,chat,Stock question,If the Summit 65 backpack does not fit can I return it for free or is return shipping on me. I already looked through the help center and could not find an answer.,product-question
T-10926,webform,Order status,"Good morning, You split my order into two shipments and only one has any tracking movement. This is for an upcoming backpacking trip. Appreciate it.",shipping
T-10927,chat,Ned assistance,how do I change the email address on my account - I no longer have ajcess to the old one. I need this sorted before the weekend?,account-access
T-10928,chat,Needa ssistance,there is a charge from Northwind on my statement for $64.50 that I do not recognize. I already looked through the help center and cold not find ann answer??,billing
T-10929,webform,Urgent,please call me back 611-555-4676,billing
T-10930,email,Spec question,"Hello, How long does the Lumen 400 headlamp run on a full charge at the highest brightness. The package was a gift for my son. — Skyler Ortiz",product-question
T-10931,chat,Problem with my order,Is the Torrent rain pants actually waterproof or just water resistant. This is for an upcoming backpacking trip.,product-question
T-10932,email,Package missing,Only half of order NW-47249 showed up - the Ember camp stove is missing from the box. I placed the order on the 3rd. Please advise. — Riley Ortiz,shipping
T-10933,webform,Help,"Good morning, Can you hold the shipment at a UPS pickup point instead of delivering to my door. I contacted you a few days ag about this and never heard back. Please advise.",shipping
T-10934,email,Problem with my order,"Good morning, My refund was approved but the replacement Cirrus trekking poles still has no tracking number. The order had the Merino trail socks and some smaller items in it. Appreciate it.",shipping
T-10935,webform,Need assistance,You sent the wrong item - I ordered the Halo climbing helmet and got a Windbreak fleece instead. I tried calling but the wait time was over 45 minutes. Thanks in advance.,returns-warranty
T-10936,chat,Question,my account seems to be locked after too many login attempts. I have been a customer for years and this is the first problem I have had.,account-access
T-10937,email,Help,"Hey, Will the Dayhike 22 backpack fit a 3L water bladder. I contacted you a few days ago about this and never heard back. Appreciate it.",product-question
T-10938,webform,Problem with my order,Why was I charged $89.00 for shipping when the site says orders over $75 ship free. what fuel does the ember camp stove take and can i fly with the canister. can the voltpack 20k power bank charge the lumen 400 headlamp over usb. I have been a customer for a long time and this is the first problem I have had. Thank you.,billing
T-10939,email,Support request,"Hello Northwind, Only half of order NW-55457 showed up - the Riverbend sandals is missing from the box. The package was a gift for a friend. Appreciate it.",shipping
T-10940,chat,Where is my order,My package arrived with the box torn open and the Basecamp camp chair inside looks okay. This is for an upcoming canoe trip.,shipping
T-10941,webform,Support request,"Hi, Is the Aurora camp lantern still returnable if I opened the packaging. I have been a customer for a long time and this is the first problem I have had. Please advise.",returns-warranty
T-10942,chat,Need assistace,Please cancel my Trail Club membership - I am still being billed $9.99 a month. The order had the Otter dry bag and some smaller items in it?,billing
T-10943,webform,Password reset not working,When I log in my order history shows someone else's orders and charges. Please advise.,account-access
T-10944,email,Exchange needed,The pole on my Windbreak fleece snapped after a month - I want to make a warranty claim. The package was a gift for my son. Hope you can help.,returns-warranty
T-10945,chat,Spec question,if the Torrent rain pants oes not fit can I return it for free or is return shipping on me. I paid with the card ending 9813,product-question
T-10946,chat,,NW-56992,shipping
T-10947,chat,Urgent,I cancelled order NW-54420 the same day after placing it but the charge of $189.50 still went through. if i refuse the package at delivery do i still have to pay return shipping.,billing
T-10948,email,Help,"Hello, Where is my order? The Trailhead hiking boots was supposed to arrive two days ago. I paid with the card ending 9392. Appreciate it. — Quinn Okafor",shipping
T-10949,webform,Support request,"Hi there, Do the Trailhead hiking boots run wide - I am usually a 9. Thanks.",product-question
T-10950,webform,Urgent,The estimated delivery on my order keeps moving - it has changed twice this week. I need this sorted before the end of the month. Thanks.,shipping
T-10951,email,Problem with my order,"Hello Northwind, FedEx tracking shows my package has been sitting in Newark for a week. — Quinn Brooks",shipping
T-10952,webform,Tracking question,"Hello, Customs is asking me to pay $58.50 in import fees for order NW-65691 - was that supposed to happen. I have been a customer for years and this is the frist problem I have had. Please advise.",shipping
T-10953,webform,Urgent,"Good morning, Customs is asking me to pay $312.95 in import fees for order NW-53502 - was that supposed to happen. This is for an upcoming backpacking trip. Thank you.",shipping
T-10954,webform,Support reqquest,"Hi, Is the Ember camp stove still returnabel if I opened the packaging. I already looked through the help center and could not find an answer. Thank you.",returns-warranty
T-10955,chat,Warranty claim,I sent my return back two days ago and have not heard anything since. I contacted you a few days ago about this and never heard back??,returns-warranty
T-10956,chat,Tracking question,Where is my order? The Windbreak fleece was supposed to arrive two days ago. i received someone else's package with my label on it - i assume they have my ember camp stove??,shipping
T-10957,email,Refund not received,"Hi there, You charged the wrong card - the order should have gone on the card ending 5411. I placed the order last week. Please advise. — Reese Garcia",billing
T-10958,email,Help,"Good morning, The estimated delivery on my order keeps moving - it has changed twice this week. I placed the order on the 3rd. Thanks in advance.",shipping
T-10959,webform,Return label,"Hello Northwind, What is your return policy on sale items like the Anchor bear canister. when i log in my order history shows someone else's orders and charges. I tried calling but the wait time was over 30 minutes. Thanks in advance.",returns-warranty
T-10960,email,Package missing,Can I change the delivery address on order NW-57563 before it ships. I placed the order during the sale. Hope you can help. — Quinn Novak,shipping
T-10961,webform,Need assistance,If I refuse the package at delivery do I still have to pay reutrn shipping. The order had the Riverbend sandals and some smaller items in it. Hope you can help.,shipping
T-10962,email,Order status,"Hi, If I refuse the pcakagee at delivery do I still have to pay return shipping. This is for an upcoming backpacking trip. Thanks in advance.",shipping
T-10963,chat,Warrany claim,The return label you emailed me shows the wrong delivery address for the warehouse. I paid with the card ending 5134?,returns-warranty
T-10964,chat,Help,i cancelled order NW-47352 the same day after placing it but the charge of $118.95 still went through. my refund was approved but the replacement anchor bear canister still has no tracking number??,billing
T-10965,email,Urgent,resending this - Is the Ridgeline 2P tent a true 3-season tent or more of a summer shelter. I ave been a customer for years and this is the first problem I haveh ad. Thanks.,product-question
T-10966,email,Need assistance,My refund was approved but the replacement Drifter 10 kayak still has no tracking number. I placed the order during the sale. Hope you can help. — Casey Ortiz,shipping
T-10967,email,Package missing,"Hello, You split my order into two shipments and only one has any tracking movement. I need this sorted before Friday.",shipping
T-10968,webform,Question,"Hey, Only half of order NW-64480 hsowed up - the Puffin down vest is missing from the box. The order had the Ember fuel cansiter and some smaller items in it. Thanks.",shipping
T-10969,chat,Where is my order,My refund was approved but the replacement Summit 65 backpack still hasn o tracking number. i returned the torrent rain pants and the refund i got was $249.50 short of what i paid,shipping
T-10970,email,Defective item,Please cancel the exchange on order NW-61669 - I just want my money back no the return instead. This is for an upcoming camping trip. Thanks in advance.,returns-warranty
T-10971,email,Promo code problem,"second time sending this. Hello Northwind, Can I get an itemized receipt or invoice for order NW-74203 - I need it for my expense report. I contacted you a few days ago about this and never heard back. Appreciate it.",billing
T-10972,email,Question,"Good morning, Is there a charge for the Trail Club membership that comes up at checkout. The order had the Summit 65 backpack and some smaller items in it.",product-question
T-10973,email,Return status,"Hello Northwind, I want to return the Windbreak fleece from order NW-73965 for a refund. Order number is NW-78076 if that helps. Appreciate it.",returns-warranty
T-10974,webform,Help,"Hey, I was charged a restocking fee of $79.50 on my return - nothing on the site mentioned that. I tried calling but the wait time was over 20 minutes.P lease advise.",returns-warranty
T-10975,webform,Exchange neded,"Hi, You sent the wrong item - I ordered the Torrent rain jackte and got a Glacier 45 cooler instead. Order number is NW-58741 if that helps. ppreciatee it.",returns-warranty
T-10976,chat,Support request,Is the Merino trail socks still returnable if I took the tags off. I contacted you last week about this and never heard back,returns-warranty
T-10977,email,Order status,The tracking page says delivered but there is no package anywhere at my address. I already looked through the help center and could not find an answer. Thanks in advance.,shipping
T-10978,email,Help,The email receipt went to my old address - I need to update where my invoices get sent. I already looked through the help center and could not find an answer. Thanks in advance. — Sam Kaur,account-access
T-10979,email,Order status,"Hey, Customs is asking me to ay $214.99 in import fees for order NW-67768 - was that supposed to happenT. hank you. — Kai Novak",shipping
T-10980,email,Late order,"Hello Northwind, The tracking page says delivered but there is no package anywhere at my address. Order number is NW-78350 if that helps. Appreciate it. — Rowan Larsen",shipping
T-10981,email,Help,"Hello Northwind, How long does shipping usually take to Alaska if I order the Slate sunglasses today. The order had the Riverbend sandals and some smaller items in it. Please advise. — Alex Ortiz",product-question
T-10982,webform,Support request,"Hello Northwind, You refunded the item but not the original shipping cost on order NW-68787. I need this sorted before the weekend. Thanks.",billing
T-10983,webform,Membership billing,Can I get an itemized receipt or invoice for order NW-51862 - I need it for my expense report. The package was a gift for my partner.,billing
T-10984,email,Need assistance,"Hello Northwind, Can you hold the shipment at a FedEx pickup point instead of delivering to my door. i keep getting logged out every time the app updates. Thanks.",shipping
T-10985,webform,Support request,"Hi, The promo code SUMMER20 did not apply at checkout and I was chargged full price. The order had the Torrent rain pants and some saller items in it. Please advise.",billing
T-10986,chat,Exchange neeeded,I want to return the Cascade 20 sleeping bag I bought with the TRAIL15 promo code - do I get the full price or the dicounted price bak. I aready looked through the relp center and could not find an answer?,returns-warranty
T-10987,email,Need assistance,"Hi there, Where is my order? The Torrent rain jacket was supposed to arrive two days ago. Appreciate it. — Morgan Whitfield",shipping
T-10988,webform,Problemw ith my order,"Hello, The buckle on my Anchor bear canister snapped after one trip - I want to make a warranty claim. I placed the order last week. Please advise.",returns-warranty
T-10989,webform,Chnge my email,"Hi, The verification link in the signup email says it has expired. I paid with the card ending 4762. Please advise.",account-access
T-10990,email,Problem with my order,If I refuse the package at delivery do I still have to pay return shipping. The order had the Basecamp camp chair and some smaller items in it. Thank you. — Sam Larsen,shipping
T-10991,chat,Support request,Is the Drifter 10 kayak stable enough for a beginner on a lake. The package was a gift for my son?,product-question
T-10992,chat,Help,You sent the wrong item - I oredred the Summit 65 backpack and got a Slate sunglasses insteaad. why was i charged $35.99 for shipping when the site says orders over $75 shipf ree,returns-warranty
T-10993,email,Delivery problem,"Hello, Can I change the delivery address on order NW-75333 before it ships. the price of the lumen 800 headlamp dropped to $24.95 the day after i bought it - do you do price adjustments. Appreciate it. — Quinn Ortiz",shipping
T-10994,webform,Problem with my order,"Hey, Is the Ridgeline 2P tent a true 3-season tent or more of a summer shelter. I tried calling but the wait time was over 20 minutes. Thanks.",product-question
T-10995,email,Supprt request,"Hey, I am past the 30 day window but the Dayhike 22 backpack has a manufacturing defect - does the warranty cover it. The package was a gift for a friend. Appreciate it. — Reese Nguyen",returns-warranty
T-10996,chat,Support request,my package arrived ith the box crusheda nd the Slate sunglasses insidel ooks okay. I need this sorted before the weekend.,shipping
T-10997,chat,Urgent,Can the Voltpack 20K power bank charge the Lumen 400 headlamp over USB. I placed the order about ten days ago,product-question
T-10998,email,Promo code problem,I cancelled order NW-47674 an hour after placing it but the charge of $79.95 still went through. I tried calling but the wait time was over 45 minutes. Thanks. — Devon Haddad,billing
T-10999,chat,Exchange needed,i am past the 30 day window but the Ember camp stove has a manufacturing defct - does thee warranty cover it. The package was a ift fo ra friend,returns-warranty
T-11000,email,Urgent,"Hi, If the Slate sunglasses does not fit can I return it for free or is return shipping on me. This is for an upcoming camping trip. Thank you.",product-question
T-11001,email,Urgent,"Hi, My order history disappeared after I merged my old account with my new email. is the torrent rain pants still returnable if i took the tags off. what is your return policy on sale items like the drifter paddle. The package was a gift for my partner. Thanks in advance. — Quinn Kim",account-access
T-11002,chat,Shipping delay,the estimated delivery on my order keeps moving - it has changed twice this week. This is for an upcoming camping trip?,shipping
T-11003,webform,Nee assistance,"Hello Northwind, There is a charge from Northwind on my statement for $64.00 that I do not recognize. The order had the Firefly bug net and some smaller items in it. Please advise.",billing
T-11004,chat,Product question,can I machine wash the Merino trail socks or is it dry clean only. i cannot log in to my account - it keeps saying my password is wrong even after i reset it??,product-question
T-11005,email,Support request,Is the Torrent rain pants actually waterproof or just ater resistant. I paid with the card ending 2134. Hope yo can help. — Morgan Chen,product-question
T-11006,webform,Before I buy,"Hello, Is the Ridgeline 4P tent a true 4-season tent or more of a summer shelter. can i get an itemized receipt or invoice fro order nw-54440 - i need it for work. I need this sorted before Friday. Thanks.",product-question
T-11007,chat,Tracking question,can I change the delivery address on order NW-48757 before it ships. I already looked through the help center and could not find an answer?,shipping
T-11008,webform,Exchange needed,"Hello, The strap on my Puffin down veest tore after one weekend - I want to make a warranty claim. I paid with the card eending 8443.",returns-warranty
T-11009,chat,Urgent,My account seems to be locked after too many login attempts. dhl tracking shows my package has been sitting in customs for two weeks??,account-access
T-11010,email,Invoice request,"Good morning, My account shows an order I already cancelled and the charge is still pending on my card. Thanks. — Sam Okafor",billing
T-11011,webform,Support request,"Hello, I want to return the Torrent rain pants fro morder NW-75568 for a refund. Thanks.",returns-warranty
T-11012,webform,Problem with my order,"Good morning, There is a charge from Northwind on my statement for $24.99 that I do not recognize. I paid with the card ending 8582. Thank you.",billing
T-11013,webform,Problem with my order,"Hello, The return label you emvileed me shows the wrong delivery address for the warehouse. Thanks in advance.",returns-warranty
T-11014,webform,Late orcer,"Hello Northwind, If I refuse the package at delivery do I still have to pay return shipping. please delete my account and all my personal data. I have been a customer for years and this is the first problem I have had. Thanks.",shipping
T-11015,chat,Need assistance,I cannot log in to my account - it keeps saying my password is wrong even after I reset it. can you hold the shipment at a usps pickup point instead of delivering to my door??,account-access
T-11016,email,Need assistance,There is a charge from Northwind on y statement for $312.00 that I do not recognize. my refund was approved but the replacement dayhike 22 backpack still has no tracking number. I already looked through the help cetner and could not find an answer. Hope you can help. — Dana Brooks,billing
T-11017,chat,Defective tiem,The Trailhead hiking boots does not fit - how do I exchange it for the wide version. the email receipt went to my old address - i need to update where my invoices get sent??,returns-warranty
T-11018,email,Lateo rder,"Hello, Custmos is asking me to pay $64.50 in import fees for order NW-41290 - was that supposed to happen. my return was received three days ago but the refund of $214.00 still is not back on my car. please cancel my trail club membership - i am still being billed $12.99 a month. The order had the Basecamp camp chair and some smaller items in it. Thanks. — Avery Ortiz",shipping
T-11019,webform,Need assistance,"Good morning, Is the Torrent rain pnts actually waterproof orj ust watre resistant. The order had the Riverbend sandals and some smaller items in it. Thanks in advance.",product-question
T-11020,chat,Care instructions,is there a charge for the Trail Club membership that comes up at checkout. I tried calling but the wait time was over 30 minutes,product-question
T-11021,email,Invoice request,"Hey, My gift card balance shows $189.50 but checkout would not let me use i. I tied calling but the wait time was over 20 minutes. Thnks.",billing
T-11022,email,Package missing,"Good morning, I need the idgeline 2P tent before this weeked - can you expedites hipping. This is for an upcoming family trip. Thanks. — Devon Kim",shipping
T-11023,webform,Need assistance,"Hello, Wheere is my order ?The Lumen 800 headlamp wass supposed to arriive last Friday. I paid with the card ending 3328. Thanks.",shipping
T-11024,chat,2FA problem,when I log in my order history shows someone else's orders and charges. Order number is NW-73346 if that helps??,account-access
T-11025,chat,Order status,you split my order into two shipments and only one has any tracking movement. I need this sorted before the end of the month?,shipping
T-11026,chat,Need assistance,where is my order? The Glacier 45 cooler was supposed to arrive yesterday. the tracking says my order was delivered but i was charged for shipping insurance i never added,shipping
T-11027,email,Urgent,"Hi, The tracking says my order was delivered but I was charged for shipping insurance I never added. Thank you.",billing
T-11028,chat,Return request,how do I get a return shipping label for order NW7-7949. Order number is NW-75749 if that ehlps??,returns-warranty
T-11029,email,Warranty claim,"Hello, I am past the 30 day window but the Cascade 0 sleeping bag has a manufacturing defect - does the warranty cover it. I paid with the card ending 7956. Please advise. — Riley Haddad",returns-warranty
T-11030,email,Change my email,"Hi, Please delete my account and all my personal data. Hope you can help. — Jamie Ortiz",account-access
T-11031,chat,Need assistance,my account showsa n order I already cncelled and the charge is still epnding on my card. pleasec ancel the exchange on order nw-60399 - i just want my money back on the return instead,billing
T-11032,email,Billing question,"Good morning, Please cancel my Trail Club membership - I am still being billed $12.99 a month. Appreciate it.",billing
T-11033,email,Invoice request,"Hello, Ir eturned the Ridgelin e4P tent and the refund I got was $189.00 short of what I pad. I already looked through the help center and could not find an answer. Thanks.",billing
T-11034,webform,Problem with my order,"Hey, The invoice in the box lists a Glacier 45 cooler that is not what I was charged for online - which one is actually shipping to me. I need this sorted before Friday. Hope you can help.",shipping
T-11035,chat,Return request,Is the Ridgeline 4P tent still returnable if I took the tags off??,returns-warranty
T-11036,webform,Question,Customs is asking me to pay $214.00 in import fees for order NW-46920 - was that supposed to happen.,shipping
T-11037,chat,Shipping delay,my refund was approved but the replacement Puffin down vest still has no tracking number. i want to return the slate sunglasses from order nw-54251 for a refund,shipping
T-11038,email,Urgent,"Hi, Where is my order? The Cascade 20 sleeping bag was supposed to arrive two days ago. i returned the ember camp stove and the refund i got was $129.95 short of what i paid. Order number is NW-49793 if that helps. Thanks in advance. — Jamie Novak",shipping
T-11039,email,Urgent,"Hey, My account seems to be locked after too many login attempts. I paid with the card ending 6204. Please advise.",account-access
T-11040,chat,Support request,see below. ref NW-41358,account-access
T-11041,chat,Question,I was charged twice for order NW-73766 - there are two $312.99 charges on my card. I already looked through the help center and could not find an answer??,billing
T-11042,webform,Shipping delay,"Good morning, The tracking page says delivered but there is no package anywhere at my address. I tried calling but the wait time was over 30 minutes. Hope you can help.",shipping
T-11043,chat,Problem with my order,When will the Anchor ber caniister be back in stock in the 2-person size. I contacted you a few days ago abut this and never heard back,product-question
T-11044,email,Stock question,"Good morning, How long does shipping usually take to a PO box if I order the Otter dry bag today. Thanks in advance.",product-question
T-11045,webform,Need assistance,"Hey, My order NW-61929 was placed two weeks ago and the tracking still says label created. Thanks in advance.",shipping
T-11046,email,Billing question,"Hi, The promo code WELCOME10 did not apply at checkout and I was charged full price. I contacted you last wek about this and never heard back. Thank you.",billing
T-11047,chat,Return label,my exchange hsipped bt tracking says ti is going back t you instead of to me. is the torrent rain jacket actually waterproof or just water resistant?,returns-warranty
T-11048,email,Help,"Hi there, Customs is asking me to pay $129.50 in import fees for order NW-67893 - was that supposed to happen. The package was a gift for my partner. Thanks in advance. — Avery Larsen",shipping
T-11049,chat,Problem with my order,There is a charge from Northwind on my statement for $89.95 that I do not recognize.,billing
T-11050,email,Support request,"Hi, The strap on my Otter dry bag failed after one weekend - I want to make a warranty claim. — Taylor Haddad",returns-warranty
T-11051,webform,Spec question,"Hey, How long does shipping usually take to a PO box if I order the Riverbend sandals today. I tried calling but the wait time was over 30 minutes.",product-question
T-11052,email,Care instructions,"Hey, How long does shipping usually take to Canada if I order the Drifter 10 kayak today. i cannot log in to my account - it keeps saying my password is wrong even after i reset it. Thanks. — Alex Larsen",product-question
T-11053,chat,Need assistance,how long does shipping usually take to a PO box if I order the Lumen 400 headlamp today??,product-question
T-11054,email,Billing questiion,"Hi there, My account shows an order I already cancelled and the charge is still pending on my card. I need this sorted before the end of the month. Thank you.",billing
T-11055,chat,Need assistance,can I machine wash the Puffin down evst or is it dry claen only. can i change the delivery address on odrer nw-53445 before it seips.,product-question
T-11056,email,Account security concern,"Hey, I cannot log in to my account - itt keeps saying my password is wrong even after  Ireset it. Thanks in advance. — Reese Nguyen",account-access
T-11057,email,Stock question,"Hi there, Does the Cirrus trekking poles come with a repair kit. can i change the delivery address on order nw-48876 before it ships. you split my order into two shipments and only one has any tracking movement. I contacted you a few days ago about this and never heard back. Appreciate it.",product-question
T-11058,email,Problem with my order,"Hi there, The promo code TRAIL15 did not apply at checkout and I was charged full price. I tried calling but the wait time was over 45 minutes. Thanks. — Dana Nguyen",billing
T-11059,chat,Support request,Does the Windbreak fleece ever go on sale - it was cheaper during the last promo,product-question
T-11060,email,Wrong item received,"Hi there, Is the Cascade 0 sleeping bag still returnable fi I wshed it. Order number is NW-68278 ib that helps. Thanks. — Reese Silva",returns-warranty
T-11061,chat,(no subject),sent from my phone. Jamie,shipping
T-11062,chat,Return label,I received someone else's package with my label on it - I assume they have my Trailhead trail runners. This is for an upcoming family trip.,returns-warranty
T-11063,chat,Question,only half of order NW-52097 showed up - the Riverbend sandals is missing from the box. This is for an upcoming canoe trip??,shipping
T-11064,chat,Cannot log in,i caannot log in to my account - it keeps aying my password is wrong even after I reset it. The order had the Slates unglasses and some smaller items in it??,account-access
T-11065,webform,Care instructions,"Hi there, Is the Torrent rain pants actually waterproof or just water resistant. IIp lced the order about ten days ago. Thank you.",product-question
T-11066,chat,Need assistance,My package arrived with the box crushed and the Lumen 400 headlamp inside looks damaged. I tried calling but the wait time was over 20 minutes?,shipping
T-11067,email,Support request,"HelloN orthwind, If I refuse the package at delivery do I still havet o pay return shipping. I need tis sorted before the end of the month. Thank you. — Sam Kim",shipping
T-11068,chat,Need assistance,I want to return the Ridgeline 4P tent from order NW-54707 for a refund. I contacted you last week about this and never heard back.,returns-warranty
T-11069,email,Need assistance,I was charged twice for order NW-78195 - there are two $312.99 charges on my card.,billing
T-11070,chat,Question,i returned the Slate sunglasses and the refund I got was $24.99 short of what I apid. Th epacckage was a gift for my son??,billing
T-11071,webform,Problem with my order,"Hello Northwind, Can the Voltpack 20K power bank charge the Aurora camp lantern over USB. I contacted you last week about this and never heard back. Please advise.",product-question
T-11072,email,,?????,product-question
T-11073,chat,Orderr status,my package arrived with the box crushed and the Anchor bear canister inside looks damaged. is the ridgeline 2p tent a true 3-season tent or more of a summer shelter.,shipping
T-11074,email,Account security concern,"Hi, I changed phones and can no longer get the two factor authentication code.",account-access
T-11075,chat,Order not delivered,you split my order into two shipments and only one has any tracking movement?,shipping
T-11076,email,Membership billing,The price of the Cascade 20 sleeping bag dropped to $118.50 the day after I bought it - do you do price adjustments. This is for an upcoming canoe trip. Thanks. — Riley Nguyen,billing
T-11077,chat,Delivery problem,can I change the delivery address on order NW-75460 before it ships. I paid with the card ending 4316??,shipping
T-11078,email,Order status,"Hello, I paid $189.50 extra for two day shipping and it has been two weeks.",shipping
T-11079,email,Help,"following up - Hello, Where is my order? The Trailhead hiking boots was supposed to arrive two days ago. I paid with the card ending 9392. Appreciate it. — Quinn Okafor",shipping
T-11080,chat,Urgent,my gft card balance shows $214.95 but checkout wouldn ot let me usei t. I contacted you last week about this aand never heard back,billing
T-11081,webform,Tracking question,I paid $79.50 extra for two day shipping and it has been three days. The package was a gift for my partner. Please advise.,shipping
T-11082,email,Question,"Hey, Can the Voltpack 20K power bank charge the Aurora camp lantern over USB. This is for an upcoming canoe trip. Thanks in advance. — Morgan Patel",product-question
T-11083,email,Problem with my order,"Hi, I cancelled order NW-47297 the same day after placing it but the charge of $89.95 still went through. I tried calling but the wait time was over 30 minutes. Thank you. — Taylor Silva",billing
T-11084,chat,Support request,Can the Voltpack 20K power bank charge the Aurora camp lantern over USB. my account shows an order i already cancelled and the charge is still pending on my card??,product-question
T-11085,chat,Problem with my order,the return label you emailed me shows the wrong delivery address for the warehouse. The order had the Otter dry bag and some smaller items in it?,returns-warranty
T-11086,email,Need assistance,What is your return policy on sale items like the Ridgeline 4P tent. I tried calling but the wait time was over 30 minutes. Thanks in advance.,returns-warranty
T-11087,chat,Delivery problem,Can you hold the shipment at a DHL pickup point instead of delivering to my door?,shipping
T-11088,chat,Help,I was charged sales tax no ordre NW-49796 but my state does ot tax clothing. is the torrent rain jacket actually waterproof or just water resistant,billing
T-11089,email,Delivery problem,"Hello Northwwind, If I refuse the package at delivery do I still have to pay return shipping. I need this sorte dbefore the end of the month. Thanks.",shipping
T-11090,webform,Where is my order,"Hello Northwind, The invoice in the box lists a Trailhead trail runners that is not what I was charged for online - which one is actually shipping to me. The order had the Dayhike 22 backpack and some smaller items in it. Thanks.",shipping
T-11091,webform,Shipping delay,"Hello Northwind, I paid $249.95 extra for two day shipping and it has been three days. I paid with the card ending 1750. Please advise.",shipping
T-11092,webform,Damaged product,"Hello Northwind, I received someone else's package with my label on it - I assume they have my Otter dry bag. I have been a customer for three seasons and this is the first problem I have had. Thank you.",returns-warranty
T-11093,email,Urgent,I received someone else's package with my label on it - I assume they have my Trailhead hiking boots. Order number is NW-75423 if that helps. Thank you. — Quinn Brooks,returns-warranty
T-11094,chat,Retuxn label,You sent the wrong item - I ordered the Basecamp camp chair and got a Merino trail socks instead. I paid with the card ending 9907,returns-warranty
T-11095,email,Shipping delay,My package arrived with the box soaked and the Windbreak fleece inside looks damaged. the valve on my trailhead trail runners snapped after a month - i want to make a warranty claim. I need this sorted before the end of the month. Thank you. — Rowan Larsen,shipping
T-11096,webform,Help,"Hello Northwind, Where is my order? The Ember fuel canister was supposed to arrive on Monday. I tried calling but the wait time was over 30 minutes. Appreciate it.",shipping
T-11097,webform,Urgent,"Good morning, How do I change the email address on my account - I no longer have access to the old one. Appreciate it.",account-access
T-11098,webform,Problem with my order,"God morning, The estimated delivery on my order keeps movig - it has changed three times this week. why was i charged $89.95 for shipping when the site says orders over $75 ship free. i returned th cirrus trekking poles and the refund i got was $58.99 short of what i paid. I paid with the card ending 6650. Please advise.",shipping
T-11099,email,Package missing,"Hi, Where is my order? The Aurora camp lantern was supposed to arrive yesterday.",shipping
T-11100,chat,Membership billing,You charged the wrong card - the order should have gone on the card ending 2798. customs is asking me to pay $19.95 in import fees for order nw-63734 - was that supposed to happen,billing
T-11101,email,Late order,The estimated delivery on my order keeps moving - it has changed three times this week. I tried calling but the wait time was over 30 minutes. Thanks in advance.,shipping
T-11102,webform,Membership billing,The promo code WELCOME10 did not apply at checkout and I was charged full price. I contacted you last week about this and never heard back. Please advise.,billing
T-11103,chat,Membership billing,the price of the Cascade 20 sleeping bag dropped to $42.00 the day after I bought it - do you do price adjustments. I have been a customer for years and this is the first problem I have had??,billing
T-11104,webform,Wrong item received,"Hi there, Is the Merino trail socks stillr eturnable if I took the tags off. I paid with the card ending 7366. Please advise.",returns-warranty
T-11105,email,Invoice request,"Hello Northwind, I was charged sales tax on order NW-77498 but my state does not tax clothing. I tried calling but the wait time was over 30 minutes. — Casey Kim",billing
T-11106,chat,Where is my order,Where is my order? The Torrent rain pants was supposed to arrive on Monday. Order number is NW-45244 if that helps.,shipping
T-11107,chat,Support request,please cancel my Trail Club membership - I am still being billed $12.99 a month. I already looked through the help center and could not find an answer?,billing
T-11108,chat,Tracking question,customs is asking me to pay $24.50 in import fees for order NW-78701 - was that supposed to happen. I tried calling but the wait time was over 45 minutes??,shipping
T-11109,email,Support request,"Hey, FedEx tracking shows my package has been sitting in a sort facility for five days. if the cascade 0 sleeping bag does not fit can ii return it for free or is return shipping on me. when will the trailhead trail runners be back in stock in the green colour. I have bee a customr for years and this is the first problem I have had. Thans in advance. — Dana Haddad",shipping
T-11110,webform,Login trouble,"Good morning, Please delete my account and all my personal data. I already looked through the help center and could not find an answer.",account-access
T-11111,email,Support request,"Hi, I received someone else's package with my label on it - I assume they have my Anchor bear canister. I paid with the card ending 5458. Hope you can help.",returns-warranty
T-11112,email,Need assistance,"Hi there, I cannot open the tracking link for my order without signing in and the sign in page just loops. The order had the Drifter paddle and some smaller items in it. Thank you. — Skyler Kim",account-access
T-11113,chat,Support request,I cannot log in to my account - it keeps saying my password is wrong even after I reset it. I paid with the card ending 1440.,account-access
T-11114,webform,Where is my order,"Hello, My packag earrived with the box crushed and theR iverbend sandals insid looks okay. Hope you can hep.",shipping
T-11115,email,Defective item,"Hi there, The strap on my Firefly bug net tore after a month - I want to make a warranty claim. I contacted you a few days ago about this and never heard back. Thanks.",returns-warranty
T-11116,webform,Question,"Hi, M refund was approved but the replacement Summit 65 backpack still has no tracking number. i returned the torrent rain jacket and the refund i got was $79.99 short of what i paid. I paid with the card ending 3908. Please advise.",shipping
T-11117,email,Return request,"Hi, I sent my return back ten days ago and have not heard anything since. I tried calling but the wait time was over 20 minutes. Thanks in advance.",returns-warranty
T-11118,chat,Invoice request,There is a charge from Northwind on my statement for $64.50 that I do not recognize. I contacted you last week about this and never heard back.,billing
T-11119,email,Support request,"Hello Northwind, I need the Anchor bear canister before this weekend - can you expedite shipping. This is for an upcoming canoe trip. Hope you can help.",shipping
T-11120,email,Shipping delay,"Hi there, I need the Lumen 400 headlamp before Saturday - can you expedite shipping. Order number is NW-44183 if that helps. Appreciate it.",shipping
T-11121,chat,Support request,my order NW-64178 was placed four days ago and the tracking still says label created. I paid with the card ending 7877,shipping
T-11122,webform,Problem with my order,"Hello, My return was received three days ago but the refund of $19.99 still is not back on my card. the verification link in the signup email says it has expired. i keep getting logged out every time the app updates. This is for an upcoming camping trip. Thanks.",billing
T-11123,webform,Support request,"Good morning, Is the Drifter 10 kayak stable enough for a beginner on a lake. Appreciate it.",product-question
T-11124,chat,Siznig question,Is the Torrent rain jacket actually waterproof or just water resistant. The package was  agift for my son?,product-question
T-11125,chat,Question,only half of order NW-56071 shoed up - the Basceamp camp chair is missing from the box. This is for an upcoming camping trip,shipping
T-11126,email,Help,"Hi there, My account shows an order I already cancelled and the charge is still pending on my card. Thank you. — Jamie Patel",billing
T-11127,chat,Help,the invoice in the box lists a Drifter 10 kayak that is not what I was charged for online - which one is actually shipping to me. This is for n upcoming camping trip,shipping
T-11128,email,Urgent,"Hello, Is the Drifter 10 kayak stable enough for a beginner on a slow river. Order number is NW-59605 if that helps. — Devon Kaur",product-question
T-11129,webform,Support request,"Hi there ,Do the Trailhead hikin boots run narrow - I am usually a 1.05. I paidw ith the card ending 9945.",product-question
T-11130,email,Where is my order,"Hello Northwind, The invoice in the box lists a Drifter 10 kayak that is not what I was charged for online - which one is actually shipping to me. what is the temperature rating on the cascade 0 sleeping bag really good down to. does the slate sunglasses come with a rainfly. Tahnk you. — Reese Haddad",shipping
T-11131,email,Problem with my order,"Good morning, Can I change the delivery address on order NW-74313 before it ships. I have been a customer for years and this is the first problem I have had. Thanks in advance. — Casey Kim",shipping
T-11132,webform,Tracking question,"Hey, FedEx tracking shows my package has been sitting in customs for two days. The package was a gift for my son. Appreciate it.",shipping
T-11133,webform,Cannnot log in,"Hello othwind, When I log in my order history shows someone else's orders and charegs. Appreciate it.",account-access
T-11134,webform,Cannot log in,"Good morning, The email receipt went to my old address - I need to update where my invoices get gent. if i refuse the package at delivery do i still have to pay return shipping. This is for an upcoming thru-hike. Thanks.",account-access
T-11135,webform,Shipping selay,"Hello, The invoice in the box lists a Torrent rain jacket that is not what I was charged for online - which one is aztuually shipping to me. The order had the Lumen 400 headlamp and some smaller items in it.",shipping
T-11136,email,Double charged,"Hi, My account shows an order I already cancelled andt he charge is still pending on my card. I tried calling but the waitt ime was over 20 minutes. Please advise. — Reese Kim",billing
T-11137,webform,Invoice request,"Hi, Why was I charged $35.95 for shipping when the site says orders over $75 ship free. I paid with the card ending 7677. Thanks.",billing
T-11138,webform,Support request,"Hi, The tracking says my order was delivered but I was charged for shipping insurance I never added. I have been a customer for three seasons and this is the first problem I have had. Thanks.",billing
T-11139,email,Problem with my order,"Good morning, Where is my order? The Cirrus trekking poles was supposed to arrive yesterday. Thanks in advance. — Taylor Garcia",shipping
T-11140,email,Change my email,"Hi, I keep getting logged out every time the app updaes. This is for an uupcoming family trip. Hope you can help. — Quinn Kaur",account-access
T-11141,email,Return status,I am past the 30 day window but the Halo climbing helmet has a manufacturing defect - does the warranty cover it. I placed the order last week. Thanks in advance. — Reese Nguyen,returns-warranty
T-11142,webform,Support request,"Hi, When will the Anchor bear canister be back in stock in the green colour. please delete my account and all my personal data. I placed the order last week. Thanks in advance.",product-question
T-11143,chat,Membership billing,resending this - I was charged twice for order NW-61269 - there are two $89.99 charrges on my card. I contacted you a few days ago about this and never heard back,billing
T-11144,webform,Question,"Hi there, I am past the 30 day window but the Windbreak fleece has a manufacturing defect - does the warranty cover it. The order had the Slate sunglasses and some smaller items in it. Hope you can help.",returns-warranty
T-11145,email,Problem with my order,Myo rder history disappaere after I merged my old account with y new email. Thanks.,account-access
T-11146,email,Order status,"Hello, Customs is asking met o pay $89.95 in import fees for order NW-59934 - was that supposed to happen. I have been a customer for a long time and this is thee first problem I have had. Thanks in advance.",shipping
T-11147,email,Password reset not working,"Hello, The verification link in the signup email says it has expired. This is for an upcoming backpacking trip. Thank yuo.",account-access
T-11148,email,Wrong item received,"Good morning, I am past the 30 day window but the Ember camp stove has a manufacturing defect - does the warranty cover it. Order number isN W-77422 if that yelps. Appreciate it. — Quinn Siilva",returns-warranty
T-11149,email,Sizing qustion,"Hello, If the Halo climbing helmet does not fit can I return it for free or is return shipping on me. where is my order? the aurora camp lantern was supposed to arrive two days ago. The package was a gift for my partner. Thanks in advance.",product-question
T-11150,webform,Help,"Good morning, My order NW-47646 was placed over two weeks ago and the tracking still says label created. Appreciate it.",shipping
T-11151,webform,Problem with my order,The pole on my Cirrus trekking poles broke after one trip-  I waqt to make a warranty claim. Please advies.,returns-warranty
T-11152,email,Question,"Hello, My refund was approved but the replacement Summit 65 backpack still has no tracking number. Order number is NW-51764 if that helps. — Taylor Chen",shipping
T-11153,webform,Warranty claim,"Hi there, The zipper on my Ember fuel canister snapped after two uses - I want to make a warranty claim. I tried calling but the wait time was over 45 minutes. Hope you can help.",returns-warranty
T-11154,webform,Where is my order,I need the Anchor bear canisterb efore Friday - can you expedite shipping. The order had the Firefly bug net and some smaller items in it. Thanks.,shipping
T-11155,chat,Refund not receved,Why was I charged $35.00 for shipping when the site says orders over $75 ship free,billing
T-11156,webform,Loginn trouble,"Hi, My account seems to be locked after too many login attempts. I tried calling but the wait time was over 30 minutes. Thanks in advance.",account-access
T-11157,email,Wrong item eceived,"Good morning, The Drifter paddle showed up defective straight out of the box and I want a replacement. I placed the order last week. Thanks. — Sam Okafor",returns-warranty
T-11158,webform,Help,"Hi there, You split my order into two shipmets and only ont has any tracking movement. I paid ith he card ending 4363. Appreciate it.",shipping
T-11159,email,Charge I do not recognize,"Good morning, I cancelled order NW-63898 an hour after placing it but the charge of $64.00 still went through. Appreciate it. — Skyler Haddad",billing
T-11160,chat,Support request,i want to return the Ridgeline 4P tent I bought with the SUMMER20 promo code - do I get the full price or the discounted price back. Order number is NW-66718 if that helps.,returns-warranty
T-11161,webform,Support request,"Good morning, The return label you emailed me shows the wrong delivery address for the warehouse. I already looked through the help center and could not find an answer. Please advise.",returns-warranty
T-11162,webform,Support request,"Good morning, The Merino trail socks showed up scratched straight out fo the box and I want a replacement. my package arrived with the box toorn open and the voltpack 20k power bank inside looks okay. The package was a gift for my son. Thanks in advance.",returns-warranty
T-11163,webform,Late order,"Good morning, Can you hold the shipment at a UPS pickup point instead of delivering to my door. I already looked through the help center and could not find an answer. Please advise.",shipping
T-11164,webform,Late order,The invoice in the box lists a Torrent rain pants that is not what I was charged for online - wich one is actually shipping to me. This is for an upcoinng thru-hike. Thank you.,shipping
T-11165,email,Support request,The password reset email never arrives - I have checked spam twice. Thanks. — Alex Brooks,account-access
T-11166,email,Question,"Hi there, Please cancel my Trail Club membership - I am still being billed $9.99 a month. I triedc alling but the wait time was over 30 minutes. Appreciate it. — Riley Haddad",billing
T-11167,webform,Help,"Good monring, I received someone else's package with my label on it - I assume they have my Ridgeline 4P tent. I contacied you a few days ago about this annd never heard back. Please advise.",returns-warranty
T-11168,email,Urgent,"Hi, My gift card balance shows $64.95 but checkout would not let me use it. I need this sorted before the end of the month. Appreciate it. — Skyler Larsen",billing
T-11169,email,Order not delivered,"Good morning, You split my order into two shipments ando nly one has any tracking movement. I tried calling bkt the wait time was over 30 mintues. Thanks in advance. — Riley Okafor",shipping
T-11170,chat,Help,The estimated delivery on my order keeps moving - it has changed twice this week. I placed the order last week?,shipping
T-11171,chat,Damaged product,i want to return the Merino trail socks I bought with the TRAIL15 promo code - do I get the full price or the discounted price back. i changed phones and can no longer get the two factor authentication code?,returns-warranty
T-11172,email,Where is my order,"Hi, You split my order into two shipments and only one has any tracking movement. Please advise.",shipping
T-11173,email,Support request,"Hello Northwind, Does the Drifter paddle ever go on sale - it was cheaper during the last promo. Hope you can help.",product-question
T-11174,chat,Question,My order NW-74821 was placed three days ago and the tarcking still says label created. The order hav the Voltpack 20K power bank and some smaller items in it.,shipping
T-11175,email,Problem with my order,"Hello Northwind, My order NW-72984 was placed five days ago and the tracking still says label created. The order had the Ember camp stove and some smaller items in it. Thanks in advance. — Reese Whitfield",shipping
T-11176,chat,Login truoble,i cannot open the tracking link for my order without signing in and the sign in page just loops. The order had the Trailhead trail runners and some smaller items in it,account-access
T-11177,email,Stock question,"Hello, Does the Dayhike 22 backpack ever go on sale - it was cheaper during hte last promo. I already looked through the help center and could not find an answer. — Taylor Larsen",product-question
T-11178,webform,Invoice request,Pleaasse cancel my Trail Club membership - I am still being billed $12.99 a month. how do i change the email address on my account - i no longer have access to the old one. Order number is NW-72318 if that helps. Hope you can help.,billing
T-11179,email,Order status,"Hey, USPS tracking shows my package has been sitting in a sort facility for two days. i cannot open the tracking link for my order without signing in and the sign in page just loops. Thanks in advance.",shipping
T-11180,webform,Need assistance,"Hi, The estimated delivery on my order keeps moving - it has changed three times this week. This is for an upcoming backpacking trip. Appreciate it.",shipping
T-11181,webform,Question,"Good morning, I was charged sales tax on order NW-44361 but my state does not tax clothing. I contacted you last week about this and never heard back. Hope you can help.",billing
T-11182,email,Sizing question,Do the Trailhea hiking boots run narrow - I am usually a 10. rder number is NW-65113 if that helps. Thank you.—  Jamie Okafor,product-question
T-11183,webform,Package missing,"Hi, USPS tracking shows my package has been sitting in customs for two weeks. Order number is NW-58547 if that helps. Thanks.",shipping
T-11184,email,Urgent,My package arrived with the box torn open and the Aurora camp lantern inside looks damaged. Order number is NW-58293 if that helps. Thanks in advance. — Morgan Haddad,shipping
T-11185,webform,Question,"Hello Northwind, The return label you emailed me shows the wrong delivery address for the warehouse. This is for an upcoming family trip. Thanks in advance.",returns-warranty
T-11186,chat,Care instructions,does the jorrent rain pants ever go on sale - it was cheaper during the last promo. I paid with the card ending 6672,product-question
T-11187,chat,Question,i want to return the Glacier 45 cooler I bought with the TRAIL15 promo code - do I get the full price or the discounted price back. the password reset email never arrives - i have checked spam several times?,returns-warranty
T-11188,email,Shipping delay,"HelloN orthwind, Customs is asking me to pay $189.99 in import fees for order NW-53668 - was that suppoosed to happen. i keep getting logged out every time the app updates. I tried calling but the wait time was over 20 minutes. Thanks. — owan Haddad",shipping
T-11189,chat,Compatibility question,How long does shipping usually take to a PO box if I order the Torrent rain pants today. This is for an upcoming canoe trip??,product-question
T-11190,email,Urgent,"Hello Northwind, My exchange shipped but tracking says it is going back to you instead of to mme. I need this sorted before the weekend.",returns-warranty
T-11191,email,Invoice request,"Good morning, There is a charge from Northwind on my statement for $58.00 that I do not recognize. Order number is NW-48533 if that helps. Appreciate it. — Reese Kim",billing
T-11192,email,Problem with my order,Please cancel my Trail Club membership - I am still being billed $12.99 a month. I paid with the card ending 1815. Thank you.,billing
T-11193,email,Before I buy,"Hello, Is the Drifter 10 kayak stjble enough for a beginner on a slow river. Order number is NW-52028 if thath elps. Thnaky ou. — Taylor Silva",product-question
T-11194,chat,Problem with my order,What is the temperature rating on the Cascade 0 sleeping bag really good down to. I already looked through the help center and could not find an answer??,product-question
T-11195,email,Support request,see below. ref NW-59181,returns-warranty
T-11196,webform,Refund not received,"Hi there, Can I get an itemized receipt or invoice for order NW-43906 - I need it for my expense report. I need this sorted before the end of the month. Thanks.",billing
T-11197,webform,Problem with my order,"Hello, The tracking says my order was delivered but I was charged for shipping insurance I never added. Order number is NW-62991 if that helps. Thanks in advance.",billing
T-11198,email,Where is my order,"Hy, The invoice in the box lists a Lumen 400 headlamp that is not what I was charged for onlwne - which one is actually shipping to me. Appreciate it.",shipping
T-11199,chat,Problme with my order,the tracking says my order was delivered but I was charged for shipping insurance I never added. I paid with the card ending 4866.,billing
T-11200,chat,Help,the promo code SUMMER20 did not apply at checkout and I was charged full price. my order history disappeared after i merged my old account with my new email.,billing
T-11201,chat,Account locked,The password reset email never arrrives - I have checked spam twice??,account-access
T-11202,chat,Membership billing,my gift card balance shows $64.99 but checkout would not let me use it. I already looked through the help center and could not find an answer?,billing
T-11203,email,Product question,"Hey, How long does the Lumen 400 headlamp run on a full charge at the highest brigthnes. The package was a gift for my partner. — Daan Brooks",product-question
T-11204,chat,Urgent,uPS tracking shows my package has been sitting in Newark for five days. The package was a gift for my partner.,shipping
T-11205,chat,Support equest,There is a charge from Northwind on my statement for $19.95 that I do not recognize. I placed the order during the sale??,billing
T-11206,email,Problem with my order,"Hey, I want to return the Merino trail socks from order NW-77044 for a refund. I placed the order last week. Thanks in advance.",returns-warranty
T-11207,chat,Help,can the Voltpack 20K power bank charge the Lumen 800 headlamp over USB. I placed the order on the 3rd?,product-question
T-11208,email,Support request,"Hello Northwind, The verification link in the signup email says it has expired. I paid with the card ending 2661. Hope you can help. — Dana Haddad",account-access
T-11209,webform,Need assistance,"Hi, How long does the Lumen 400 headlamp run on a full charge at the highest brightness. This is for an upcoming backpacking trip. Thanks in advance.",product-question
T-11210,webform,Need assistance,"Hey, I want to return the Anchor bear canister I bought with the TRAIL15 promo code - do I get the full price or the discounted price back. Please advise.",returns-warranty
T-11211,email,Delivery problem,"Hey, DHL tracking shows my package has been sitting in Newark for five days. I have been a customer for three seasons aand thisi s the firs problem I have had. Thank you. — Reese Larsen",shipping
T-11212,email,Question,"Hi, I am past the 30 day window btu the Pfufind own vest has a manufacturing defeect - does the warranty cover it. This is for an upcoming camping trip. Thanks. — Jordan Brooks",returns-warranty
T-11213,chat,Order status,my order NW-60391 was placed five days ago and the tracking still says label created. Order number is NW-67788 if that helps.,shipping
T-11214,email,Change my email,"Hello Northwind, I cannot log in to my account - it keeps saying my password is wrong even after I reset it. I tried calling but the wait time was over 20 minutes. Please advise.",account-access
T-11215,webform,Change my email,"Hi, The email receipt went to my old address - I need to update where my invoices get sent. Hope you can help.",account-access
T-11216,chat,Support request,the Cascade 0 sleeping bag does not fit - how do I exchange it for the next size down. I contacted you last week about this and never heard back??,returns-warranty
T-11217,email,Return label,"Hello Northwind, I sent my return back over two weeks ago and have not heard anything since. I paid with the card ending 7379. Appreciate it. — Taylor Chen",returns-warranty
T-11218,chat,Need assistance,you split my order into two shipments and only one has any tracking movement. I already looked through the help center and could not find an answer,shipping
T-11219,email,Oredr not delivered,"Hi there, Where is my order? The Cirrus trekking poles was supposed to arrive on Monday. Thank you. — Jamie Ortiz",shipping
T-11220,webform,Order not delivered,"Good morning, My krder NW-50252 was placed two weeks ago and the tracking still says label created.I  placed the order about ten days ago. Thanks.",shipping
T-11221,chat,Support request,I ws charged twice for order NW-68021 - there are tw $24.50 charges on my card??,billing
T-11222,chat,Before I buy,Can I machine wash the Puffin down vest or is it dry clean only. Order number is NW-64670 if that helps?,product-question
T-11223,webform,Tracking question,"Hello Northwind, UPS tracking shows myp ackage has been sitting in Louisville for a week. The order had the Cascade 20 sleeping bag adn some smaller items in it. Thank you.",shipping
T-11224,email,Exchange needed,"Hey, I was charged a restocking fee of $249.00 on my return - nothing on the site mentioned that. I paid with the card ending 2691. Please advise.",returns-warranty
T-11225,webform,Invoce request,"Hey, Please cancel my Trail Club membership - I am still being billed $12.99 a month. I have been a customer for years and this is the first problem I have had. Hope you can help.",billing
T-11226,chat,Return label,what is your return policy on sale items like the Halo climbing helmet,returns-warranty
T-11227,chat,Product question,do the Trailhead trail runners run wide - I am usually a 9.5. I paid with the card ending 3340.,product-question
T-11228,email,Urgent,"HellloN orthwind,C an I change the delivery address on order NW5-4958 before it ships. Thanks.",shipping
T-11229,webform,Shippign delay,"Hello, I need the Aurora camp lantern before my trip on thi 14th - can you expedite shipping. I contacted you a few days ago about this and never heard back. Please advise.",shipping
T-11230,email,Urgent,"Hello Northwind, My returnw as received four days ago but the refund of $24.5 0still is notb ack on my crd. I placed the order on the 3rd. Thank you.",billing
T-11231,webform,Urgent,"Hello Northwind, There is a charge from Northwind on my statement for $58.95 that I do not recognize. please cancel the exchange on order nw-47599 - i just want my money back on the return instead. the anchor bear canister showed up with a broken clip straight out of the box and i want a replacement. I contacted you last week about this and never heard back. Please advise.",billing
T-11232,chat,Help,my package arrived with the box soaked and the Drifter paddle inside looks damaged. how long does the lumen 400 headlamp run on a full charge at the highest brightness,shipping
T-11233,webform,Stock question,"Hey, Will the Summit 65 backpack fit a 3L water bladder. I placed the order last week.",product-question
T-11234,email,Urgent,"Hi, Is the Torrent rain pants actually waterproof or just water resistant. I placed the order during the sale. Hope you can help. — Avery Larsen",product-question
T-11235,email,Question,"Hi, I paid $249.99 extra for two day shipping adn it has been  aweek. Order number is NW-61308 if that helps. Thanks in advance.",shipping
T-11236,chat,(no subject),sent from my phone. Casey,account-access
T-11237,email,Sizing question,Do the Trailhea hiking boots run narrow - I am usually a 10. rder number is NW-65113 if that helps. Thank you.—  Jamie Okafor,product-question
T-11238,email,Urgent,"Hi, The tracking says my order was delivered but I was charged for shipping insurance I never added. I placed the order about ten days ago. Appreciate it. — Rowan Patel",billing
T-11239,email,Return request,"Good morning, What is your return policy on sale items like the Cascade 0 sleeping bag. the email receipt went to my old address - i need to update where my invoices get sent. I contacted you a few days ago about this and never heard back.",returns-warranty
T-11240,webform,Need asssistance,"Hello, My package arrived with the box soaked and the Torrent rain pants inside looks damaged. I contacted you last week about this and never heard back. Thanks in advance.",shipping
T-11241,email,Need assistance,"Hi there, I need the Glacier 45 cooler before Friday - can you expedite shipping. This is for an upcoming canoe trip. Thank you. — Rowan Garcia",shipping
T-11242,email,Account security concern,"Hello, I keep getting logged out every time the app updates. I have been a customer for years and this is the first problem I have had. Appreciate it.",account-access
T-11243,email,Defective item,"Hey, The return label you emailed me shows the wrong delivery address for the warehouse. I tried calling but the wait time was over 20 minutes.",returns-warranty
T-11244,email,Help,Can you hold the shipment at a FedEx pickup point instead of delivering to my door. Thanks in advance. — Reese Nguyen,shipping
T-11245,chat,Question,You charged teh wrong card - the order shuld have gone on he caard ending 7100. I paid with the card ending 2178.,billing
T-11246,chat,Before I buy,How long does the Lumen 800 headlamp run on a full charge at the highest brightness.,product-question
T-11247,chat,Tracking quesiion,my package arrived with the box crushed and the Ember camp stove inside looks damaged. I already looked through the help center and could not find an answer,shipping
T-11248,email,Question,"Hello Northwind, I want to return the Trailhead hiking boots from order NW-41700 for a rfeund. The package was a gift for a friend. Appreciate it. — Kai Patel",returns-warranty
T-11249,chat,Question,i keep getting logged out every time the app updates.,account-access
T-11250,webform,Question,"He,y I keep getting logged out evry time the app updates. This is fo an upcoming camping trip. hTank you.",account-access
T-11251,chat,Need assistance,how do I get a return shipping label for order NW-42536. I have been a customer for a long time and this is the first problem I have had,returns-warranty
T-11252,webform,Urgent,"Hello, I changed phones and can no longer get the two factor authenntication code. I have been a customer for a long time and this is the first problem I have had.",account-access
T-11253,email,Return status,"Hey, What is your return policy on sale items like the Lumen 800 headlamp. Appreciate it.",returns-warranty
T-11254,webform,Question,"Hi, I cannot log in to my account - it keeps saying my password is wrong even after I reset it. how long does shipping usually take to canada if i order the summit 65 backpack today. what fuel does the ember camp stove take and can i fly with the canister. Hope you can help.",account-access
T-11255,webform,Delivery problem,"Hi there, The tracking page says delivered but there is no package anywhere at my address. The package was a gift for my son. Thanks.",shipping
T-11256,email,Compatibility question,"Good morning, Will the Dayhike 22 backpack fit a 3L water bladder. Hope you can help.",product-question
T-11257,email,Support request,"Hey, Please cancel my Trail Club membership - I am still being billed $12.99 a month. I placed the order last week. Thanks in advance. — Jamie Kim",billing
T-11258,chat,Double charged,You charged the wrong ard - the order shoudl have gone on the card ending 5898. Theo rder had the Lumen 400 headlamp and some smaller items inn it.,billing
T-11259,webform,Cannot log in,"Hello, I think someone else has been using my ajcount - there is an order in my hiistory I nevver placed. Order number is NW-67766 if that helps. Please advise.",account-access
T-11260,webform,Where is my order,"Hey, I need the Ember fuel canister before my trip on the 14th - can you expedite shipping.",shipping
T-11261,webform,Problem with my order,How long does the Lume n800 headlamp run on a full charge at the highest brightness. Order number s NW-50284 if that helps. Thanks in advance.,product-question
T-11262,email,Order not delivered,"Hi there, Can you hold the shmpment at a UPS pickup point instead of delivering to my door. the promo code welcome10 did not apply at checkout and i was charged full price. This is for an upcoming thru-hike. Appreciate it. — Casey Larsen",shipping
T-11263,email,Acconut locked,"Hey, I keep getting logged out every time the app updates. Please advise. — Sam Haddad",account-access
T-11264,webform,Shipping delay,"Hey, FedEx tracking shows my package has been sitting in Memphis for two weeks. i sent my return back over two weeks ago and have not heard anything since. I tried calling but the wait time was over 20 minutes. Thanks in advance.",shipping
T-11265,chat,Damaged product,is the Cascade 0 sleeping bag still returnable wf I washed it. The order had the Drifter 10 kayak and some smaller items in it.,returns-warranty
T-11266,chat,Help,please delete my account and all my personal data. I tried calling but the wait time was over 20 minutes.,account-access
T-11267,email,Sock question,"Hey, Is the Ridgeline 2P tent a true 4-season tent or more of a summer shelter. I tried calling but the wait time was over 45 minutes. Please advise. — Skyler Whitfield",product-question
T-11268,chat,Question,My gift card balance shows $42.50 but checkout would not let me use it. can i machine wash the windbreak fleece or is it dry clean only.,billing
T-11269,webform,Stock question,"Hello Northwind, Will the Dayhike 22 backpack fit a bear canister. This is for an upcoming camping trip. Thanks.",product-question
T-11270,webform,Urgent,The tracking says my order was delivered but I was charged for shipping insurance I never added. i need the glacier 45 cooler before saturday - can you expedite shipping. I placed the order during the sale. Thank you.,billing
T-11271,webform,Stock question,"Hi there, Does the Dayhike 22 backpack come with a rainfly. Hope you can help.",product-question
T-11272,chat,,NW-63553,account-access
T-11273,chat,Double charged,my account shows an order I already cancelled and the charge is still pending on my card. I need this sorted before Friday.,billing
T-11274,email,Login rouble,"Hi, When I log in my order history shows someone else's orders and charges. I have been a customer for years and this is the first problem I have had. Thanks.",account-access
T-11275,webform,Urgent,"Hey, If I refuse the package at delivery do I still have to pay return shipping. is the anchor bear canister still returnable if i opened the packaging. i was charged a restocking fee of $42.99 on my return - nothing on the site mentioned that. I need this sorted before the end of the month. Appreciate it.",shipping
T-11276,email,Help,"Hello Northwind, I was charged a restocking fee of $249.95 on my return - nothing on the site mentioned that. what fuel does the ember camp stove take and can i fly with the canister. Order number is NW-65391 if that helps. Thank you. — Devon Brooks",returns-warranty
T-11277,chat,Tracking question,The invoice in the box lists a Summit 65 backpack that is not what I was charged for online - which one is actually shipping to me. The order had the Ridgeline 4P tent and some smaller items in it??,shipping
T-11278,chat,Membership billing,you refunded the item but not the original shipping cost on order NW-53293. can you hold the shipment at a ups pickup point instead of delivering to my door?,billing
T-11279,webform,Support request,You refunded the item but not the original shipping cost on order NW-41929. I have been a customer for years and this is the first problem I have had. Appreciate it.,billing
T-11280,email,Late order,"Hell Northwind, Where is my order? The Puffin down vest was supposed to arrive yesterday. Hope you can help.",shipping
T-11281,chat,Help,My order history disappeared after I merged my old account with my new email. This is for an upcoming camping trip?,account-access
T-11282,email,Problem with my order,"Hi there, The promo code BASECAMP10 did not apply at checkout and I was charged full price. This is for an upcoming canoe trip. Thank you.",billing
T-11283,chat,Care instructions,is there a charge for the Trail Club membership that comes up at checkout. I already loooked through the help center and could not fin dan answer,product-question
T-11284,email,Help,"Hello Northwind, Please cancel my Trail Club membership - I am still being billed $9.99 a month. Order number is NW-58454 if that helps. Please advise. — Rowan Patel",billing
T-11285,email,Invoice request,I returned the Lumen 400 headlamp and the refund I got was $42.00 short of what I paid. I have been a customer for years and this is the first problem I have had. Thank you. — Morgan Kaur,billing
T-11286,webform,Question,"Good morning, My order NW-44592 was placed a week ago and the tracking still says label created. Please advise.",shipping
T-11287,webform,Shipping delay,"Hey, Where is my order? The Cascade 20 sleeping bag was supposed to arrive last Friday. Order number is NW-55121 if that helps.",shipping
T-11288,email,Change my email,"Good morning, I cannot open the tracking link for my order without signing in and the sign in page just loops. I need this sorted before the weekend. Hope you can help.",account-access
T-11289,email,Question,"Hello, Where is my order? The Torrent rain jacket was supposed to arrive yesterday. This is for an upcoming canoe trip. Thanks in advance. — Quinn Ortiz",shipping
T-11290,email,Question,"Hello, There is a charge from Northwind on my statement for $79.00 that I do not recognize. I paid with the card ending 7913. Thanks in advance.",billing
T-11291,email,Problem with my order,What is your return policy on sale items like the Ridgeline 2P tent. I have been a customer for years and this is the first problem I have had. Thanks in advance. — Casey Whitfield,returns-warranty
T-11292,email,Password reset not working,"Hi, Please delete my account and all my personal data. my order nw-48106 was placed ten days ago and the tracking still says label created. I paid with the card ending 5831.",account-access
T-11293,webform,Urgent,"Good morning, When will the Ember fuel canister be back in stock in the green colour. I need this sorted before the weekend. Thank you.",product-question
T-11294,chat,Help,resending this - My gift card balance shows $312.00 but checkout would not let me use it. I paid with the card ending 1118.,billing
T-11295,webform,Charge I do not recognize,"Good mornng, The price of the Trailhead hiking boots dropped to $24.99 txe day after I bought it - do yoa do price adjustments.",billing
T-11296,chat,Qustion,Wheen will the Dayhike 22 backpack be back in stcok n the greqn colour?,product-question
T-11297,email,Help,I was charged sales tax on order NW-45511 but my state does not tax clothing. I tried calling but the wait time was over 30 minutes. Thanks. — Jordan Ortiz,billing
T-11298,webform,Compatibility question,Is the Drifter 10 kayak stable enough for a beginner on a lake. I already looked through the help center and could not find an answer.,product-question
T-11299,email,Question,"Hello Northwind, I cancelled order NW-68693 an hour after placing it but the charge of $64.99 still went through. I contacted you a few days ago about this and never heard back. Thanks.",billing
T-11300,chat,Need assistance,Can you hold the shipment at a UPS pickup point instead of delivering to my door. I paid with the card ending 6890,shipping
T-11301,email,Order status,The invoice in the box lists a Merino trail socks that is not what I was charged for online - which one is actually shipping to me. Thanks. — Riley Garcia,shipping
T-11302,email,Problem with my order,"Hi there, The Ridgeline 4P tent showed up scratched straight out of the box and I want a replacement. Please advise. — Sam Haddad",returns-warranty
T-11303,webform,Question,"Hello, You split my order into two shipments and only one has any tracking movement. I placed the order during the sale. Hope you can help.",shipping
T-11304,email,Need assistance,"Hello, My package arrived with the box crushed and the Windbreak fleece inside looks damaged. I already looked through the help center and could not find an answer. Hope you can help.",shipping
T-11305,email,Billing question,"Hey, You refunded the item but not the original shipping cost on order NW-56240. Order number is NW-45862 if that helps. Appreciate it. — Reese Larsen",billing
T-11306,chat,Help,There is a charge from Northwind on my statement for $149.50 that I do not recognize. the password reset email never arrives - i have checked spam twice??,billing
T-11307,email,Urgent,"Hello, My refund was approved but the replacement Trailhead hiking boots still has no tracking number. Hope you can help. — Alex Brooks",shipping
T-11308,webform,Shipping delay,"Hi, DHL tracking shows my package has been sitting in Louisville for ten days. Thanks.",shipping
T-11309,chat,Urgent,you split my order into two shipments and only one has any tracking movement. The order had the Cascade 0 sleeping bag and some smaller items in it,shipping
T-11310,chat,Compatibility questoin,Do the Trailhead trail runners run wide - I am usually a 10. I have been a customer for years and this is the first problem I have had.,product-question
T-11311,chat,Supzort request,my package arrived with the box ttorn open and the Halo climbing helmet inside oloks damaged. I need this sorted before the weekend??,shipping
T-11312,email,Need assistance,The tracking page says deivered but there is no package anywhere at my address. The package was a gift for my son. Thanks in advance.,shipping
T-11313,webform,Urgent,Does the Trailhead trail runners ever go on sale - it was cheaper during he last promo. I already looked through the help center and could no tfind an answer. Hope you can help.,product-question
T-11314,email,Order not delivered,"Hello, Customs is asking me to pay $24.99 in import fees for order NW-58005 - was that supposed to happen. Thanks. — Quinn Haddad",shipping
T-11315,email,Need assistance,"Good morning, How do I change the email address on my account - I no longer have access to the old one. Thanks in advance. — Taylor Brooks",account-access
T-11316,email,Account security concern,"Good morning, The email receipt went to my old address - I need to update where my invoices get sent. when will the riverbend sandals be back in stock in size 10. I need this sorted before Friday. Thanks. — Dana Nguyen",account-access
T-11317,chat,Problem with my order,If the Merino trail socks does not fit can I return it for free or is return shipping on me. my order history disappeared after i merged my old account with my new email??,product-question
T-11318,webform,Urgent,"Hello Northwind, Please cancel my Trail Club membership - I am still being billed $12.99 a month. This is for an upcoming camping trip. Hope you can help.",billing
T-11319,email,Help,"Good morning, How do I get a return shipping label for order NW-51249. I need this sorted before the end of the month. Thank you. — Skyler Chen",returns-warranty
T-11320,email,Support request,"Hey, The tracking page ays delvired but there is no package anywhere at my address. I contacted you a few days ago about this and never heard back. Thanks. — DevonG arcia",shipping
T-11321,chat,Before I buy,how long does the Lumen 400 headlamp run on a full charge at the highest brightness. I paid with the card ending 7055,product-question
T-11322,chat,Neyd assistance,UPS tracking shows my package has been sitting in Newark for three days. I tried calling but the wait time was over 45 minutes,shipping
T-11323,email,Need assistance,How long does shipping usually take to Alaska if I order the Trailhead trail runners today. I have been a customer for years and this is the first problem I have had. Please advise. — Taylor Novak,product-question
T-11324,chat,Support request,i paid $189.99 extra for two day shipping and it has been a week. do the trailhead hiking boots run true to size - i am usually a 9.5??,shipping
T-11325,webform,Support request,"Hello Northwind, I want to return the Torrent rain pants I bought with the TRAIL15 promo code - do I get the full price or the discounted price back. I already looked through the help center and could not find an answer. Appreciate it.",returns-warranty
T-11326,webform,Urgent,"Hey, The tracking page says delivered but there is no package anywhere at my address. I already looked through the help center and could not find an answer. Thanks in advance.",shipping
T-11327,email,Help,"Hi, My account shows an order I already cancelled and the charge is still pending on my card. I paid with the card ending 4524. Thank you. — Quinn Ortiz",billing
T-11328,webform,Need assistance,"Hi, I need the Ember camp stove before this weekend - can you expedite shipping. This is for an upcoming thru-hike.",shipping
T-11329,email,Urgent,"Hello, The Firefly bug net does not fit - how do I exchange it for the wide version. The order had the Cirrus trekking poles and some smaller items in it.",returns-warranty
T-11330,chat,Order not delivered,my refund was approved but the replacement Puffin down vest still has no tracking number,shipping
T-11331,chat,Order status,The estpmated delivery on my orde keeps moving - it has changed tice this week.,shipping
T-11332,webform,Need assistance,"Hello, If I refuse the package at delivery do I still have to pay return shipping. i received someone else's package with my label on it - i assume they have my cirrus trekking poles. what is your return policy on sale items like the windbreak fleece. I placed the order during the sale. Hope you can help.",shipping
T-11333,email,Urgent,My order NW-58150 was placed over two weeks ago and the tracking still says label created. This is for an upcoming backpacking trip. Thanks in advance. — Dana Haddad,shipping
T-11334,email,Tracking question,"Hello, I paid $89.00 extra for two day shipping and it has been a week. I contacted you last week about this and never heard back. Hope you can help. — Jordan Chen",shipping
T-11335,email,Payyment issue,"Hey, I was charged sales tax on order NW-75824 but my state does not tax clothing. The order had the Halo climbing helmet and some smaller items in it. Thank you. — Taylor Okafor",billing
T-11336,chat,Need aassistance,the promo code BASECAMP10 did not apply at checkout and I was charged full price?,billing
T-11337,chat,Support request,can I chnage the delivery address on orde NW-52854 before it ships. The package as a gift for my son??,shipping
T-11338,chat,Support reuest,wht is your return polic on sale items like the Puffin down vset .The order had the Otter dry bag and some smaller items in it,returns-warranty
T-11339,email,Support request,"Hi, If the Anchor bear canister does not fit can I return it for free or is return shipping on me. I already looked through the help center and could not find an answer. Hope you can help. — Riley Patel",product-question
T-11340,webform,Support request,Can you hold the shipment at a FedEx pickup point instead of delivering to my door. The package was a gift for my daughter.,shipping
T-11341,chat,Invoice request,Please cancel my Trail Club membership - I am still eing billed $9.99 a month. The package was a gift for a friend,billing
T-11342,email,Spec question,"resending this - Hey, Will the ayhike 22 backpack fit a3 L water bladdre. The orderr had the Halo climbing helmet and some smaller items in it. Please advise. — Rowan Whitfield",product-question
T-11343,email,Support request,"Hey, What fuel does the Ember camp stove take and can I fly with the canister. The package was a gift for my daughter. Please advise. — Jordan Kim",product-question
T-11344,chat,Problem with my order,my refund aws approved btu the replacement Aurora campl antern still has no tracking number.,shipping
T-11345,webform,(no subject),sent from my phone. Casey,returns-warranty
T-11346,email,Where is my order,"Good morning, Only half of order NW-44001 showed up - the Basecamp camp chair is missing from the box. I paid with the card ending 7356. — Morgan Patel",shipping
T-11347,email,Product quetsion,How long does the Lumen 800 headlamp un on a full charge at the highest brightness.  Itried calling but the wait time was over 30 minutes. Thanks. — Reese Haddad,product-question
T-11348,email,Package missing,"following up - Good morning, My order NW-55548 was placed five days ago and the tracking still says label created. I need this sorted before Friday. — Avery Garcia",shipping
T-11349,email,Need assistance,"Hello Northwind, Please cancel the exchange on order NW-76653 - I just want my money back on the return instead. I need this sorted before Friday. Thank you. — Dana Nguyen",returns-warranty
T-11350,email,Account security concern,"Good morning, The password reset email never arrives - I have checked spam twice. I placed the order during the sale. Appreciate it. — Skyler Whitfield",account-access
T-11351,webform,Return status,"Good morning, I sent my return back three days ago and have not heard anything since. my order history disappeared after i herged my old account with mn ew email. i thik someone else has been using my account - there is an order in my history i never placed. The package was a gift for my partner. Hope you can help.",returns-warranty
T-11352,chat,Help,how do I get a return shipping label for orer NW-78659. This is for an upcoming thru-hike.,returns-warranty
T-11353,chat,Delivery problem,If I refuse the package at delivery do I still have to pay return shpping. I contacted you a few days ago about this and never heard back.,shipping
T-11354,webform,Shipping delay,"Hi, FedEx tracking shows my package has been sitting in Memphis for three days. Thank you.",shipping
T-11355,chat,Exchaneg needed,i received someone else's package with my label on it - I assume they have my Otter dry bag. The order had the Slate sunglasses and some smaller items in it.,returns-warranty
T-11356,chat,,?????,shipping
T-11357,chat,Urgent,when will the Drifter paddle be back in stock in iez 10. Order number is NW-70773 if that helps??,product-question
T-11358,email,Wrong item received,"Hello Northwind, How do I get a return shipping label for order NW-51213. the tracking page says delivered but there is no package anywhere at my address. I need this sorted before Friday. Thanks in advance.",returns-warranty
T-11359,email,Help,"Hello, I returned the Riverbend sandals and the refund I got was $89.00 short of what I paid. i cannot log in to my account - it keeps saying my password is wrong even after i reset it. The order had the Trailhead hiking boots and some smaller items in it. Thanks. — Rowan Garcia",billing
T-11360,webform,Support request,"Good morning, I paid $118.00 extra for two day shipping and it has been ten days. please cancel my trail club membership - i am still being billed $12.99 a month. you charged the wrong card - the order should have gone on the card ending 9256. I tried calling but the wait time was over 45 minutes. Appreciate it.",shipping
T-11361,chat,Urgent,is the Torrent rain pants actually waterproof or just water resistant. I already looked through the help center and could not find an answer,product-question
T-11362,email,Damaged product,"Hello, Is the Ember fuel canister still returnable if I opened the packaging. I paid with the card ending 2736. Thank you.",returns-warranty
T-11363,chat,Question,The invoice in the box lists a Voltpack 20K power bank that is not what I was charged for online - which one is actually shipping to me. the verification link in the signup email says it has expired??,shipping
T-11364,webform,Need assistance,"Hi, I returned the Puffin down vest and the refund I got was $118.99 short of what I paid. I paid with the card ending 4639. Thanks in advance.",billing
T-11365,chat,Prblem with my order,You sent the wrong item - I ordered the Halo climbing helmet and got a Slate sunglasses instead. The package was a gift for my son??,returns-warranty
T-11366,chat,Help,Can I change the delivery address on orde rNW-63474 before t ships. I already looked through the help center and could not find an answer,shipping
T-11367,chat,Problem with my order,the promo code TRAIL15 did not apply at checkout and I was charged full price. I paid with the card ending 9573,billing
T-11368,chat,Return label,I want to return the Summit 65 backpack from order NW-48936 for a refund. Order number is NW-42528 if that helps?,returns-warranty
T-11369,email,Shipping delay,I paid $189.99 extra for two day shipping and it has been three days. I contacted you ast week about this and never heard back. Hope you ca nhelp. — Alex Novak,shipping
T-11370,email,Question,"Hello, The price of the Cascade 20 sleeping bag dropped to $149.99 the day after I bought it - do you do price adjustments. I placed the order last week. Hope you can help. — Jamie Brooks",billing
T-11371,chat,Membership billing,I cancelled order NW4-3085 the same day after placing it but the charge of $35.99 sitll went through. I need this sorted before the weekend??,billing
T-11372,chat,Where is my order,i need the Windbreak fleece before this weekend - can you expedite shipping?,shipping
T-11373,email,Sizing quesrion,"Hello Northwind, Is there a charge for the Trail Club membership that comes up at checkout. my order nw-41749 was placed four days ago and the tracking still says label created. The order had the Otter dry bag and some smaller items in it. Thank you. — Morgan Larsen",product-question
T-11374,email,Invoice request,"Hello, The price of the Dayhike 22 backpack dropped to $24.95 the day after I bought it - do you do price adjustments. I contacted you a few days ago about this and never heard back. — Reese Kaur",billing
T-11375,chat,Problem with my order,i want to return the Drifter 10 kayak I bought with the TRAIL15 promo code - do I get the full price or the discounted price back. I have been a customer for three seasons and this is the first problem I have had?,returns-warranty
T-11376,chat,Support request,see below. ref NW-71278,billing
T-11377,chat,Support request,please cancel my Trail Club membership - I am still being billed $9.99 a month. i am past the 30 day window but the trailhead hiking boots has a manufacturing defect - does the warranty cover it,billing
T-11378,email,Question,"Good morning, I cannot open the tracking link for my order without signing in and the sign in page just loops. Order number is NW-43168 if that helps. Thanks in advance.",account-access
T-11379,chat,Warranty claim,I want to return the Lumen 800 headlamp I bought with the TRAIL15 promo code - do I get the full price or the discounted price back. The package was a gift for my daughter,returns-warranty
T-11380,webform,Help,"Hello, Does the Ember camp stove ever go on sale - it was cheaper during the last promo. I tried calling but the wait time was over 30 minutes. Please advise.",product-question
T-11381,chat,Urgent,The invoice in the box lists a Ember fuel canister that is not what I was charged for online - which one is actually shipping to me,shipping
T-11382,email,Shipping delay,"Hello Northwind, If I refuse the package at delivery do I still have to pay return shipping. I tried calling but the wait time was over 20 minutes. Please advise.",shipping
T-11383,email,Order status,"Hello, My package arrived with the box soaked and the Firefly bug net inside looks damaged. Thank you. — Morgan Novak",shipping
T-11384,chat,Urgent,does the Halo climbing helmet ever go on sale - i twas cheaper durin the last promo. This is for an upcoming acnoe trip?,product-question
T-11385,webform,Return label,"Hello, The return label you emailed me shows the wrong delivery address for the warehouse. I need this sorted before Friday.",returns-warranty
T-11386,webform,Support request,"Hello, My account shows an order I already cancelled and the charge is still pending on my card. how do i get a return shipping label for order nw-49459. what is your return policy on sale items like the ember camp stove. This is for an upcoming canoe trip.",billing
T-11387,chat,Charge I do not recognize,why was I charged $58.00 for shipping when the site says orders over $75 ship free. I tride calling but hte wait time was over 45 minutes,billing
T-11388,chat,Support request,the tracking page says delivered but there is no package anywhere at my address. I already looked through the help center and could not find an answer.,shipping
T-11389,email,Need assistance,"Hello Northwind, My order NW-64414 was placed two weeks ago and the tracking still says label created. This is for an upcoming backpacking trip. Hope you caan help.",shipping
T-11390,webform,Package missing,"Hello Northwind, The estimated delivery on my order keeps moving - it has changed twice this week. I placed the ordre during the sale. Thank you.",shipping
T-11391,email,Urgent,"Hey, I want to return the Torrent rain jacket from order NW-45266 for a refund. I already looekd through the help center and could not find an answer. Appreciate it. — Devon Kim",returns-warranty
T-11392,email,Password reste not working,"Hey, I cannot open the tracking link for my order without signing in and the sign in page just loops. I placed the order on the 3rd. — Morgan Chen",account-access
T-11393,email,Support request,"Good morning, The email receipt went to my old address - I need to update where my invoices get sent. I have been a customer for a long time and this is the first problem I have had.",account-access
T-11394,chat,Before I buy,how long does shipping usually take to Canada if I order the Drifter 10 kayak today. I tried calling but the wait time was over 45 minutes,product-question
T-11395,email,Urgent,"Hello, The Firefly bug net does not fit - how do I exchange it for the wide version. The order had the Cirrus trekking poles and some smaller items in it.",returns-warranty
T-11396,email,Membership billing,"Hello, There is a charge from Northwind on my statement for $189.00 that I do not recognize. The order had the Cirrus trekking poles and some smaller items in it. Thanks in advance. — Casey Nguyen",billing
T-11397,webform,Question,"Good morning, My order history dissappeared after I merged my old account with my new email. you sent the wong item - i ordered the lumen 800 headlamp and got a anchor bear canister instead. I placed the order last week. Thanks.",account-access
T-11398,webform,Damaged product,"Hi there, The Torrent rain pants does not fit - how do I exchange it for the next size down. I paid with the card ending 3059.",returns-warranty
T-11399,email,Urgent,"Hello, I paid $189.50 extra for two day shipping and it has been five days. I already looked through the help ceenter and could not find an answer. — Dana Patel",shipping
T-11400,webform,Retun request,"Hey, Is the Torrent rain jacket still returnable if I used it once. I contacted you a few days ago about this and never heard back. Thank you.",returns-warranty
T-11401,email,Support request,"Hey, The price of the Firefly bug net dropped to $249.50 the day after I bought it - do you do price adjustments. Thanks. — Reese Chen",billing
T-11402,email,Product question,"Hey, Is the Torrent rain pants actually waterproof or just water resistant. Please advise.",product-question
T-11403,chat,Question,I caucelled order NW-66577 minutes after placing it but the charge of $98.95 still went through??,billing
T-11404,chat,Waarranty claim,the Firefly bug net does not fit - how do I exchange it for the wide version. The package was a gift for my daughter,returns-warranty
T-11405,email,Urgent,"Hi there, USPS tracking shows my package has been sitting in a sort facility for four days. The package was a gift for a friend. — Skyler Novak",shipping
T-11406,chat,Order not delivered,If I refuse the package at delivery do I still have to pay return shipping??,shipping
T-11407,webform,Question,"Hey, I need the Torrent rain jacket before my trip on the 14th - can you expedite shipping. Thank you.",shipping
T-11408,chat,Delivery problem,my refund was approved but the replacement Merino trail socks still has no tracking number. I tried calling but the wait time was over 30 minutes??,shipping
T-11409,email,Help,"Hey, DHL tracking shows my package has been siting in customs for five days. Order number is NW-63941 if that helpz. Hope you can help. — Quinn Whitfield",shipping
T-11410,email,Question,"Hey, The return label you emailed me shows the wrong delivery address for the warehouse. The package was a gift for a friend. Appreciate it. — Jordan Haddad",returns-warranty
T-11411,webform,Urgent,"Hey, When I log in my order history shows someone else's orders and charges. do the trailhead trail runners run wide - i am usually a 9.5. I tried calling but the wait time was over 45 minutes.",account-access
T-11412,webform,Delivery problem,"Hello Northwind, I need the Torrent rain pants before Saturday - can you expedite shipping. Thanks.",shipping
T-11413,email,Invoice request,"Hi, I was charged twice for order NW-79120 - there are two $129.95 charges on my card. if i refuse the package at delivery do i still have to pay return shipping. Thanks. — Kai Patel",billing
T-11414,email,Urgent,"Hi, Is there a charge for the Trail Club membership that comes up at checkout. what is your return policy on sale items like the ember camp stove. I contacted you a few days ago about this and never heard back. Thank you.",product-question
T-11415,webform,Support request,"Hi, You charged the wrong card - the order should have gone on the card ending 2462. I have been a customer for years and this is the first problem I have had.",billing
T-11416,chat,Question,I was charged sales tax on order NW-48259 but my statte does not tax clothing. I contacted you last week about this and never heard back,billing
T-11417,webform,Urgent,"Hi, You sent the wrong item - I ordered the Lumen 400 headlamp and got a Torrent rain pants instead. I tried calling but the wait time was over 20 minutes.",returns-warranty
T-11418,email,Support request,You refunded the item but not the original shipping cost on order NW-66292. The package was a gift for my partner. Hope you can help. — Devon Novak,billing
T-11419,email,Login trouble,"Hi there, How do I change the email address on my account - I no longer have access to the old one. I tried calling but the wait time was over 45 minutes. Thank you. — Rowan Nguyen",account-access
T-11420,email,Question,"Hi, My gift card balance shows $149.00 but checkout would not let me use it. you split my order into two shipments and only one has any tracking movement. I tried calling but the wait time was over 30 minutes. Please advise. — Alex Chen",billing
T-11421,email,Defective item,"Hello, Is the Cascade 20 sleeping bag still returnable if I used it once. I placed the order on the 3rd. Hope you can help. — Quinn Chen",returns-warranty
T-11422,chat,2FA problem,i cannot log in to my account - it keeps saying my password is wrong even after I reset it. does the ridgeline 4p tent ever go on sale - it was cheaper during the last promo?,account-access
T-11423,webform,Help,"Good morning, My refund was approved but the replacemet Glacier 45 cooler still has no tracking number. Hope yo ucan help.",shipping
T-11424,email,Defective item,"Hey, I am past the 30 day window but the Trailhead hiking boots has a manufacturing defect - does the warranty cover it. Thanks.",returns-warranty
T-11425,email,Spec question,"Hi there, If the Slate sunglasses does not fit can I return it for free or is return shipping on me. the buckle on my ridgeline 2p tent broke after a month - i want to make a warranty claim. the ridgeline 2p tent does not fit - how do i exchange it for the wide version. I have been a customer for years and this is the first problem I have had. Thanks in advance.",product-question
T-11426,chat,Help,Does the Riverbend andals ever go on sale - it was cheaper during the last rpomo. The roder had te Basecamp camp chair and some smaller items in it?,product-question
T-11427,webform,Order status,"Hi there, Only half of order NW-43435 showed up - the Windbreak fleece is missing from the box. Order number is NW-62437 if that helps.",shipping
T-11428,email,Order status,"Hi there, You split my order into two shipments and only one has any tracking movement. how do i change the email address on my account - i no longer have access to the old one. I need this sorted before Friday. Thanks.",shipping
T-11429,chat,Logn trouble,i think someone else has been using my account - there is an order in my history I never placed. I tried calling but the wait time was over 30 minutes,account-access
T-11430,webform,Problem with my order,"Hello Northwind, I am past the 30 day window but the Summit 65 backpack has a manufacturing defect - does the warranty cover it. I have been a customer for years and this is the first problem I have had. Appreciate it.",returns-warranty
T-11431,email,Return status,"Hi, I want to return the Summit 65 backpack from order NW-78483 for a refund. I tried calling but the wait time was over 30 minutes. Please advise. — Avery Novak",returns-warranty
T-11432,chat,Support request,How lng does shipping usually take to Alaska if I order the Voltpack 20K power bank today. how do i get a return shipping label for order nw-73248,product-question
T-11433,webform,Support request,"Good morning, The Merino trail socks showed up scratched straight out fo the box and I want a replacement. my package arrived with the box toorn open and the voltpack 20k power bank inside looks okay. The package was a gift for my son. Thanks in advance.",returns-warranty
T-11434,webform,Invoice request,"Hey, Please cancel my Trail Club membership - I am still being billed $12.99 a month. my exchange shipped but tracking says it is going back to you insttead of to me. I contacted you last week about his nad never heard back.",billing
T-11435,chat,Support request,i think someone else has been using my account - there is an order in my history I never placed??,account-access
T-11436,chat,Order status,You split my order into two shipments and only one has any tracking movement. I contacted you a few days ago about this and never heard back.,shipping
T-11437,email,Help,"Hello, You split my order into two shipments and only one has any tracking movement. is the voltpack 20k power bank still returnable if i washed it. what is your return policy on sale items like the basecamp camp chair. Appreciate it. — Skyler Whitfield",shipping
T-11438,webform,Urgent,The Cascade 20 sleeping bag showed up with a broken clip straight out of the box and I want a replacement. I need this sorted before Friday. Appreciate it.,returns-warranty
T-11439,email,Package missing,"Good morning, My order NW-55548 was placed five days ago and the tracking still says label created. I need this sorted before Friday. — Avery Garcia",shipping
T-11440,email,Cannot log in,"Hello Northwind, My order history disappeared after I merged my old account with my new eail. The order had thq Drifter paddle and some smaller items n it. Hope you can help.",account-access
T-11441,chat,Shipping delay,can I change the delivery address on order NW-53985 before it ships. I paid with the card ending 1948??,shipping
T-11442,email,Order status,"Hello, Only half of order NW-44820 showed up - the Halo climbing helmet is missing from the box. Please advise. — Quinn Nguyen",shipping
T-11443,webform,Help,"Hey, I want to return the Ember camp stove from order NW-68644 for a refund. I tried calling but the wait time was over 20 minutes. Thanks.",returns-warranty
T-11444,chat,Problem with my order,Please cancel my Trail Clu bmemberhhip - I am still eeing billed $9.99 a month. do the trailhead hiking boots run narrow - i am usually a 9.5?,billing
T-11445,chat,Spec question,is the Drifter 10 kayak stable enough for a beginner on flat water. Order number is NW-47061 if that helps?,product-question
T-11446,email,Help,"following up - Hello Northwind, My refund was approved but the replacement Ember camp stove still has no tracking number. The order had the Puffin down vest and some smaller items in it. Thanks. — Morgan Ortiz",shipping
T-11447,webform,Problem with my order,"Hey, You charged the wrong card - the order should have gone on the card ending 5151. I placed the order during the sale. Thank you.",billing
T-11448,chat,Account locked,I keep getting logged out every time the app updates. I tried calling but the wait time was over 30 minutes.,account-access
T-11449,webform,Problem with my order,"Hey, My gift card balance shows $189.99 but checkout would not let me use it. I already looked through the help center and could not find an answer. Hope you can help.",billing
T-11450,webform,Support request,see below. ref NW-41234,shipping
T-11451,email,Spec question,"Hey, Will the Summit 65 backpack fit a bear canister. i cancelled order nw-79701 the same day after placing it but the charge of $42.50 still went through. I need this sorted before Friday. Thank you.",product-question
T-11452,chat,Support request,my package arrived with the box crushed and the Cascade 0 sleeping bag inside looks okay. I already looked through the help center and could not find an answer.,shipping
T-11453,webform,Account locked,"Hello, How do I change the email address on my account - I no longer have access to the old one. i was charged sales tax on order nw-44788 but my state does not tax clothing. can i get an itemized receipt or invoice for order nw-44039 - i need it for taxes. I contacted you a few days ago about this and never heard back. Thank you.",account-access
T-11454,webform,Help,"Hi, The zipper onn my Halo climbing helmet tore after one trip - I want to make a warranty claim. Order number is N-77689 if that helps. Appreciate it.",returns-warranty
T-11455,webform,Where is my order,"Good morning, UPS tracking shows my package has been sitting in Louisville for a week. I already looked through the help center and could not find an answer. Hope you can help.",shipping
T-11456,chat,Question,please delete my account and all my personal data.,account-access
T-11457,webform,Urgent,"Hello, I paid $19.00 extra for two day shipping and it has been a week. The order had the Lumen 800 headlamp and some msaller items in it. Please advise.",shipping
T-11458,chat,Problem with my order,Only half of order NW-44562 showed up - the Lumen 800 headlamp is missing from the box. I placed the order about ten days ago?,shipping
T-11459,email,Double chharged,"Hey, Can I get an itemized receipt or invvoic efor orderN W-56416 - I need it for my exepnse report. Hope you can help.",billing
T-11460,email,Shipping delay,"Hello Northwind, If I refuse the package at delivery do I still have to pay return shipping. I tried calling but the wait time was over 20 minutes. Please advise.",shipping
T-11461,email,Wrong item receievd,"Hi there, I am past the 30 day window but the Puffin down vest has a manufacturing defect - does the warranty cover it. I placed the order about ten days ago. Please advise. — Morgan Chen",returns-warranty
T-11462,chat,Warranty claim,i am past the 30 day window but the Glacier 45 cooler has a manufacturing defect - does the warranty cover it. I need this sorted before Friday?,returns-warranty
T-11463,chat,Defective item,I was charged a restocking fee of $42.95 on my return - nothing on the site mentioned that. The order had the Aurora camp lantern and some smaller items in it.,returns-warranty
T-11464,chat,Order tatus,Where is my order? The Halo climbing helmet was supposed to arrive yesterday. the trailhead hiking boots showed up with a hole in it straight out of the box and i want a replacement?,shipping
T-11465,email,Question,My account seems to be locked after too many login attempts. Please advise. — Rowan Okafor,account-access
T-11466,chat,Urgent,i paid $64.95 extra for two day shipping and it has been five days. Order number is NW-76641 if that helps.,shipping
T-11467,chat,Compatibility question,if the Halo climbing helmet does not fit can I return it for free or is return shipping on me. I need this sorted before the weekend?,product-question
T-11468,email,Wrong item received,"Good morning, What is your return policy on sale items like the Ridgeline 4P tent. Thanks in advance. — Dana Chen",returns-warranty
T-11469,chat,Order status,fedEx tracking shows my package has been sitting in customs for four days. I paid with the card ending 2349??,shipping
T-11470,email,Password reset not working,"Hello Northwind, When I log in my order history shows someone else's orders and charges. can i get an itemized receipt yr invoice for order nw-84524 - i ned it for work .Order number is NW-69243 if that helps. Please advise. — Quinn Novak",account-access
T-11471,email,Where is my order,"Good morning, You split my order into two shipments and only one has any tracking movement. The package was a gift for my daughter. Appreciate it. — Jordan Ortiz",shipping
T-11472,webform,Delivery problem,"Hi there, The invoice in the box lists a Trailhead trail runners that is not what I was charged for online - which one is actually shipping to me. I tried calling but the wait time was over 45 minutes. Thank you.",shipping
T-11473,chat,Question,I was charged sales tax on order NW-49754 but my state does not tax clothing. I need this sorted before the weekend?,billing
T-11474,email,Product question,"Hi there, How long does the Lumen 800 headlamp run on a full charge at the highest brightness. The order had the Lumen 800 headlamp and some smaller items in it. Thanks in advance. — Jordan Brooks",product-question
T-11475,chat,Return label,i want to return the Riverbend sandals I bought with the SUMMER20 promo code - do I get the full price or the discounted price back. I have been a customer for years and this is the first problem I have had.,returns-warranty
T-11476,chat,Wrong item received,The return label you emailed me shows the wrong delivery address for the warehouse. i changed phones and can no longer get the two factor authentication code.,returns-warranty
T-11477,webform,Warranty claim,I am past the 30 day window but the Ridgeline 2P tent has a manufacturing defect - does the warranty cover it. I have been a customer for thee seasons and this is the first problem I have had. Thanks i nadvanec.,returns-warranty
T-11478,webform,Charge I do not recognize,"Hello Northwind, There is a charge from Northwind on my statement for $58.99 that I do not recognize. Order number is NW-77759 if that helps. Thanks.",billing
T-11479,email,Order not delivered,"Hello Northwind, I need the Ember camp stove before Saturday - can you expedite shipping. Thanks. — Taylor Kim",shipping
T-11480,webform,Support request,"Hello, I received someone else's package with my label on it - I assume they have my Ember camp stove. The order had the Cascade 0 sleeping bag and some smaller items in it. Please advise.",returns-warranty
T-11481,webform,Cannot log in,The password reset email never arrivse - I have checked spam severap times. I placed theo rder about ten days ago. Hope you can help.,account-access
T-11482,email,Care instructions,Is there a charge for the Trail Club membership that comes up at checkout. Thank you.,product-question
T-11483,chat,Help,Please cancel my Trail Club membership - I am still being billed $12.99 a month. I contacted you a few days ago about this and never heard back,billing
T-11484,email,Return request,"Good morning, My exchange shipped but tracking says it is going back to you instead of to me. the tracking page says delivered but there is no package anywhere at my address. my refund was approved but the replacement dayhike 22 backpack still has no tracking number. I contacted you last week about this and never heard back. Hope you can help. — Riley Ortiz",returns-warranty
T-11485,email,Account security concern,The verification link in the signup email says it has expired. the lumen 400 headlamp does not fit - how do i exchange it for the next size down.,account-access
T-11486,webform,Urgent,"Hi there, I paid $42.50 extra for two day shipping and it has been four days. how do i chhange the emai address on my acvount - i no longer have access to the old one. please delete my account and all my personal data. I have been a customer for three seasons xnd this is the first problem I have had.",shipping
T-11487,email,Question,"Hi, When will the Ridgeline 4P tent be back in stock in large. there is a charge from northwind on my statement for $129.95 that i do not recognize. The package was a gift for my partner.",product-question
T-11488,webform,Warranty claim,"Hey, I am past the 30 day window but the Dayhike 22 backpack has a manufacturing defect - does the warranty cover it. I already lookked through the elp center and could not find an answer. Thanks in advance.",returns-warranty
T-11489,chat,2FA rpoblem,I changed phones and can no longer get the two factor authentication code. I tried calling but the wait time was over 20 minutes??,account-access
T-11490,webform,Support request,"Good morning, My package arrived with the box crushed and the Windbreak fleece inside looks damaged. I placed the order about ten days ago. Appreciate it.",shipping
T-11491,chat,Package missing,where is y order? The Ember fuel canister was supposed to arirve last Friday. The package was a gift for my partner,shipping
T-11492,webform,Order status,"Hey, My refund was approved but the replacement Basecamp camp chair still has no tracking number. The order had the Lumen 800 headlamp and some smaller items in it. Thank you.",shipping
T-11493,email,Care instructions,"Hello Northwind, If the Torrent rain pants does not fit can I return it for free or is return shipping on me. Thanks in advance. — Taylor Haddad",product-question
T-11494,webform,Product question,"Hello Northwind, How long does the Lumen 400 headlamp run on a full charge at the highest brightness. I paid with the card ending 4486.",product-question
T-11495,webform,Where is my order,"Hello, Customs is asking me to pay $89.99 in import fees for order NW-69183 - was that supposed to happen. I placed the order last week. Hope you can help.",shipping
T-11496,chat,Where is my order,second time sending this. My order NW-71142 was placed ten days ago and the tracking still says label created. I placed the order during the sale.,shipping
T-11497,webform,Support request,"Hi there, The tracking page says delivered but there is no package anywhere at my address. do the trailhead trail runners run narrow - i am usually a 9. Hope you can help.",shipping
T-11498,webform,Problem with my order,"Hi there, I cancelled order NW-42722 the same day after placing it but the charge of $129.00 still went through. i cannot open the tracking link for my order without signing in and the sign in page just loops. I tried calling but the wait time was over 30 minutes. Thanks.",billing
T-11499,chat,Question,My gift card balance shows $89.00 but checkout would not let me use it?,billing
T-11500,email,Help,"Hi, I cancelled order NW-79814 the same day after placing it but the charge of $24.95 still went through. is the ridgeline 4p tent a true 3-season tent or more of a summer shelter. The package was a gift for my partner. Hope you can help. — Rowan Novak",billing
T-11501,chat,Problem with my order,what fuel does the Ember camp stove take and can I fly with the canister. I tried calling but the wait time was over 45 minutes.,product-question
T-11502,email,Need assistance,"Hi there, I paid $249.50 extra for two day shipping and it has been over two weeks. Order number is NW-58228 if that helps. Thank you.",shipping
T-11503,chat,Change my email,The password reset email never arrives - I have checked spam twice?,account-access
T-11504,email,Need asistance,"Hello, I paid $35.50 extra for two day shipping and it has been two weeks. — Morgan Chen",shipping
T-11505,webform,Question,My return was received two weeks ago but the refund of $312.50 still is not back on my card. Order number si NW-43250 if that helps. Please advise.,billing
T-11506,chat,Support request,the invoice in the box lists a Cascade 20 sleeping bag that is not what I was charged for online - which one is actually shipping to me. I need this sorted before the weekend??,shipping
T-11507,chat,Damagedp roduct,the seam on my Ftrefly bug net failed after two uses - I want to make a warranty claim. I have been a customer for three seasons and this si the first problem I have had.,returns-warranty
T-11508,email,Where is my order,"Hi there, Customs is asking me to pay $64.00 in import fees for order NW-75829 - was that supposed to happen. my order history disappeared after i merged my old account with my new email. I placed the order last week. Thank you. — Sam Kaur",shipping
T-11509,email,Change my email,"Good morning, When I log in my order history shows someone else's orders and charges. Order number is NW-50547 if that helps.",account-access
T-11510,email,Where is my order,"Hello Northwind, The estimated delivery on my order keeps moving - it has changed three times this week. Order number is NW-73003 if that helps. Thank you. — Avery Kim",shipping
T-11511,email,Urgent,"Hello, The tracking page says delivered but there is no package anywhere at my address. does the otter dry bag come with a repair kit. does the anchor bear canister ever go on sale - it was cheaper during the last promo. Order number is NW-52700 if that helps. Thanks in advance. — Devon Haddad",shipping
T-11512,email,Support request,see below. ref NW-55834,account-access
T-11513,email,Urgent,"following up - Hey, Can I change the delivery address on order NW-49754 before it sships. I have been a customr for years and this is the first problem I have had. — Morgan Silva",shipping
T-11514,webform,Support request,"Hi, Customs is asking me to pay $35.00 in import fees for order NW-46351 - was that supposed to happen. This is for an upcoming family trip. Thanks.",shipping
T-11515,email,Late order,"Hey, Customs is asking me to pay $189.00 in import fees for order NW-61274 - was that supposed to happen. The package was a gift for my son. Thanks. — Riley Kaur",shipping
T-11516,chat,Question,i sent my return back a week ago and have not heard anything since,returns-warranty
T-11517,email,Urgent,"Hi, Can I get an itemized receipt or invoice for order NW-55343 - I need it for work. The package was a gift for my daughter. Thank you.",billing
T-11518,chat,Return request,i am past the 30 day window but the Merino trail socks has a manufacturing defect - does the warranty cover it. I placed the order about ten days ago??,returns-warranty
T-11519,email,Urgent,The tracking page says delivered but there is no package anywhere at my address. I already looked through the help center and could not find an answer. Thanks in advance.,shipping
T-11520,email,Support request,The invoice in the box lists a Summit 65 backpack that is not what I was charged for online - which one is actually shipping to me. I tried calling but the wait time was over 20 minutes. Thanks.,shipping
T-11521,email,Support request,"Good morning, When will the Trailhead trail runners be back in stock in the green colour. I contacted you last week about this and never heard back. Thanks.",product-question
T-11522,email,Invoice request,"Hey, My gift card balance shows $58.50 but checkout would not let me use it. Appreciate it. — Dana Whitfield",billing
T-11523,chat,Problem with my order,There is a charge from Northwind on my statement for $19.00 that I do not recognize. I paid with the card ending 9729.,billing
T-11524,webform,Return request,"Hi, I sent my return back a week ago and have not heard anything since. I tried calling but the wait time was over 20 minutes. Please advise.",returns-warranty
T-11525,email,Refund not received,"Good morning, My gift card balance shows $118.99 but checkout would not let me use it. Thanks.",billing
T-11526,chat,Question,If the Windbreak fleece does not fit can I return it for free ori s return shipping on me. I have been a customer for years and this is the first problem I have had,product-question
T-11527,email,Before I buy,"Hello, Is the Drifter 10 kayak stable enough for a beginner on a slow river. I need this sorted before Friday. Thanks in advance. — Morgan Haddad",product-question
T-11528,webform,Urgent,"Hello Northwind, UPS tracking shows my package has been sitting in Memphis for five days. I need this sorted before the end of the month. Please advise.",shipping
T-11529,webform,Help,"Hi, Does the Voltpack 20K power bank come with a repair kit. I tried calling but the wait time was over 20 minutes.",product-question
T-11530,email,Promo code problem,"Hello, The promo code WELCOME10 did not apply at checkout and I was charged full price. I placed the order during the sale. Thank you. — Avery Brooks",billing
T-11531,email,Need assistance,"Good morning, Only half of order NW-69799 showed up - the Ember fuel canister is missing from the box. I contacted you a few days ago about this and never heard back. Please advise. — Rowan Chen",shipping
T-11532,webform,Support request,"Hey, If I refuse the package at delivery do I still have to pay return shipping. This is for an upcoming family trip. Thank you.",shipping
T-11533,webform,Question,"Hey, pow do I get a return shipping label for order N-W50782. This is for an pcoming camping trip. Thanks in advance.",returns-warranty
T-11534,webform,Need assistaance,"Hi, Can Im achine wash the Merino trail sockss or i it dry clean only. Thanks in advance.",product-question
T-11535,email,Help,"Hello Northwind, DHL tracking shows my package has been sitting in Newark for two days. I contacted you a few days ago about this and never heard back. Appreciate it. — Reese Nguyen",shipping
T-11536,email,Probelm with my order,"Hello Northwind, What is the temperature rating on the Cascade 0 sleeping bag really good down to. This is for an upcoming family trip.",product-question
T-11537,email,Help,"Good morning, I cancelled order NW-48950 the same day after placing it but the charge of $129.00 still went through. Please advise. — Jordan Kim",billing
T-11538,email,Help,"Hello Northwind, I want to return the Lumen 800 headlamp from order NW-54616 for a refund. The package was a gift for my son.",returns-warranty
T-11539,chat,Need assiistance,Please cancel my Trail Club membership - I am still being billed $12.99 a month. I already looked through the help center and could not find an answer,billing
T-11540,webform,Problem with my order,"Hey, Can the Voltpack 20K power bank charge the Aurora camp lantern over USB. I placed the order on the 3rd. Appreciate it.",product-question
T-11541,email,Billing question,"Hey, You charged the wrong card - the order should have gone on the card ending 4798. I already looked through the help center and could not find an answer. Thanks in advance. — Kai Larsen",billing
T-11542,webform,Problem with my orer,"Hey, Can the Voltpack 20K power bank charge the Aurora camp lantern over USB. i sent my return back over two weeks ago and have not heard anything since. is the lumen 400 headlamp still returnable if i used it once. Please advise.",product-question
T-11543,chat,Change my email,The password reset email never arrives - I have checked spam several times. i want to return the cascade 0 sleeping bag from order nw-70608 for a refund.,account-access
T-11544,email,Compatibility question,Does the Lumen 800h eadlamp come with a stuff sack. I placed the order on the 3rd. Please advise.  —Kai Whitfield,product-question
T-11545,email,Double charged,You refunded the item but not the original shipping cost on order NW-53397. I have been a customer for a long time and this is the first problem I have had. Thanks. — Morgan Silva,billing
T-11546,email,Support request,"Hey ,The tracking page says delivered but there is no package anywhere at my address. what is the tempreature rating n the cascade 20 sleeping bag really good down to. I contacted you a few days ago about this and never heard back.",shipping
T-11547,email,Help,"Hi there, Can I machine wash the Merino trail socks or is it dry clean only.",product-question
T-11548,email,Help,"Hey, You sent the wrong item - I ordered the Lumen 400 headlamp and got a Halo climbing helmet instead. The package was a gift for my daughter. Appreciate it.",returns-warranty
T-11549,chat,Product question,following up - is the Ridgeline 4P tent a true 3-season tent or more of a summer shelter. the tracking page says delivered but there is no package anywhere at my address??,product-question
T-11550,webform,Support request,Theer is a charge from Northwind on my statment for $129.00 that I do not reccognize. I need this sorted before Friday. Thanky ou.,billing
T-11551,chat,Billing question,My account shows an order I already cancelled and the charge is still pending on my card. i paid $42.50 extra for two day shipping and it has been five days??,billing
T-11552,chat,Problem with my order,I returned the Ridgleine 4P tent and the refund I got was $89.00 short of whzt Ip aid??,billing
T-11553,email,Problem with my order,"Hey, CanI  get an itemized receipt or invoice for order NW-52662 - I need it for my expense report. ppreciate it. — Casey Brooks",billing
T-11554,webform,Question,"Good morning, My package arrived with the box soaked and the Basecamp camp chair inside looks okay. i keep getting logged out every time the app updates. I placed the order last week. Thanks in advance.",shipping
T-11555,webform,Billing question,"Hi there, My account shows an order I already cancelled and the charge is still pending on my card. I contacted you last week about this and never heard back. Appreciate it.",billing
T-11556,email,Urgent,Customs is asking me to pay $89.99 in import fees for order NW-73397 - was that supposed to happen. I contacted you a few days ago about this and never heard back.,shipping
T-11557,email,Change my email,I think someone else has been using my account - there is an order in my history I never placed. I paid with the card ending 3327. Thanks. — Kai Kaur,account-access
T-11558,webform,Where is my order,"Hello, My refund was approved but the replacement Summit 65 backack still has no tracking number. Please advise.",shipping
T-11559,webform,Membership billing,"Hello Northwind, The price of the Torrent rain jacket dropped to $249.99 the day after I bought it - do you do price adjustments. Order number is NW-46426 if that helps.",billing
T-11560,email,Help,"Good morning, Please delete my account and all my personal data. I placed the order last week. Hope you can help.",account-access
T-11561,webform,Need assistance,"Hi there, Is the Puffin down vest still returnable if I washed it. I tried calling bu tthe wait time was over 30 minutes. Thank you.",returns-warranty
T-11562,email,Urgent,please call me back 521-555-8238,product-question
T-11563,chat,Login trouble,please delete my account and all my personal data. The package was a gift for my daughter?,account-access
T-11564,chat,Help,i returned the Ember camp stove and the refund I got was $64.95 short of what I paid. The package was a gift for a friend?,billing
T-11565,webform,Need assistance,"Hi there, The Basecamp camp chair does not fit - how do I exchange it for the next size up. I have been a customer for three seasons and this is the first problem I have had. Please advise.",returns-warranty
T-11566,chat,Help,You sent the wrong item - I ordered the Glacier 45 cooler and got a Anchor bear canister instead. I placed the order during the sale.,returns-warranty
T-11567,chat,Care instructions,How long does the Lumen 800 headlamp run on a full charge at the highest brightness. I have been a customer for years and this is the first problem I have had,product-question
T-11568,webform,Problem with my order,"Hi there, I was charged sales tax on order NW-59028 but my state does not tax clothing. i received someone else's package with my label on it - i assume they have my summit 65 backpack. The package was a gift for my son. Hope you can help.",billing
T-11569,webform,Login trouble,"Hello, When I log in my order history shows someone else's orders and charges. I paid with the card ending 9679. Appreciate it.",account-access
T-11570,email,Before  buy,"Hey, Dooes the Drifter 10 kayak ever go on sale - it was cheaper during thv last promo. This is for an pucoming camping trip. Thanks in advance.",product-question
T-11571,chat,Double charged,i was charged sales tax on order NW-57902 but my state does not tax clothing. I paid with the card ending 3676??,billing
T-11572,email,Urgent,please call me back 730-555-8661,product-question
T-11573,webform,Need assistance,"Hi, How do I get a return shipping label for order NW-51290. I tried calling but the wait time was over 45 minutes. Thanks.",returns-warranty
T-11574,email,Account locked,"Hey, Please ddelete my account and all my personal data. I placed the order about ten days ago. Thanks in advance. — organ Garcia",account-access
T-11575,email,Account locked,"Hi, I changed phones and can no longer get the two factor authentication code. I tried calling but the wait time was over 30 minutes. Please advise. — Kai Chen",account-access
T-11576,email,Stock question,"Hi there, How long does th eLumen 400 headlamp run on a full charge at the highest brightness. I have been a customer for three seasons and this is the first problem I have had. Thank you. — Casey Kaur",product-question
T-11577,email,Product question,"Good morning, How long does the Lumen 400 headlamp rn on a full charge at the hiphest brightness. I contacted you last week about this and never heard back. Please advise. — Rowan Okafor",product-question
T-11578,email,Help,"Hello, The tracking page says delivered but there is no package anywhere at my address. — Reese Brooks",shipping
T-11579,webform,Support requeest,I cannot log in to my account - it keeps saying my password is wrong even after I reset it. I placed the order last week. Please advise.,account-access
T-11580,chat,Question,you sent the wrong item - I ordered the Drifter paddle and got a Ember fuel canister instead??,returns-warranty
T-11581,email,Support request,"resending this - Hi, My order NW-43895 was placed three days ago and the tracking still says label created. I placed the order on the 3rd. Appreciate it. — Quinn Kim",shipping
T-11582,chat,Charge I do not recognize,please cancel my Trail Club membership - I am still being billed $12.99 a month. The order had the Lumen 800 headlamp and some smaller items in it,billing
T-11583,webform,Need assistance,"Hello Northwind, I was charged sales tax on order NW-52649 but my state does not tax clothing. my exchange shipped but tracking says it is going back to you instead of to me. you sent the wrong item - i ordered the drifter 10 kayak and got a lumen 800 headlamp instead. Order number is NW-53218 if that helps. Please advise.",billing
T-11584,webform,Problem with my order,"Hello, My return was received over two weeks ago but the refund of $149.50 still is not bak on my card. I paid with the card ending 9044. Thanks in advance.",billing
T-11585,webform,Invoice request,"second time sending this. Hello Northwind, I cancelledo rer NW-46110 minutes after placing it but the charge of $24.50 still went through. I contacted you a few days ago baout this and never heardb ack. Appreciate it.",billing
T-11586,email,Support request,"Hey, Will the Summit 65 backpack fit a laptop. I have been a customer for a long time and this is the first problem I have had. Please advise.",product-question
T-11587,webform,Damaged product,I was charged a restocking fee of $149.00 on my return - nothing on the site mentioned that. The order had the Cascade 0 sleeping bag and some smaller items in it.,returns-warranty
T-11588,webform,Order not delivered,"Hi there, My refund was approved but the replacement Ridgeline 4P tent still has no tracking number. the return label you emailed me shows the wrong delivery address for the warehouse. I already looked through the help center and could not find an answer. Thanks.",shipping
T-11589,chat,Shipping delay,if I refuse the package at delivery do I still have to pay return shipping. I paid with the card ending 9706?,shipping
T-11590,email,Support equest,How do I change the email address on my account - I no longer have access to the old one. I need this sorted before the weekend. Thanks in advance.,account-access
T-11591,email,Exchange needed,"Hi, You sxnt the wrong item - I ordered the Summit 65 backpack and got a Riverbend sandals instead. Order number is NW-61751 if that helps. Please advise.",returns-warranty
T-11592,webform,Tracking question,"Hey, The estimated delivery on my order keeps moving - it has changed twice this week. Thank you.",shipping
T-11593,webform,Need assistance,"resending this - Hi there, The estimated delivery on my order keeps moving - it has changed three times this week. I contacted you last week about this and never heard back. Please advise.",shipping
T-11594,email,Refund not received,I cancelled order NW-66838 the same day after placing it but the charge of $312.00 still went through. I paid with the card ending 7047. Appreciate it. — Avery Okafor,billing
T-11595,webform,Delivery problem,"Hey, My refund was approved but the replacement Trailhead trail runners still has no tracking number. I placed the order last week. Hope you can help.",shipping
T-11596,webform,Sizing question,"Hello, Do the Trailhead trail runners run wide - I am usually a 10. I paid with the card ending 3301. Thanks.",product-question
T-11597,webform,Urgent,UPS tracking shows my package has been sitting in Memphis for over two weeks. I placed the order last week. Thank you.,shipping
T-11598,email,Invoice request,Please cancel my Trail Club membership - I am still being billed $12.99 a month. I tried calling but the wait time was over 30 minutes. Please advise.,billing
T-11599,email,Wrong item received,"Hi, What is your return policy on sale items like the Cirrus trekking poles. how long does shipping usually take to alaska if i order the cirrus trekking poles today. I have been a customer for a long time and this is the first problem I have had. Appreciate it.",returns-warranty
T-11600,chat,Question,My refund was approved but the replacement Basecamp camp chair still has no tracking number. I need this sorted before the weekend.,shipping
T-11601,webform,Problem with my order,"resending this - Good morning, There is a charge from Northwind on my statement for $24.99 that I do not recognize. I paid with the card ending 8582. Thank you.",billing
T-11602,webform,Help,"Good morning, Do the Trailhead hiking boots run true to size - I am usually a 9.5. my exchange shipped but tracking says it is going back to you instead of to me. This is for an upcoming thru-hike. Thanks in advance.",product-question
T-11603,chat,Support request,How do I get a return shipping label for order NW-76994. The order had the Basecamp camp chair and some smaller items in it,returns-warranty
T-11604,chat,Delivery problem,i paid $64.99 extra for two day shipping and it has been over two weeks. The order had the Halo climbing helmet and some smaller items in it?,shipping
T-11605,chat,Late order,I need the Aurora camp lantern before Saturday - can you expedite shipping. I have been a customer for three seasons and this is the first problem I have had,shipping
T-11606,webform,Invoice request,"Hi, I cancelled order NW-51003 minutes after pplacing it butt the chaeeg of $64.99 still went through. can the voltpack 20k power bank charge the lumen 800 headlamp over usb. I have been a customer for three seasons and this is the first problem I have had. Hope you can help.",billing
T-11607,chat,Need assistance,The password reset email never arrives - I have checked spam several times. the promo code basecamp10 did not apply at checkout and i was charged full price?,account-access
T-11608,email,Support request,"Hi, The price of the Lumen 400 headlamp dropped t $118.50 the day after I bought it - do you do price adjustments. I paid with the card ending 2553. Thankl in advance.",billing
T-11609,chat,Exchange needed,The Ridgeline 2P tent showed up with a broken clip straight out of the box and I want a replacement. does the summit 65 backpack come with a warranty.,returns-warranty
T-11610,webform,Problem with my order,"Hello Northwind, I was charged twice for order NW-46387 - there are two $214.99 charges on my card. I paid with the card ending 3132.",billing
T-11611,webform,Urgent,The Puffin down vest showed up scratched straight out of the box and I want a replacement. The package was a gift for a friend. Thanks.,returns-warranty
T-11612,webform,Beffore I buy,"Hi, If the Otter dry bag does not fit can I return it for free or is return shipping on me. customs is asking me to pay $35.95 in import fees for order nw-48698 - was that supposed to happen. The order had the Ember fuel canister and some smaller items in it. Thanks.",product-question
T-11613,chat,Urgent,please cancel my Trail Club membership - I am still being billed $12.99 a month. I need this sorted before the weekend?,billing
T-11614,webform,Package missing,"Good morning, Customs is asking me to pay $189.50 in import fees for order NW-76395 - was that supposed to happen. The order had the Slate sunglasses and some smaller items in it.",shipping
T-11615,webform,Need assistance,"Hello, I was charged sales tax on order NW-42762 but my state does not tax clothing. Order number is NW-53740 if that helps. Thank you.",billing
T-11616,webform,Shipping delay,"Hey, Can I change the delivery address on order NW-49872 before it ships. I contacted you last week about this and never heard back. Hope you can help.",shipping
T-11617,webform,Urgent,"Hey, My reurn was received two weeks ago but the refund of $129.50 still is not back on my card. I need this sorted before Friday. Thank you.",billing
T-11618,chat,Question,is the Torrenm rain pants actualvy waterproof or just wwter resistant. I paid witht he card ending 4457?,product-question
T-11619,chat,Order status,only half of order NW-63346 showed up - the Merino trail socks is missing from the box. I placed the order about ten days ago,shipping
T-11620,chat,Need assistance,Thee Merino rail socks does not fit -h ow do  exchange it for the next size down. This is for an upcoming family trip?,returns-warranty
T-11621,webform,Urgent,please call me back 763-555-7801,product-question
T-11622,email,Need assistance,"Hi there, When will the Windbreak fleece be back in stock in large. I already looked through the help center and could not find an answer. Thanks.",product-question
T-11623,chat,Problem with myo rder,there is a charge from Northwind on my statement for $149.99 that I do not recognize. I paid with the card ending 6020.,billing
T-11624,email,Help,"Good morning, I want to return the Summit 65 backpack from order NW-79222 for a refund. I contacted you last week about this and never heard back. Thanks in advance.",returns-warranty
T-11625,email,Promo code problem,Your efunded the itemb u tnot the original shipping cost on order NW-72328. — Jamie Kim,billing
T-11626,email,Urgent,"Hi there, My order NW-46023 was placed ten days ago and te tracking still says label created. I contaced you lat week about this andn ever heard back. Thanks. — Taylor Haddad",shipping
T-11627,chat,Help,how do I get a return shipping label for orderr NW-77412. I placed the orer during tye sale.,returns-warranty
T-11628,email,Wrong item received,"Hey, Is the Dayhike 22 backpack still returnable if I opened the packaging. The order had the Summit 65 backpack and some smaller items in it. Thanks. — Jordan Whitfield",returns-warranty
T-11629,email,Help,"Hi there, My refund was approved but the replacement Torrent rain jacket still has no tracking number. The order had the Lumen 800 headlamp and some smaller items in it. Thanks in advance. — Rowan Brooks",shipping
T-11630,webform,Order not delivered,"Hi there, The estimated delivery on my order keeps moving - it has changed three times this week. I contacted you last week about this and never heard back. Hope you can help.",shipping
T-11631,webform,Need assistance,"Good morning, I paid $149.50 extra for two day shipping and it has been a week.",shipping
T-11632,chat,Support request,the promo codde WELCOME10 did not apply at checkout and I was charged full price. Order number is NW-63619 if th helps??,billing
T-11633,chat,Spec question,Do the Trailhead trail runners run narrow - I am usually a 9.5. I already looked through the help center and could not find an answer??,product-question
T-11634,webform,Need assistance,"Hi, I returned the Puffin down vest and the refund I got was $118.99 short of what I paid. I paid with the card ending 4639. Thanks in advance.",billing
T-11635,email,Help,"Hello, The tracking page says delivered but there is no package anywhere at my address. I need this sorted before Friday. Please advise. — Dana Kaur",shipping
T-11636,chat,Problem with my order,Is the Drifter 10 kayak stable enough fox a beginner on a slow river. I tried calling but the wait time was over 45 minuttes??,product-question
T-11637,chat,Before I buy,when will the Basecamp camp chair be back in stock in the green colour. The package was a gift for my daughter,product-question
T-11638,chat,Change my email,when I log in my order history shows someone else's orders and charges. I already looked through the help center and could not find an answer,account-access
T-11639,email,Support request,"Hello Northwind, Does the Summit 65 backpack ever go on sale - it was cheaper during the last promo. The order had the Otter dry bag and some smaller items in it. Thanks in advance. — Jordan Whitfield",product-question
T-11640,webform,Question,"Hello Northwind, My refund was approved but the replacement Cascade 0 sleeping bag still has no tracking number. i was charged a restocking fee of $64.99 on my return - nothing on the site mentioned that. I paid with the card ending 1567. Hope you can help.",shipping
T-11641,email,Support request,"Good morning, When I log in my order history shows someone else's orders and charges. I contacted you last week about this and never heard back. Thanks. — Riley Novak",account-access
T-11642,chat,Exchange needed,the buckle on my Ember fuel canister broke after one weekend - I want to make a warranty claim. I paid with the card ending 4516,returns-warranty
T-11643,chat,Damaged product,The pole on my Summit 65 backpack snapped after two uses - I want to make a warranty claim. I tried calling but the wait time was over 20 minutes.,returns-warranty
T-11644,email,Problem wit my order,Will the Dayhike 22 backpack fit a laptop. The package was a gift for my son. Hope you can help. — Jordan Haddad,product-question
T-11645,chat,Order not delivered,you split my order into two shipments and only one has any tracking movement.,shipping
T-11646,email,Question,"Hi there, Does the Lumen 800 headlamp ever go on sale - it was cheaper during the last promo. Please advise. — Dana Whitfield",product-question
T-11647,email,Problem with my order,"Hello Northwind, The return label you emailed me shows the wrong delivery address for the warehouse. Order number is NW-75830 if that helps. Appreciate it.",returns-warranty
T-11648,email,Urgent,"Hello, Does the Halo climbing helmet come with a stuff sack. what is your return policy on sale items like the aurora camp lantern. I already looked through the help center and could not find an answer. Thanks. — Jamie Okafor",product-question
T-11649,chat,Order status,the invoice in the box lists a Windbreak fleece that is not what I was charged for online-  which one is actually shipping to me. the verification link in the signup email says it has expired?,shipping
T-11650,email,Defpctive item,"Hey, My exchange shipped but tracking says it is going back to you instead of to me. Appreciate it.",returns-warranty
T-11651,email,Stock question,"Hey, How long does shipping usually take to Hawaii if I order the Ember fuel canister today. I contacted you last week about this and never heard back. — Jamie Whitfield",product-question
T-11652,chat,(no subject),sent from my phone. Dana,product-question
T-11653,webform,Urgent,"Hello Northwind, USPS tracking shows my package has been sitting in Newark for ten days. you refunded the item but not the original shipping cost on order nw-78933. The order had the Basecamp camp chair and some smaller items in it. Thanks in advance.",shipping
T-11654,chat,Support request,i was charged twice for order NW-67184 - there are two $19.00 charges on my card. if tthe trailhead trail runners does not fit can i return it foh free or is return sshipping on me??,billing
T-11655,email,Problem with my order,You refunded the item but not thee original shipping cost on order NW-67758. i cannot log in to my account - it keeps saying my password isw rong even after i reset it. the verification link in the signup emaill says it hase xpired. I have been a customer for three seasons and this is the first problem I have had. Thanks in advance. — Dana Chen,billing
T-11656,webform,Account lcked,"Hey, How do I change the email address on my account - I no longer have access to the old one. I have been a customer for three seasons and this is the first problem I have had. Please advise.",account-access
T-11657,email,Billin gquestion,Please cancel my Trail Club membership - I am still being billed $9.99 a month. I have been a customer for three seasons and this is the first problem I have had. Thanks.,billing
T-11658,webform,Support request,"Hi there, I received someone else's package with my label on it - I assume they have my Glacier 45 cooler. I paid with the card ending 6495. Hope you can help.",returns-warranty
T-11659,webform,Help,"Hello Northwind, Where is my order? The Anchor bear canister was supposed to arrive last Friday. I contacted you last week about this and never heard back.",shipping
T-11660,email,Exchange needed,"Hi, I received someone else's package with my label on it - I assume they have my Trailhead hiking boots. I already looked through the help center and could not find an answer. Thanks in advance. — Reese Whitfield",returns-warranty
T-11661,chat,Need assitance,the estimated delivery on my order keeps moving - it has changed three times this week. The package was a gift for a friend??,shipping
T-11662,email,Help,My exchange shipped but tracking says it is going back to you instead of to me. I have been a customer for a long time and this is the first problem I have had. Please advise.,returns-warranty
T-11663,email,Support request,see below. ref NW-47882,product-question
T-11664,webform,Late order,"Hey, Where is my order? The Basecamp camp chair was supposed to arrive last Friday. I placed the order about ten days ago.",shipping
T-11665,chat,Warranty claim,I sent my return back ten days ago and have not heard anything since. I already looked through the help center and could not find an answer??,returns-warranty
T-11666,email,Support request,"Hello Northwind, The tracking page says delivered but there is no package anywhere at my address. Thank you.",shipping
T-11667,webform,Late order,My package arrived with the box torn open and the Halo climbing helmet inside looks okay. I need this sorted before the weekend. Hope you can help.,shipping
T-11668,chat,Cannot log in,My account seems to be locked after too many login attempts. Order nuber is NW-72438 if that helps,account-access
T-11669,email,Billing question,My gift card balance shows $89.99 but checkout would not let me use it. I already looked through the help center and could not find an answer. ope you can help. — Sam Haddad,billing
T-11670,email,Refund not received,"Hi there, I returned the Merino trail socks and the refund I got was $189.00 short of what I paid. I already looked tthrough the help center and could not find an answr. Thank you.",billing
T-11671,chat,Care instructions,Do the Trailhead hiking boots run narrow - I am usually a 11. I already looked through the help center and could not find an answer.,product-question
T-11672,email,Problem with my order,"Hello, I think someone else has been using my account - there is an order in my history I never placed. I paid with the card ending 9065. — Rowan Larsen",account-access
T-11673,email,Question,"Hello Northwind, I sent my return back four days ago and have not heard anything since. I contacted you a few days ago about this and never heard back. — Avery Garcia",returns-warranty
T-11674,webform,Cannot log in,"Good morning, I chasged phones and can no longer get teh two factor authenticaation code. i received someone else's package with my label on it - i assume they have my riverbend sandals. the seam on my trailhead hiking boots failed after a month - i want to make a warranty claim.  Ipaid with the card ending 1345. Thank you.",account-access
T-11675,chat,Care instructions,What fuel does the Ember camp stove take and can I fly with the canister. The order had the Cascade 0 sleeping bag and some smaller items in it.,product-question
T-11676,webform,Urgent,"Hi there, Does the Drifter 10 kayak ever go on sale - it was cheaper during the last promo. I already looked through the help center and could not find an answer. Appreciate it.",product-question
T-11677,webform,Exchange needed,"Hi here, Waht is your return policy on sale items like the Merino trail socks. I contacted you a few days ago about this and never heard back. Please advise.",returns-warranty
T-11678,webform,Exchange needed,"Hello Northwind, How do I get a return shipping label for order NW-61167. The order had the Voltpack 20K power bank and some smaller items in it. Please advise.",returns-warranty
T-11679,webform,Spec question,"Hi, If the salo climbing helmet does not fit can I return it for free or is returf shipping on me.",product-question
T-11680,webform,Need assistaance,"following up - Hi, Can Im achine wash the Merino trail sockss or i it dry clean only. Thanks in advance.",product-question
T-11681,webform,Urgent,"Hi, If I refuse the package at delivery do I still have to pay return shipping. I contacted you a few days ago about this and never heard back.",shipping
T-11682,email,Support request,"Hello, Does the Dayhike 22 backpack ever go on sale - it was cheaper during the last promo. Order number is NW-57877 if that helps. Thank you. — Jordan Haddad",product-question
T-11683,email,Delivery problem,"Hello, My refund was approved but the replacement Torrent rain jacket still has no tracking number. I contacted you a few days ago about this and never heard back. Appreciate it. — Skyler Kim",shipping
T-11684,email,Help,"Good morning, Can you hold the shipment at a USPS pickup point instead of deilvering to myd oor. Order number is NW-49549 if that helps. Thank you. — Morgan Kim",shipping
T-11685,email,Problem with my order,"Good morning, I want to return the Otter dry bag I bought with the SUMMER20 promo code - do I get the full price or the discounted price back. The order had the Ridgeline 2P tent and some smaller items in it. Appreciate it.",returns-warranty
T-11686,email,Question,"Hello Northwind, You refunded the item but not the original shipping cost on order NW-79933. I tried calling but the wait time was over 30 minutes. Hope you can help. — Sam Ortiz",billing
T-11687,email,2FA problem,"Good morning, The password reset email never arrives - I have checked spam twice. The package was a gift for my partner. Please advise. — Jamie Nguyen",account-access
T-11688,webform,Shipping delay,"Hi there, Can you hold the shipment at a USPS pickup point instead of delivering to my door. Thanks in advance.",shipping
T-11689,email,Package missing,"Hello, Customs is asking me to pay $89.95 in import fees for order NW-43183 - was that supposed to happen. I have been a customer for years and this is the first problem I have had. Appreciate it.",shipping
T-11690,email,Question,"Good morning, Does the Anchor bear canister ever go on sale - it was cheaper during the last promo. Order number is NW-75994 if that helps. Thanks in advance.",product-question
T-11691,chat,Package missing,Customs is asking me to pay $35.00 in import fees for order NW-43717 - was that supposed to happen. The package was a gift for a friend,shipping
T-11692,chat,Return status,i am past the 30 day window but the Cascade 20 sleeping bag has a manufacturing defect - does the warranty cover it. I need this sorted before the weekend??,returns-warranty
T-11693,email,Warranty claim,"Hello, The Anchor bear ccaniister showed up with a hole in it traight out of the box and I want a replacement. I already looked through the help center and could not find an answer. Appreciate it.",returns-warranty
T-11694,email,Support request,Can the Voltpack 20K power bank charge the Lumen 800 headlamp over USB. The order had the Drifter 10 kayak and some smaller items in it. Thank you. — Casey Nguyen,product-question
T-11695,webform,Invoice request,"Hi there, I was charged sales tax on order NW-50918 but my state does not tax clothing. This is for an upcoming backpacking trip.",billing
T-11696,chat,Where is my order,my refund was approved but the replacement Lumen 800 headlamp still has no tracking number. i am past the 30 day window but the dayhike 22 backpack has a manufacturing defect - does the warranty cover it??,shipping
T-11697,email,Warranty claim,following up - The Basecamp ccamp chair does not fit - how do I exchange it for the next size down. I tried calling but the jait time waso ver 30 minutes. Please advise. — Jordann Garcia,returns-warranty
T-11698,email,Support request,see below. ref NW-77290,billing
T-11699,email,Help,"Hi, What is you rreturn policy on sale items like the Glacier 45 cooler. Thank you.—  Alex Ortiz",returns-warranty
T-11700,email,Question,"Hi there, The email receipt went to my old address - I need to update where my invoices get sent. the tracking page says delivered but there is no package anywhere at my address. my order nw-73212 was placed over two weeks ago and the tracking still says label created. Order number is NW-43843 if that helps. Thank you. — Sam Garcia",account-access
T-11701,email,Warranty claim,"Hello Northwind, The return label you emailed me shows the wrong delivery address for the warehouse. I have been a customer for three seasons and this is the first problem I have had. Thanks in advance.",returns-warranty
T-11702,email,Care instructions,What fuel does theE mber camp stove take and can I fly with the canister. i want to retuurn the lumen 400 headlamp i bought with the summer20 primo code - do i get the full price or the discounted price back. — Quinn Okafor,product-question
T-11703,email,Need assistance,"Hey, If I refuse the package at delivery do I still have to pay return shipping. I have been a customer for three seasons and this is the first problem I have had. Thanks.",shipping
T-11704,webform,Support request,"Hello Northwind, Please cancel my Trail Club membership - I am still being billed $12.99 a month. Thank you.",billing
T-11705,email,Where is my order,"Hi there, You split my order into two shipments and only one has any tracking movement. can i get an itemized receipt or invoice for order nw-46304 - i need it for work. why was i charged $118.95 for shipping when the site says orders over $75 ship free. — Kai Kim",shipping
T-11706,webform,Return request,"Hello Northwind, My exchange shipped but tracking says it is going back to you instead of to me. I placed the order last week. Please advise.",returns-warranty
T-11707,chat,Care instructions,how long does shipping usually take to Hawaii if I ordert he Lumen 400 headlamp today??,product-question
T-11708,email,Warranty claim,"Hi, What is your return policy on sale items like the Ridgeline 4P tent. I contacted you a few days ago about this and never heard back. Thannks. — Sam Okafor",returns-warranty
T-11709,email,Problem with m order,"Hi, Do the Trailhead trail runners run narrow - I am usually a 11.",product-question
T-11710,chat,Need assistance,my refund was approved but the replacement Dayhike 22 backpack still has no tracking number,shipping
T-11711,webform,Shipping delay,"Hi, Only half of order NW-68067 showed up - the Ridgeline 2P tent is missing from the box. Order number is NW-71528 if that helps. Thanks in advance.",shipping
T-11712,email,Question,"Hey, Is the Drifter 10 kayak stable enough for a beginner on a lake. I tried calling but the wait time was over 30 minutes. Thanks.",product-question
T-11713,email,Problem with my order,"Hi there, My order NW-69438 was placed over two weeks ago and the tracking still says label created. Thank you.",shipping
T-11714,email,Urgent,"Hello Northwind, You split my order into two shipments and only one has any tracking movement. s already looked through the help center and could not find an answer. Appreciate it.",shipping
T-11715,chat,Support request,you refunded the item but not the original shipping cost on ordor NW-58019. I need this sorted beofre the ewekend.,billing
T-11716,email,Package missing,"Good morning, I paid $79.95 extra fort wo day sipping and it has been ten days. I have een a customer for a long time and this is the first problem I have had. Thanks in advance. — Kai Nguyen",shipping
T-11717,email,Support request,I was charged a restocking fee of $89.50 on my return - nothing on the site mentioned that. I paid with the card ending 7491. Hope you can help. — Devon Larsen,returns-warranty
T-11718,email,Charge I do not recognize,"Good morning, You charged the wrong card - the order should have gone on the card ending 9854. This is for an upcoming backpacking trip. Hope you can help. — Rowan Patel",billing
T-11719,webform,Support request,"Hi there, My refund was approved but the replacement Slate sunglasses still has no tracking number. I contacted you a few days ago about this and never heard back. Thanks.",shipping
T-11720,email,Payment issue,"Hello Northwind, I returned the Dayhike 22 backpack and the refund I got was $79.95 short of what I paid. i am past the 30 day window but the cascade 20 sleeping bag has a manufacturing defect - does the warranty cover it. Order number is NW-77152 if that helps. Hope you can help. — Morgan Larsen",billing
T-11721,webform,Tracking question,"Hello, If I refuse the package at delivery do I still have to pay return shipping. what is your return policy on sale items like the trailhead hiking boots. i want to return the cascade 20 sleeping bag i bought with the summer20 promo code - do i get the full price or the discounted price back. I tried calling but the wait time was over 30 minutes. Appreciate it.",shipping
T-11722,email,Help,"Hi, I returned the Torrent rain pants ad the refund I got was $89.95 short of what I paid.T he package was a gift for a friend. — Devon Garcia",billing
T-11723,chat,Help,Is there a charge for che Trail Club membership that comes up at checkout. I have been a customerf or a long time and this is the first problem I have had??,product-question
T-11724,email,Tracking question,Can you hold the shipment at a DHL pickup point instead of delivering to my door. Thanks in advance. — Casey Silva,shipping
T-11725,webform,Help,I was charged a restocking fee of $58.99 on my return - nothing on the site mentioned that. The package was a gift for my partner. Please advise.,returns-warranty
T-11726,chat,Help,The tracking page says delivered but there is no package anywhere at my address. I tried calling but the wait time was over 30 minutes??,shipping
T-11727,webform,Urgent,"Hey, My package arrived with the box soaked and the Basecamp camp chair inside looks damaged. I already looked through the help center and could not find an answer. Appreciate it.",shipping
T-11728,webform,Compatibility question,"Hi there, Is there a charge for the Trail Club membership that comes up at checkout. I paid with the card ending 3895. Thanks in advance.",product-question
T-11729,chat,Refund not received,there is a charge from Northwind on my statement for $249.00 that I do not recognize. The package was a gift for a friend??,billing
T-11730,webform,Urgent,"Hello, My package arrived with the box crushed and the Otter dry bag inside looks damaged. The order had the Dayhike 22 backpack and some smaller items in it. Thanks.",shipping
T-11731,email,Question,"Hi there, How do I change the email address on my account - I no longer have access to the old one. I paid with the card ending 2883. Thank you.",account-access
T-11732,email,Exchange needed,"Hey, The Drifter 10 kayak does not fit - how od I exchange it for the next size down. The order had he Lumen 800 headlam pand some smaller items in it. Appreciate it.",returns-warranty
T-11733,webform,Package missing,"Hey, If I refuse the package at delivery do I still have to pay return shipping. This is for an upcoimng family trip. Appreciate it.",shipping
T-11734,webform,Warranty claim,"Hello Northwind, The return label you emailed me shows the wrong delivery address for the warehouse. I contacted you last week about this and never heard back. Thanks.",returns-warranty
T-11735,webform,Charge I do not recognize,"Hey, I returned the Aurora camp lantern and the refund I got was $312.00 short of what I paid. Order number is NW-45264 if that helps. Thanks in advance.",billing
T-11736,email,Sueport request,"Hello Northwind, I cannot open the tracking link for my order without signing in and the sign in page just loops. I already looked through the help center and could not find an answer. Hope you can help.",account-access
T-11737,webform,Support request,see below. ref NW-47848,shipping
T-11738,chat,Need assistance,does the Ember fuel canister ever go onn sale - it was cheaper during the last promo. I alerady looked throught he help center and could not find an answer.,product-question
T-11739,webform,Problem with my order,"Hi, Is the Drifter 10 kayak stable enough for a beginner on flat water. Order number is NW-46799 if that helps. Appreciate it.",product-question
T-11740,chat,Need assistance,Please cancel my Trail Club membership - I am still being billed $9.99 a month. how long does shipping usually take to canaad if i order the cascade 20 sleepnig bag today??,billing
T-11741,chat,Help,see attached screenshot for order NW-52667,product-question
T-11742,webform,Need assistance,"Hello, You refunded the item but not the original shipping cost on order NW-42507. Thank you.",billing
T-11743,chat,Order not delivered,only half of order NW-78423 showed up - the Summit 65 backpack is missing from the box. I have been a customer for three seasons and this is the first problem I have had,shipping
T-11744,email,Help,"Hi there, My account seems to be locked after too many login attempts. I already looked through the help center and could not find an answer. Thanks. — Alex Garcia",account-access
T-11745,email,Urgent,Is the Ridgeline 2P tent a true 3-season tent or more of a summer shelter. I ave been a customer for years and this is the first problem I haveh ad. Thanks.,product-question
T-11746,email,Question,"Hi there, You charged the wrong card - the order should have gone on the card ending 7100. I have been a customer for years and this is the first problem I have had. Appreciate it. — Avery Chen",billing
T-11747,email,Problem with my order,How long does shipping usually take to a PO box if I order the Cascade 20 sleeping bag today. Hope you can help. — Jamie Okafor,product-question
T-11748,email,Returnl abel,"Hi, I was charged a restocking fee of $214.50 on my return - nothing on the site mentioned that. The order had the Trailhead hiking boots and some smaller items in it. Hope you can help.",returns-warranty
T-11749,email,Help,"Hello, The verification link in the signup email says it has expired. Thanks in advance.",account-access
T-11750,chat,Urgent,if I refuse the package at delivery do II still have to payr eturn shipping.,shipping
T-11751,webform,Warranty claim,"Hi there, I was charged a restocking fee of $35.00 on my return - nothing on the site mentioned that. how do i change the email address on my account - i no longer have access to the old one. The order had the Halo climbing helmet and some smaller items in it.",returns-warranty
T-11752,email,Urgent,"Hi there, My account shows an order I already cancelled and the charge is still pending on my card. Thanks in advance.",billing
T-11753,email,2FA problem,I cannot log in to my account - it keeps saying my password is wrong even after I reset it. The package was a gift for my daughter. Please advise. — Reese Ortiz,account-access
T-11754,webform,Need assistance,"Hello Northwind, I cancelled order NW-69646 the same day after placing it but the charge of $19.50 still went through. I tried calling but the wait time was over 30 minutes. Thanks in advance.",billing
T-11755,chat,Sizing qgestion,Is the Ridgeline 2P tent a true 4-season tent or more of a summer shelter??,product-question
T-11756,chat,Need assistance,if I rrefuse the package at delivery do I still have to pay return sipping. The package was a gift for my daughter?,shipping
T-11757,webform,Help,"Hell,o The estimated delivery on my order keeps moving - it has chaend twice this week. The packaeg was a gift for my partner. Thanks.",shipping
T-11758,chat,Urgent,the promo code SUMMER20 did not apply at checkout and I was charged full price. The package was a gift for my son?,billing
T-11759,chat,Urgent,you split my order into two shipments and only one has any tracking movement. I tried calling but the wait time was over 20 minutes,shipping
T-11760,chat,Damaged product,how do I get a return shipping label for order NW-78984,returns-warranty
T-11761,email,Question,"Hi, My return was received four days ago but the refund of $35.95 still is not back on my card. I tried calling but the wait time was over 45 minutes. Hope you can help. — Jordan Silva",billing
T-11762,webform,Care instructions,"Good morning, Does the Slate sunglasses come with a warranty. i cancelled order nw-43894 the same day after placing it but the charge of $79.95 still went through. can i get an itemized receipt or invoice for order nw-42219 - i need it for my expense report. The package was a gift for my son.",product-question
T-11763,chat,Question,my order NW-70349 was placed two weeks ago and the tracking still says label created. I have been a customer for years and this is the first problem I have had??,shipping
T-11764,webform,Help,What is your return policy n sale items like the Cirrus trekking poles. I tried calling but the wait time was over 45 minutes. Please advise.,returns-warranty
T-11765,email,Question,I want to return the Ember fuel fanister from order NW-62915 for a refund. I need this sorted before the end of the month. Thanks in advance. — Quinn Ortiz,returns-warranty
T-11766,chat,Product question,can the Voltpack 20K power bank charge the Lumen 400 headlamp over USB. I placed the order on the 3rd.,product-question
T-11767,chat,Need assistance,only half of order NW-61332 showed up - the Cirrus trekking poles is missing from the box. I have been a customer for three seasons and this is the first problem I have had,shipping
T-11768,webform,Support request,see below. ref NW-69029,product-question
T-11769,email,Spc question,"Hello Northwind, Do the Trailhead trail runners ru nwide - I am usually a 11. I contacted you last wee kabout this and never heard back. — Casey Nguyen",product-question
T-11770,email,Care instructions,"Good morning, Will the Dayhike 22 backpack fit a 3L water bladder. I paid with the card ending 1843. Thanks in advance. — Sam Patel",product-question
T-11771,chat,Billint question,you refunded the item but not the original shipping cost on order NW-59563. the tracking page says delivered but there is no package anywhere at my adderss?,billing
T-11772,email,Package missing,"Hello Northwind, The estimated delivery on my order keeps moving - it has changed three times this week. This is for an upcoming family trip.",shipping
T-11773,webform,Question,"Hi, I keep getting logged out every time the app updates. Thank you.",account-access
T-11774,webform,Tracking question,"Hello Northwind, You split my order into two shipments and only one has any tracking movement. I tried calling but the wait time was over 30 minutes. Thanks in advance.",shipping
T-11775,email,Problem with my order,"Hello, The zipper on my Otter dry bag snapped after one weekend - I want to make a warranty claim. The package was a gift for a friend. Thanks in advance. — Alex Kim",returns-warranty
T-11776,chat,Refund not received,My return was received three days ago but the refund of $118.00 still is not back on my card. The order had the Otter dry bag and some smaller items in it,billing
T-11777,email,Wrong item received,"Hi there, How do I get a return shipping label for order NW-65422. Order number is NW-63014 if that helps. Appreciate it. — Alex Garcia",returns-warranty
T-11778,email,Urgent,"Hi, The Otter dry bag does not fit - how do I exchange it for the next size up. the verification link in the signup email says it has expired. This is for an upcoming thru-hike. Thanks in advance. — Kai Garcia",returns-warranty
T-11779,chat,Problem with my order,when will the Torrent rain pants be back in stock in size 10. The package was a gift for my partner,product-question
T-11780,email,Question,"Hello Northwind, CanI  change the deliverry address on order NW-58767 before it ships. when will the meirno trail socks be back in stock in medium. The package aws a gift for a friend. Thanks in advance.",shipping
T-11781,chat,Help,how do I get a return shipping label for order NW-57404. the price of the torrent rain pants dropped to $249.50 the day after i bought it - do you do price adjustments,returns-warranty
T-11782,webform,Defective item,"Hello Noorthwind, Ther eturn label you emailed me shows the wrong delivery address for the warehouse. Order number is NW-57620 if that helps .Thtnks in advance.",returns-warranty
T-11783,chat,Late order,The estimated delivery on my order keeps moving - it has changed twice this week??,shipping
T-11784,email,Help,"Good morning, The tracking page says delivered but there is no package anywhere at my address. The order had the Ridgeline 2P tent and some smaller items in it. Appreciate it.",shipping
T-11785,email,Support request,"Hello Northwind, If I refuse the package at delivery do I still have to pay return shipping.",shipping
T-11786,chat,Quetsion,if I refuse the package at delivery do I still have to pay return shipping. This is for an upcoming canoe trip??,shipping
T-11787,email,Payment issue,"Hello, Why was I charged $89.99 for shipping when the site says orders over $75 ship free. This is for an upcoming canoe trip. Appreciate it.",billing
T-11788,chat,Help,my account seems to be locked after too many login attempts. I contacted you last week about this and never heard back?,account-access
T-11789,webform,Problem with my order,"Hey, I returned the Cascade2 0 sleeping bag and the refund I got was $118.95 short of what I paid. I placed the order abouv ten days ago. Thank you.",billing
T-11790,chat,Urgent,do the Trailhead trail runners run narrow - I am usually a 11. please cancel my trail club membership - i am still being billed $9.99 a month??,product-question
T-11791,email,Care instructions,"Good morning, Is there a charge for the Trail Club membership that comes up at checkout. my return was received over two weeks ago but the refund of $249.00 still is not back on my card. you charged the wrong card - the order should have gone on the card ending 2320. I contacted you last week about this and never heard back. — Morgan Nguyen",product-question
T-11792,email,Support request,"Hi, My order NW-43895 was placed three days ago and the tracking still says label created. I placed the order on the 3rd. Appreciate it. — Quinn Kim",shipping
T-11793,chat,Billing question,can I get an itemized recepit or invoice for oorder NW-45068 - I need it for taxse??,billing
T-11794,chat,Need assistance,I am past the 30 day window but the Dayhike 22 backpack has a manufacturing defect - does the warranty cover it. my order nw-60234 was placed five days ago and the tracking still says label created.,returns-warranty
T-11795,email,Urgent,The password reset email never arrives - I have checked spam several times. only half of order nw-64602 showed up - the basecamp camp chair is missing from the box. Hope you can help. — Riley Patel,account-access
T-11796,email,Support request,"Hello, Is the Ridgeline 4P tent a true 4-season tent or more of a summer shelter. Thank you. — Reese Brooks",product-question
T-11797,email,Need assistance,I received someone else's package with my label on it - I assume they have my Aurora camp lantern. how long does the lumen 800 headlamp run on a full charge at the highest brightness. Order number is NW-77753 if that helps. Thanks. — Skyler Kaur,returns-warranty
T-11798,webform,Need assistance,"Good morning, How do I get a return shipping label for order NW-61443. Hope you can help.",returns-warranty
T-11799,webform,Problem with my order,"Hello Northwind, The price of the Halo climbing helmet dropped to $79.95 the day after I bought it - do you do price adjustments. Thanks in advance.",billing
T-11800,webform,Problem with my order,"Hello, I sent my return back ten days ago and have not heard anything since. I have been a customer for three seasons and this is the first problem I have had. Hope you can help.",returns-warranty
T-11801,webform,Need assistance,"Hello Northwind, I paid $19.99 extra for two day shipping and it has been five days. my account shows an order i already cancelled and the charge is still pending on my card. i was charged twice for order nw-66199 - there are two $24.00 charges on my card. I placed the order about ten days ago. Hope you can help.",shipping
T-11802,email,Question,"Hello Northwind, You refunded the item but not the original shipping cost on order NW-79933. I tried calling but the wait time was over 30 minutes. Hope you can help. — Sam Ortiz",billing
T-11803,email,Invoice request,"Hi there, I cancelled order NW-56116 the same day after placing it but the charge of $24.99 still went through. Appreciate it. — Skyler Okafor",billing
T-11804,email,Invoice request,"Hey, The promo code SUMMER20 did not apply at checkout and I was charged full price. The order had the Lumen 400 headlamp and some smaller items in it. Thanks. — Skyler Nguyen",billing
T-11805,webform,Defctive item,The seam on my Ridgeline 2P tent failed after one trip - I want to make a warranty claim. Order number is NW-66268 if that helps. Hope you can help.,returns-warranty
T-11806,email,Question,"Hello, The password reset email never arrives - I have checked spam twice. I already looked through the help center and could not find an answer. Appreciate it. — Avery Patel",account-access
T-11807,webform,Need assistance,"Hello, If the Voltpack 20K power bank does not fit can I return it for free or is return shipping on me. Appreciate it.",product-question
T-11808,email,Spec qnestion,Can the Voltpack 20K power bank charge the Lumen 800 headlamp over USB. Thanks in advance.,product-question
T-11809,chat,Help,The invoice in the box lists a Puffin down vest that is not what I was charged for online - which one is actually shipping to me. I tried calling but the wait time was over 45 minutes?,shipping
T-11810,email,Account security concern,"Hi there, My order history disappeared after I merged my old account with my new email. Thanks.",account-access
T-11811,chat,Urgent,Can I machine wash the Merino trail socks or is it dry clean only?,product-question
T-11812,email,Urgent,"Hello Northwind, Is the Drifter 10 kayak stable enough for a beginner on a lake. Order number is NW-77898 if that helps. Please advise. — Jordan Kaur",product-question
T-11813,email,Need assistance,"Hey, I was charged sales tax on order NW-64030 but my state does not tax clothing. The order had the Voltpack 20K power bank and some smaller items in it. Thank you. — Dana Haddad",billing
T-11814,email,Need assistance,I am past the 30 day window but the Ember camp stove has a manufacturing defect - does the warranty cover it. I contacted you last week about this and never heard back. Appreciate it. — Jamie Ortiz,returns-warranty
T-11815,email,Need assistance,"Hello, What is the temperature rating on the Cascade 0 sleeping bag really good down to. Hope you can help. — Casey Haddad",product-question
T-11816,email,Need assistance,"Hey, The Summit 65 backpack does not fit - how do I exchange it for the next size down. I paid with the card ending 6188. Thanks.",returns-warranty
T-11817,webform,Password reset not working,"Hi there, I cannot log in to my account - it keeps saying my password is wrong even after I reset it. The order had the Ember fuel canister and some smaller items in it. Hope you can help.",account-access
T-11818,chat,Return status,i want to return the Torrent rain pants I bought with the SUMMER20 promo code - do I get the full price or the discounted price back. I placed the order on the 3rd.,returns-warranty
T-11819,chat,Exchange needed,the Anchor bear canister does not fit - how do I exchange it for the wide version. The order had the Cascade 0 sleeping bag and some smaller items in it??,returns-warranty
T-11820,email,Wrong item received,"Hey, I was charged a restoking fee of $249.99 on my return - nothing on the site mentioned that. Please advise.",returns-warranty
T-11821,chat,Quuestion,you sent the wrong item - I ordered the Cirrus trekking poles and got a Anchor bear canister instead,returns-warranty
T-11822,email,Need assistance,"Hello Northwind, Will the Dayhike 22 backpack fit a bear canister. I already looked through the help center and could not find an answer. Thanks in advance. — Avery Brooks",product-question
T-11823,webform,Urgent,"Hey, I was charged sales tax on order NW-42190 but my state does not tax clothing. can i machine wash the puffin down vest or is it dry clean only. The package was a gift for a friend. Thanks in advance.",billing
T-11824,email,Sizing qmestion,"Hi there, Do the Trailhead hiking boots run narrow - I am usually a 10. This is for an upcoming canoe trip. Thank you.",product-question
T-11825,chat,Support request,please cancel the exchange on order NW-45113 - I just want my money back on the return instead. the tracking page says delivered but there is no package anywhere at my address,returns-warranty
T-11826,webform,Help,My order NW-51893 was placed two weeks ago and the tracking still sys llabel created. I need this sorted before Frriday. Please advise.,shipping
T-11827,email,Exchange needed,"Hey, The return label you emailed me shows the wrong delivery address for the warehouse. when i log in my order history shows someone else's orders and charges. i changed phones and can no longer get the two factor authentication code. I contacted you a few days ago about this and never heard back. Please advise.",returns-warranty
T-11828,email,Urgent,"Hi, The email receipt went to my old address - I need to update where my invoices get sent. can i change the delivery address on order nw-41043 before it ships. I placed the order about ten days ago. Thank you. — Sam Whitfield",account-access
T-11829,webform,Return label,"Hello Northwind, I am past the 30 day window but the Ember camp stove has a manufacturing defect - does the warranty cover it. This is for an upcoming camping trip. Thanks.",returns-warranty
T-11830,webform,Damaged product,"Hello, The return label you emailed me shows the wrong delivry address for the warehouse. Thanks.",returns-warranty
T-11831,email,Help,You split my order into two shipments and only one has any tracking movement. I need this sorted before Friday. Please advise. — Casey Okafor,shipping
T-11832,chat,Change my email,My account seems tto be locked after too many login attempts. I tried calling but the wait time was over 30 minutes?,account-access
T-11833,chat,Need assistance,Does the Dayhike 22 backpack come with a rainfly?,product-question
T-11834,webform,Return request,"Hey, How do I get a return shipping label for order NW-76318. I contacted you last week about this and never heard back.",returns-warranty
T-11835,chat,Shipping delay,where is my order? The Puffin down vest was supposed to arrive two days ago. I have been a customer for years and this is the first problem I have had??,shipping
T-11836,chat,Login trouble,my account sees to be locked after too many login attemmpts. The order had the Anchor bear canister and some smaller item sin it,account-access
T-11837,email,Question,"Good morning, You split my order into two shipments and only one has any tracking movement.",shipping
T-11838,email,Help,Can I get an itemized receipt or invoice for order NW-73703 - I need it for my expense report. the return label you emailed me shows the wrong delivery address for the warehouse. is the torrent rain jacket still returnable if i took the tags off. I tried calling but the wait time was over 30 minutes. Please advise.,billing
T-11839,webform,Problem with my order,"Hi there, DHL tracking shows my package has been sitting in customs for ten days. I placed the order on the 3rd. Thanks.",shipping
T-11840,email,Need assistance,"Hello Northwind, I need the Drifter paddle before this weekend - can you expedite shipping. how long does shipping usually take to canada if i order the riverbend sandals today. I already looked through the help center and could not find an answer. Thanks in advance. — Quinn Kim",shipping
T-11841,webform,Product question,"Hi there ,Do the Trailhead viking boots run truue td size - I am usually a 11. Thanks.",product-question
T-11842,email,Late order,"Hello Northwind, I need the Dayhike 22 backpack before Friday - can you expedite shipping. Hope you can help. — Alex Patel",shipping
T-11843,webform,Urgent,"Hello, I changed phones and can no longer get the two factor authenntication code. I have been a customer for a long time and this is the first problem I have had.",account-access
T-11844,chat,Question,i sent my return back a week ago and have not heard anything since?,returns-warranty
T-11845,webform,Problem with my order,"Hey, Can you hold the shipment at a DHL pickup point instead of delivering to my door. you sent the wrong item - i ordered the cirrus trekking poles and got a ember fuel canister instead. the buckle on my ember camp stove snapped after one trip - i want to make a warranty claim. I placed the order about ten days ago. Thanks.",shipping
T-11846,email,Need assistance,"Hello Northwind, Why was I charged $312.95 for shipping when the site says orders over $75 ship free. This is for an upcoming thru-hike. Thanks. — Taylor Novak",billing
T-11847,email,Help,"Hey, Is the Drifter 10 kayak stable enough for a beginner on a slow river. The package was a gift for a friend. Thanks in advance. — Sam Whitfield",product-question
T-11848,email,Sizing question,How long does shipping usuwlly take to Alaska if I order the Firefly bug net today. I tried calling but the wait time was over 45 minutes. Thanks in advance. — Avery Patel,product-question
T-11849,email,Billing question,"Hello Northwind, Please canncel my Trail Club membership - I am still being billed $12.99 a month. The order had the Dayhike 22 backpack and ome smaller items in it. Appreciate it.",billing
T-11850,chat,Urgent,How long does shipping usually take to Alaska if I order the Basecamp camp chair today?,product-question
T-11851,webform,Cannot log in,"Hello, I changed phones and can no longer get the two factor authentication code. Thanks.",account-access
T-11852,webform,2FA problem,"Hello Northwind, I changed phones and can no longer get the two factor authentication code. I tried claling but the wait time was over 45 miutes. Appreciate it.",account-access
T-11853,email,Return request,"Hey, Please cancel the exchange on order NW-67650 - I just want my money back on the return instead. I tried calling but the wait time was over 30 minutes. Please advise. — Dana Okafor",returns-warranty
T-11854,chat,Where is my order,can I change the delivery address on order NW-43062 before it ships??,shipping
T-11855,email,Return status,"Hey, I received someone ese's package with my label on it - I assume they have my Voltpack 20K opwer abnk. I paid with the card ending 5422. Appreciate it. — Riley Ortiz",returns-warranty
T-11856,webform,Double charged,"Hi, My return was received four days ago but the refund of $149.50 still is not back on my card. This is for an upcoming canoe trip. Appreciate it.",billing
T-11857,webform,Care instructions,"Hello, If the Torrent rain pants does not fit can I return it for free or is return shipping on me. Thanks.",product-question
T-11858,email,Urgent,"Hey, Why was I charged $249.50 for shipping when the site says orders over $75 ship free. I need this sorted before the weekend. Thanks. — Casey Silva",billing
T-11859,email,Problem with my order,"Hello Northwind, Can you hold the shipment at a FedEx pickup point instead of deliering to my door. I already looked through the hejp center and could not fidn an answer. Thakns.",shipping
T-11860,email,Order status,Customs is asking me to pay $24.99 in import fees for order NW-48486 -w as that supposed to happen. do the trailhead trail runners run narrow - i am usually a 9.5. I tired calling but the wait time was over 30 minutes. Thank you. — Jordan Kaur,shipping
T-11861,webform,Help,"Hey, What fuel does the Ember camp stove take and can I fly with the canister. The order had the Torrent rain pants and some smaller items in it. Hope you can help.",product-question
T-11862,email,Account security concern,"Good morning, I changed phones and can no longer get the two factor authentication code. I already looked through the help center and could not find an answer. Thank you.",account-access
T-11863,email,Help,"Hi, The invoice in the box lists a Trailhead trail runners that is not what I was charged for online - which one is actually shipping to me. I placed the order last week. Please advise. — Devon Nguyen",shipping
T-11864,email,Support request,My account seems to be locked after too many login attempts. Thanks.,account-access
T-11865,chat,Need assistance,customs is asking me to pay $312.00 in import fees for order NW-46871 - was that supposed to happen. i received someone else's package with my label on it - i assume they have my glacier 45 cooler??,shipping
T-11866,email,Problem with my order,"Hi, How long does shipping usually take to Alaska if I order the Firefly bug net today. you charged the wrong card - the order sohuld have gone on the card ending 8761. The package was a gift for my son. Thanks. — Rowan Kaur",product-question
T-11867,webform,Problem with my order,"Hello Northwind, My return was received three days ago but the refund of $79.00 still is not back on my card. I tried calling but the wait time was over 20 minutes.",billing
T-11868,webform,Problem with my order,"Good morning, You refunded the item but not the original shipping cost on order NW-74842. Order number is NW-57133 if that helps. Thank you.",billing
T-11869,webform,Warranty claim,"Hello, I want to return the Ridgeline 4P tent I bought with the TRAIL15 promo code - do I get the full price or the discounted price back. I contacted you last week about this and never heard back. Appreciate it.",returns-warranty
T-11870,webform,Shipping delay,"Hey, My refund was approved but the replacement Merino trail socks still has no tracking number. I paid with the card ending 1039. Appreciate it.",shipping
T-11871,chat,Account locked,I think somoene else has been using my account - there is an order in my hisstory I never placed. I laready looked through the help center and could not find an answer.,account-access
T-11872,chat,Tracking question,can I change the delivery address on order NW-79866 before it ships. I already looked through the help center and could not find an answer.,shipping
T-11873,chat,Need assistance,i received someone else's package with my label on it - I assume they have my Puffin down vest. I have been a customer for a long time and this is the first problem I have had,returns-warranty
T-11874,email,Order not delivered,You split my order into two shipments and only one has any tracking movement. the tracking says my order was delivered but i was charged for shipping insurance i never added. I contacted you a few days ago about this and never heard back. Thanks. — Casey Novak,shipping
T-11875,webform,Spec question,"Good morning, What is the temperature rting on tehC ascade 20 sleeping bag really good down to. I tried calling but the wait time was over 45 minutes. Thanks in advance.",product-question
T-11876,chat,Problem with my order,I sent my return back five days ago and have not heard anything since. I tried calling but the wait time was over 30 minutes,returns-warranty
T-11877,chat,Delivery problem,the estimated delivery on my order keeps moving - it has changed twice this week. The order had the Puffin down vest and some smaller items in it??,shipping
T-11878,webform,Return label,"Hi there, I want to return the Lumen 800 headlamp from order NW-47413 for a refund. I paid with the card ending 4093. Hope you can help.",returns-warranty
T-11879,webform,Double charged,Please cancel my Trail Club membership - I am still being billed $12.99 a month. The package was a gift for a friend.,billing
T-11880,webform,Need asssistance,"following up - Hello, My package arrived with the box soaked and the Torrent rain pants inside looks damaged. I contacted you last week about this and never heard back. Thanks in advance.",shipping
T-11881,chat,Support request,I think someone else has been using my account - there is an order in my history I never placed. Order number is NW-51543 if that helps??,account-access
T-11882,webform,Question,"Helloo Northwind, You split my order itno two shipments and only one has any tracking movement. Hoe you can help.",shipping
T-11883,webform,Support request,Please cancel the exchange on order NW-48469 - I just want my money back on the return instead. I placed the order during the sale. Thank you.,returns-warranty
T-11884,email,Question,"Hello Northwind, I keep getting logged out every time the app updates. Order number is NW-68900 if that helps. Please advise.",account-access
T-11885,chat,Supprot request,can I change the delivery address on order NW-56184 before it ships. The order had the Trailhead hiking boots and some smaller items in it?,shipping
T-11886,chat,Need assistance,can the Voltpack 20K power bank charge the Aurora camp lantern over USB. Orrder unmber is NW-59465 if that helps?,product-question
T-11887,email,Where is my order,"Hi there, My order NW-57294 was placed two weeks ago and the tracking still says label created. i cannot open the tracking link for my order without signing in and the sign in page just loops. The package was a gift for my partner. Appreciate it.",shipping
T-11888,chat,Support request,my package arrived with the box torn pen and the Cascade 20 sleeping bag inside lokos damaged. I contacted you last week bout this and never heard back,shipping
T-11889,email,Promo code problem,"Hello Northwind, Why was I charged $42.50 for shipping when the site says orders over $75 ship free. the ember fuel canister showed up with a broken clip straight out of the box and i want a replacement. I paid with the card ending 2640. Please advise. — Avery Whitfield",billing
T-11890,email,Need assistance,"Hi, The email receipt went to my old address-  I need to update wherem y invoices ge tsent. The packgae was a gift for my partner.",account-access
T-11891,email,Help,"Hi there, The Trailhead hiking boots does not fit - how do I exchange it for the next size down. I paid with the card ending 8354. — Alex Silva",returns-warranty
T-11892,chat,Return request,is the Ridgeline 2P tent still returnable if I took the tags off. I have been a customer for a long time and this is the first problem I have had?,returns-warranty
T-11893,webform,Urgent,If I refuse the package at delivery do I still have to pay return shipping. The package was a gift for my partner. Hope you can help.,shipping
T-11894,email,Problem with my order,"Hi there, The return label you emailed me shows the wrong delivery address for the warehouse. I already looked through the help center and could not find an answer. Thanks in advance. — Avery Kaur",returns-warranty
T-11895,email,Login trouble,"Good morning, I keep getting logged out every time the app updates. I contacted you a few days ago about this and never heard back. Appreciate it.",account-access
T-11896,email,Help,"Hello, My gift card balance shows $79.95 but checkout would not let me use it. how long does shipping usually take to alaska if i order the riverbend sandals today. will the summit 65 backpack fit a laptop. I contacted you last week about this and never heard back. Thanks in advance.",billing
T-11897,email,Need assistance,"Hey, My account shows an order I already cancelled and the charge is still pending on my card. Please advise.",billing
T-11898,webform,Wheere is my order,"Hello Northwind, The tracking page says delivered but there is no package anywhere at my address. I need this sorted before the end of the month. Thanks in advance.",shipping
T-11899,email,Delivery problem,"Hey, The tracking page says delivered but there is no package anywhere at my address. I have been a customer for a long time and this is the first problem I have had. Appreciate it. — Sam Nguyen",shipping
T-11900,chat,Spec question,When will the Glacier 45 cooler be back in stock in the 2-person size. This is for an upcoming camping trip,product-question
T-11901,chat,Tracking question,i need the Basecamp cmap chair before Friday - can you expedite shipping. The package was a gift for a friend?,shipping
T-11902,webform,Delivery problem,"Hello, The tracking page says delivered but there is no package anywhere at my address. This is for an upcoming camping trip. Thanks in advance.",shipping
T-11903,webform,Support request,"Hey, I received someone else's package with my label on it - I assume they have my Riverbend sandals. Order number is NW-48562 if that helps. Thank you.",returns-warranty
T-11904,email,Support request,"Good morning, The promo code BASECAMP10 did not apply at checkout and I was charged full price. I have been a customer for years and this is the first problem I have had. Thanks in advance. — Taylor Silva",billing
T-11905,chat,Where is my order,My order NW-71142 was placed ten days ago and the tracking still says label created. I placed the order during the sale.,shipping
T-11906,webform,Package missing,"Hi, DHL tracking shows my package has been sitting in Newark for over two weeks. Thanks.",shipping
T-11907,email,Exchange eeded,"Hi there, The buckle on my Aurora camp lantern tore after two uses - I want to make a waranty claim .This is for an upcoming canoe trip. — Alex Kaur",returns-warranty
T-11908,chat,Double chaged,The tracking says my order was delivered but I was charged for shipping insurance I never added. The package was a gift for my son?,billing
T-11909,email,Urgent,What is the temperature rating on the Cascade 20 sleeping bag really good down to. I placed the order about ten days ago. Hope you can help. — Jamie Haddad,product-question
T-11910,chat,Needa ssistance,resending this - The invoice in the box lists a Ridgeline 2P tent that is not what I was charged for online - which one is actually shipping to me. The package was a gift for my daughter,shipping
T-11911,email,Return label,"Hi there, You sent the wrong item - I ordered the Trailhead hiking boots and got a Ember fuel canister instead. I contacted you last week about this and never heard back. Hope you can help.",returns-warranty
T-11912,webform,Urgent,"Hi there, You refunded the item but not the original shipping cost on order NW-77780. I paid with the card ending 1482. Hope you can help.",billing
T-11913,email,Login touble,I changed phones and can no longer get the two factor authentication code. Appreciate it. — Kai Chen,account-access
T-11914,chat,Shipping delay,only half of order NW-60766 showed up - the Voltpack 20K power bank is missing from the box,shipping
T-11915,webform,Urgent,"Hi, Does the Ridgelin 2P tent come with a rainfly. I tried calling but the wait time was over 30 minutes.",product-question
T-11916,email,Prblem with my order,How do I get a return shipping label for order NW-67203. I contacted you a few days ago about this and never heard back. Thank you.,returns-warranty
T-11917,email,Membership billing,"Hello Northwind, Please cancel my Trail Clu bmembership - I am still being billde $9.99 a month. This is for an upcoming camping trip. — Devon Nguyen",billing
T-11918,chat,Problem with my order,the buckle on my Ember uel canister failed after two uses - I wan to make a warranty claim. my account seems to be locked after too manyl ogin attempts?,returns-warranty
T-11919,chat,Urgent,My package arrived with the box torn open and the Glacier 45 cooler inside looks okay. I contacted you last week about this and never heard back?,shipping
T-11920,chat,Password reset not working,i cannot log in to my account - it keeps saying my password is wrong even after I reset it?,account-access
T-11921,webform,Help,"Hi, Is the Drifter 01 kayak stable enough for a beginner on a lake. I paid with the card ending 902.1 Appreciate it.",product-question
T-11922,email,Account security concern,The emai lreceipt went to my ol daddress - I need t update where my invoices get sent. I paid with the card ending 6536. Thanks in advance. — Casye Nguyen,account-access
T-11923,chat,Delivery problem,customs is asking me to pay $64.99 in import ees for order NW-78572 - was that supposed to happen. I already looked through the help center and could not find an answer?,shipping
T-11924,chat,Package missing,my refund was approved but the replacement Drifter paddle still has no tracking number. I placed the order on the 3rd,shipping
T-11925,email,Help,"Hi there, Do the Trailhead hiking boots run true to size - I am usually a 10. Hope you can help.",product-question
T-11926,email,Help,"Hello Northwind, I cannot log in to my account - it keeps saying my password is wrong even after I reset it. Please advise.",account-access
T-11927,chat,Support request,i cancelled order NW-61668 the same day after placing it but the charge of $58.95 still went through. I placed the order during the sale??,billing
T-11928,email,Package missing,"Hi, The estimated delivery on my order keeps moving - it has changed twice this week. The package was a gift for my daughter. Appreciate it. — Jordan Novak",shipping
T-11929,webform,Late oder,"Hello, My package arrived with the box soaked and the Torrent rain jacket inside looks okay. I contacted you last week about this and never heard back. Thanks in advance.",shipping
T-11930,webform,Question,"Hello, Only half of order NW-52589 showed up - the Torrent rain jacket is missing from the box. does the cascade 0 sleeping bag come with a rainfly. Appreciate it.",shipping
T-11931,chat,Tracking question,my package arrived with the box crushed and the Drifter paddle inside looks damaged. I already looked through the help center and could not find an answer??,shipping
T-11932,email,Support request,"Hi, I was charged sales tax on order NW-78817 but my state does not tax clothing. I paid with the card ending 1441. Appreciate it.",billing
T-11933,chat,Question,Is the Torrent rain jacket actually waterproof or just water resistant??,product-question
T-11934,email,Shipping delay,"Hi there, If I refuse the package at delivery do I stilll have to pay return shipping. — Morgan Silva",shipping
T-11935,email,Urgent,"Hey, If I refuse the package at delivery do I still havve to payr eturn shipping. I tried calling but the wait timew as over 45 minutes.T hanks in advance. — Avery Larsen",shipping
T-11936,chat,Where is my order,Customs is asking me to pay $149.50 in import fees for order NW-50608 - was that supposed to happen. please cancel my trail club membership - i am still being billed $9.99 a month?,shipping
T-11937,chat,Login trouble,Please delete my account and all my personal data. I have been a customer for a long time and this is the first problem I have had.,account-access
T-11938,email,Quesiton,"Hello, Do the Trailhead hiking boots run narrow - I am usually a 10.5. The order had tthe Dayhike 22 backpack and some smaller items in it. Thanks.",product-question
T-11939,chat,Care instructons,is the Ridgelin e2P tent a true 4-season tent or mroe of a summer shelter??,product-question
T-11940,webform,Charge I do not recognize,"following up - Good mornng, The price of the Trailhead hiking boots dropped to $24.99 txe day after I bought it - do yoa do price adjustments.",billing
T-11941,webform,Support request,"Hi there, Can I change the delivery address on order NW-50096 before it ships. Order number is NW-63143 if that helps. Thank you.",shipping
T-11942,webform,Return label,"Hey, The seam on my Summit 65 backpack snapped after one trip - I want to make a warranty claim. The order had the Otter dry bag ands ome smaller items in it. Please advise.",returns-warranty
T-11943,email,Order status,"Hello Northwind, Where is my order? The Cascaed 20 sleeping bag was supposed to arrive last Friday. Il ready looked through the help center and could not find an answer. Thanks in advance.",shipping
T-11944,email,Help,"Hi, Is the Torrent rain jacket actually waterproof or just water resistant. The package was a gift for a friend. Thanks. — Quinn Silva",product-question
T-11945,chat,Product question,What is the temperature rating on the Cascade 0 sleeping bag really good down to. The order had the Puffin down vest and some smaller items in it.,product-question
T-11946,email,Urgent,"Hello, Can you hold the shipment at a FedEx pickup point instead of delivering to my door. Thank you. — Casey Novak",shipping
T-11947,chat,Need assistance,I was charged a restocking fee of $58.00 on my return - nothing on the site mentioned that. my refund was approved but the replacement drifter 10 kayak still has no tracking number??,returns-warranty
T-11948,webform,Problem with my order,When will the Anchor bear canister be back in stock in the 2-person size. I already looked through the help center and could not find an answer.,product-question
T-11949,email,Tracking question,"Hi there, Can I change the delivery address on order NW-71525 before it ships. I need this sorted before the weekend. Thanks. — Jamie Okafor",shipping
T-11950,webform,Urgent,"Hey, I returned the Voltpack 20K power bank and the refund I got was $189.95 short of what I paid. I have been a customer for years and this is the first problem I have had. Please advise.",billing
T-11951,webform,Help,"Hey, The invoice in the box lists a Aurora camp lantern that is not what I was charged for online - which one is actually shipping to me. i returned the otter dry bag and the refund i got was $42.99 short of what i paid. the price of the trailhead hiking boost dropped to $24.00 the day afteri  bought it - do youu d oprice adjustments. The package was a gift for my daughter. Appreciate it.",shipping
T-11952,webform,Product question,"Hey, Do the Trailhead hiking boots run wide - I am usually a 9. I have been a customer for three seasons and this is the first problem I have had. Thanks.",product-question
T-11953,email,Delivery problem,"Hey, If I refuse the package at delivery do I still have to pay return shipping. Hope you can help.",shipping
T-11954,email,Help,"Hey, You charged the wrong card - the order should have gone on the card ending 8337. Thanks in advance. — Taylor Brooks",billing
T-11955,webform,Urgent,"Hello, I cancelled order NW-56526 minutes after placing it but the charge of $19.99 still went through. I need this sorted before the weekend. Thanks.",billing
T-11956,email,Product question,"Good morning, Can I machine wash the Merino trail socks or is it dry clean only. I already looked through the help center and could not find an answer. Thank you. — Sam Brooks",product-question
T-11957,email,Return status,I am past the 30 day window but the Aurora camp lantern has a manufacturing defect - does the warranty cover it. Please advise. — Avery Ortiz,returns-warranty
T-11958,email,Problem with my order,Is the Torrent rain jacket actually waterproof or just water resistant. Appreciate it. — Quinn Patel,product-question
T-11959,chat,Problem with my order,i returned the Slate sunglasses and the refund I got was $189.95 shhort of what I paid. Order number is NW-42399 if that helps.,billing
T-11960,email,Problem with my order,"Hi there, How do I get a return shipping label for order NW-41919. I contacted you last week about this and never heard back. Appreciate it. — Sam Whitfield",returns-warranty
T-11961,email,Need assistance,"Good morning, How long does shipping usually take to Hawaii if I order the Windbreak fleece today. This is for an upcoming family trip. Thanks.",product-question
T-11962,chat,Shipping delay,my package arrived with the box crushed and the Ridgeline 4P tent inside looks okay. my order history disappeared after i merged my old account with my new email??,shipping
T-11963,email,Problem with my order,"Hello Northwind,W hat fuel dooes the Ember camp stove take and can I fly with the canister. I nee dthis sorted before the weekend. Thanks. — Riley Okafor",product-question
T-11964,chat,Charge I do not recognize,the price of the Lumen 400 headlamp dropped to $19.00 the day after I bought it - do you do price adjustments. I placed the order about ten days ago.,billing
T-11965,webform,Exchange needed,"Hi there, The return label you emailed me shows the wrong delivery address for the warehouse. I have been a customer for three seasons and this is the first problem I have had. Appreciate it.",returns-warranty
T-11966,email,Question,"Hey, My account shows an order I already cancelled and the charge is still pending on my card. Thanks in advance.",billing
T-11967,email,Help,If I refuse the package at delivery do I still have to pay return shipping. I already looked through the help center and could not find an answer. Please advise.,shipping
T-11968,email,Account security concern,"Hey, When I log in my order history shows someone else's orders and charges. i paid $189.99 extra for two day shipping and it has been five days. Order number is NW-62619 if that helps. Appreciate it. — Sam Okafor",account-access
T-11969,email,Problem with my order,"Hey, How do I change the email address on my account - I no longer have access to the old one. The order had the Lumen 800 headlamp and some smaller items in it. Hope you can help.",account-access
T-11970,webform,Warranty claim,I am past the 30 day window but the Basecamp camp chair has a manufacturing defect - does the warranty cover it. This is for an upcoming thru-hike. Thanks in advance.,returns-warranty
T-11971,webform,Sizing question,"Hi, How long does shipping usually take to Alaska if I order the Ember fuel canister today. Hope you can help.",product-question
T-11972,email,Problem with my order,"Hello Nrothwind, I sent my return back overt wo weekks ago and have not heard anything since. Order number is NW-48530 if that helps. Appreciate it. — eRese Kaur",returns-warranty
T-11973,email,2FA problem,"Hey, My order history disappeared after I merged my old account with my new email. I tried calling but the wait time was over 30 minutes. — Alex Kaur",account-access
T-11974,webform,Where is my order,Can I change the delivery address on order NW-44952 before it ships. is the torrent rain jacket actually waterproof or just water resistant.,shipping
T-11975,email,Need assistance,Please delete my account and all my personal data. The order had the Trailhead trail runners and some smaller items in it. Thank you.,account-access
T-11976,webform,Question,"Good morning, I want to return the Firefly bug net I bought with the TRAIL15 promo code - do I get the full price or the discounted price back. I have been a customer for years and this is the first problem I have had. Appreciate it.",returns-warranty
T-11977,email,Need assistance,"Hi, Why was I charged $24.99 for shipping when the site says orders over $75 ship free. I tried calling but the wait time was over 20 minutes. — Sam Kaur",billing
T-11978,chat,Exchange needed,How do I et a return shipping label for oderr sW-64306??,returns-warranty
T-11979,chat,Return label,I sent my retrn back five days ago and have no heard anything since??,returns-warranty
T-11980,webform,Help,"Good morning, The promo code WELCOME10 did not apply at checkout and I was charged full price. what is your return policy on sale items like the puffin down vest. I have been a customeer for a long time and this is the first problem I have had.",billing
T-11981,webform,Urgent,"Hi there, I was charged a reestocking fee oof $312.99 on my return - nothing on the site mentioned that.H ope you can hellp.",returns-warranty
T-11982,webform,Problem with my order,"Hi there, Is the Trailhead hiking boots still returnable if I used it once. I have been a customer for a long time and this is the first problem I have had. Thanks.",returns-warranty
T-11983,webform,Payment issue,The promo code SUMMER20 did not apply at checkout and I was charged full price. I need this sorted before Friday. Thanks.,billing
T-11984,chat,Return status,the strap on my Windbreka fleece yroke after two uses - I want to make a warranty claim. why was i charged $118.95 for shipping when the ste says orders over $75 ship free??,returns-warranty
T-11985,email,Urgent,"Hi there, My gift card balance shows $35.00 but checkout would not let me use it. This is for an upcoming family trip. Thank you. — Devon Kim",billing
T-11986,chat,Question,Can I change the delivery address on order NW-76477 before it ships. I contacted you last week about this and never heard back.,shipping
T-11987,chat,Where is my order,i paid $64.95 extra for two day shipping and it has been four days. I contacted you last week about this and never heard back?,shipping
T-11988,webform,Exchange needed,"Hello Northwind, I was charged a restocking fee of $118.99 on my return - nothing on the site mentioned that. Order number is NW-75403 if that helps. Please advise.",returns-warranty
T-11989,email,Exchange needed,"Hi, You sxnt the wrong item - I ordered the Summit 65 backpack and got a Riverbend sandals instead. Order number is NW-61751 if that helps. Please advise.",returns-warranty
T-11990,email,Defective item,"Hey, I am past the 30 day window but the Trailhead hiking boots has a manufacturing defect - does the warranty cover it. Thanks.",returns-warranty
T-11991,chat,Membership billing,I was charged sales tax on order NW-43295 but my state does not tax clothing. This is for an upcoming canoe trip,billing
T-11992,chat,Support request,my refund was approved but the replacement Lumen 800 headlamp still has no tarcking number??,shipping
T-11993,webform,Shipping delay,"Hey, If I refuse the package at delivery do I still have to pay return shipping. I paid with the card ending 8741. Please advise.",shipping
T-11994,email,Warranty claim,"Good morning, What is your return policy on sale items like the Otter dry bag. I already looked through the help center and could not find an answer. Thanks in advance.",returns-warranty
T-11995,chat,Urgent,please call me back 772-555-5920,product-question
T-11996,chat,Order status,I paid $19.00 extra for two day shipping and it has been five days.,shipping
T-11997,email,Help,"Hello, Can I change the delivery address on order NW-67267 before it ships. I contacted you a few days ago about this and never heard back.",shipping
T-11998,chat,Support request,I want to return the Slate sunglasses I bought with the SUMMER20 promo code - do I get the full price or the discounted price back. I tried calling but the wait time was over 30 minutes??,returns-warranty
T-11999,webform,Support request,"Hello Northwind, Is the Cirrus trekking voles still returnable if Iw ashde it. I tried calling but the wait time was over 20 minutes.",returns-warranty
T-12000,email,Stock question,"Hi, Will the Summit 65 backpack fit a 3L water bladder. I have been a customer for a long time and this is the first problem I have had. Thanks. — Riley Patel",product-question
T-12001,email,Wrong item received,"Good morning, I was charged a restocking fee of $149.50 on my return - nothing on the site mentioned that. I have been a customer for a long time and this is the first problem I have had. Thanks.",returns-warranty
T-12002,webform,Urgent,You charged the wrong card - the order should have gone on the card ending 1696. Thanks in advance.,billing
T-12003,webform,Tracking question,"Good morning, The tracking page says delivered but there is no package anywhere at my address. The order had the Glacier 45 cooler and some smaller items in it. Thanks.",shipping
T-12004,email,Support request,"Hi, The tracking page says delivered but there is no package anywhere at my address. Order number is NW-42111 if that helps. Thanks. — Riley Kaur",shipping
T-12005,webform,Support request,"Hi, The promo code TRAIL15 did not apply at checkout and I was charged full price. The package was a gift for my partner. Thanks.",billing
T-12006,webform,Problem with my order,"Good morning, The tracking says my order was delivered but I was charged for shipping insurance I never added. The order had the Ridgeline 4P tent and some smaller items in it. Thank you.",billing
T-12007,webform,Where is my order,"Hey, DHL tracking shows my package has been sitting in a sort facility for two days. Thank you.",shipping
T-12008,email,Help,I sent my return back a week ago and have not heard anything since. I have beenn a customer for three seasons and this is the first problem I have had. Thank you. — Quinn Kim,returns-warranty
T-12009,webform,Compatibility question,"Hi there, What fuel does the Ember camp stove take and can I fly with the canister. the email receipt went to my old address - i need to update where my invoices get sent. Thanks in advance.",product-question
T-12010,chat,Tracking question,can you hold the shipment at a DHL pickup point instead of delivering to my door. The order had the Glacier 45 cooler and some smaller items in it,shipping
T-12011,chat,Help,the Volptack 20K power bank showed up with a broken clips traight out of the box and I want a replacement,returns-warranty
T-12012,email,Help,"Hi there, When I log in my order history shows someone else's orders and charges. I tried calling but the wait time was over 45 minutes. Appreciate it.",account-access
T-12013,email,Need assistance,"Hello, Is the Ember camp stove still returnable if I took the tags off. This is for an upcoming canoe trip. — Taylor Haddad",returns-warranty
T-12014,email,Order status,"Good morning, Can I change the deivery address on order NW-55009 before it shipy. how long does shipping usually take to hawaii if i order the glacier 45 cooler today. I have been a customer for a long time and this is the first problem I have had. Thanks.",shipping
T-12015,chat,Where is my order,dHL tracking shows my package has been sitting in customs for five days.,shipping
T-12016,email,Charge I do not recognize,"Good morning, You charged the wrong card - the order should have gone on the card ending 3289. I placed the order on the 3rd. Hope you can help.",billing
T-12017,webform,Support request,What is your return policy o nsale items like the Trailhed hiking boots. The package was a gift for my son. Hope you can help.,returns-warranty
T-12018,email,Help,"Hi, I paid $35.95 extra for two day shipping and it has been ten days. The order had the Riverbend sandals and some smaller items in it. — Casey Chen",shipping
T-12019,email,Payment issue,"Hi there, The price of the Cirrus trekking poles dropped to $189.00 the day after I bought it - do you do price adjustments. how do i get a return shipping label for order nw-47440. The package was a gift for my partner. Appreciate it.",billing
T-12020,chat,Question,I want to return the Puffin down vest from order NW-73037 for a refund. Order number is NW-66153 if that helps.,returns-warranty
T-12021,webform,Urgent,"Hello, I cakcelled order NW-60566 an hour after placing it but the chareg of $118.50 still went through. This i sfor a nupcoming camping trip. Thank you.",billing
T-12022,chat,Order not delivered,customs is asking me to pay $35.50 in import fees for order NW-77794 - was that supposed to happen. I tried calling but the wait time was over 20 minutes,shipping
T-12023,chat,Tracking question,I paid $58.00 extra for two day shipping and it has been a week. the voltpack 20k power bank does not fit - how do i exchange it for the next size down??,shipping
T-12024,email,Support request,"Good morning, What fuel does the Ember camp stove take and can I fly with the canister. you split my order into two shipments and only one has any tracking movement. I have been a customer for a long time and this is the first problem I have had. Thanks. — Sam Larsen",product-question
T-12025,email,Return status,"Hello, I want to return the Trailhead trail runners from order NW-68921 for a refund. i keep getting logged out every time the app updates. I contacted you last week about this and never heard back. Thank you. — Kai Okafor",returns-warranty
T-12026,webform,Nede assistance,Customs is asking me to pay $149.00 in import fees for order NW-50055 - was that supposed to happen. I have been a customer for three seasons and this is the first problem I have had. Hope you can help.,shipping
T-12027,webform,Damaged product,"Hi, The Otter dry bag showed up with a hole in it straight out of the box and I want a replacement. The package was a gift for my son. Please advise.",returns-warranty
T-12028,chat,Need assistance,the promo code WELCOME10 did not apply at checkout and I was charged full price. I already looked through the help center and could not find an answer?,billing
T-12029,webform,Support request,"Good morning, What is the temperature rating on the Cascade 20 sleeping bag really good down to. I have been a customer for years and this is the first problem I have had.",product-question
T-12030,email,Return status,"Hi there, The Lumen 800 headlamp showed up with a hole in it straight out of the box and I want a replacement. Thanks in advance. — Rowan Nguyen",returns-warranty
T-12031,webform,Order status,"Hello Northwind, I need the Torrent rain jacket before Friday - can you expedite shipping. i am past the 30 day window but the glacier 45 cooler has a manufacturing defect - does the warranty cover it. I need this sorted before the end of the month. Hope you can help.",shipping
T-12032,email,Question,"Hello Northwind, What is the temperature rating on the Cascade 20 sleeping bag really good down to. I tried calling but the wait time was over 20 minutes.",product-question
T-12033,webform,2FA problem,I cannot open the tracking link for my order without signing in and the sign in page just loops. I placed the order on the 3rd. Hope you can help.,account-access
T-12034,webform,Help,"Hey, Can I machine wash the Windbreak fleece or is it dry clean only. The order had the Otter dry bag and some smaller items in it. Appreciate it.",product-question
T-12035,email,Help,"Hello, If the Firefly bug net does not fit can I return it for free or is return shipping on me. This is for an upcoming backpacking trip. Thank you. — Alex Nguyen",product-question
T-12036,email,Help,"Hey, UPS tracking shows my package has been sitting in customs for five days. I have been a customer for a long time and this is the first problem I have had. — Morgan Whitfield",shipping
T-12037,email,Problem with my order,"Hey, I was charged a restocking fee of $312.95 on my return - nothing on the site mentioned that. This is for an upcoming camping trip. Please advise. — Quinn Larsen",returns-warranty
T-12038,email,Question,"Hello, You sent the wrong item - I ordered the Aurora camp lantern and got a Torrent rain jacket instead. I contacted you last week about this and never heard back.",returns-warranty
T-12039,webform,Double charged,"Hello Northwind, You refunded the item but hot the original shipping cost on order NW-54977. Order number is NW-62399 if that helps. Thanks.",billing
T-12040,email,Urgent,"Hello Northwind, I was charged a restocking fee of $24.99 on my return - nothing on the site mentioned that. The package was a gift for a friend. Thank you.",returns-warranty
T-12041,webform,Need assistance,"Hey, I was charged twice for order NW-56011 - there are two $189.50 charges on my card. Appreciate it.",billing
T-12042,chat,Invoice request,Please cancel my Trail Club membership - I am still being billed $9.99 a month. This is fo an upcoming canoe trip??,billing
T-12043,chat,Tracking question,if I refuse the package at delivery do I still have to pay return shipping. i cancelled order nw-77293 an hour after placing it but the charge of $89.50 still went through??,shipping
T-12044,email,Shipping delay,"Good morning, My order NW-47899 was placed ten days ago and the tracking still says label created. I contacted you a few days ago about this and never heard back.",shipping
T-12045,email,Problem with my order,"Hello, Is the Torrent rain pants actually waterproof or just water resistant. I have been a customer for three seasons and this is the first problem I have had. Please advise. — Avery Chen",product-question
T-12046,chat,Acount locked,How do I change the email address on my account - I no longer have access to the old one??,account-access
T-12047,chat,Question,if I refuse the package at delivery do I still have to pay return shipping. This is for an upcoming family trip,shipping
T-12048,email,Support request,"Hi, The email receipt went to my old address - I need to update where my invoices get sent. I have been a customer for three seasons and this is the first problem I have had. Appreciate it. — Kai Kaur",account-access
T-12049,webform,Before I buy,"Hi there, If the Lumen 400 headlamp does not fit can I return it for free or is return shipping on me. I have been a customer for three seasons and this is the first problem I have had.",product-question
T-12050,chat,Help,Please cancel the exchange on order NW-61373 - I just want my money back on the return instead. I already looked through the help center and could not find an answer.,returns-warranty
T-12051,email,Support request,"Hi, Please cancel my Trail Club membership - I am still being billed $9.99 a month. I have been a customer for three seasons and this is the first problem I have had. Thank you.",billing
T-12052,email,Urgent,"Good morning, The email receipt went to my old address - I need to update where my invoices get sent. I placed the order during the sae. — Casey Brooks",account-access
T-12053,email,Shipping delay,"Hi there, Can I change the delivery address on order NW-43882 before it ships. I paid with the card ending 3851. Please advise.",shipping
T-12054,email,Shipping delay,"Hello, DHL tracking shows my package hhas been sitting in Newark for three days. Thanks.",shipping
T-12055,chat,Question,My gift card balance shows $24.00 but checkout would not let me use it.,billing
T-12056,webform,Help,How do I get a return shipping label for order NW-58563. I have been a customer for three seasons and this is the first problem I have had. Please advise.,returns-warranty
T-12057,webform,Help,"Hey, Customs is asking me to pay $89.00 in import fees for order NW-78418 - was that supposed to happen. I paid with the card ending 2823. Appreciate it.",shipping
T-12058,chat,Question,the promo code BASECAMP10 did not apply at checkout and I was charged full price. I have been a customer for a long time and this is the first problem I have had??,billing
T-12059,email,Problem with my order,"Good morning, There is a charge from Northwind on my statement for $312.99 that I do not recognize. I need this sorted before the weekend.",billing
T-12060,webform,Urgent,"Hi, The email receipt went to my ld address - I need to updat ewhere my invoices get sent. m account shows an order i already cancelled and the charge is still pending on my card. plase cancel my trail club membership - i am still being billed $9.99 a month. I placed the order on the 3rd. Please advise.",account-access
T-12061,webform,Urgent,"Hello, My return was received over two weeks ago but the refund of $118.00 still is not back on my card. I already looked through the help center and could not find an answer. Appreciate it.",billing
T-12062,webform,Stock quuestion,"Good morning, Is the Drifter 10 kayak stable enough for a beginner on a lake. Thank you.",product-question
T-12063,email,Charge I do not recogniize,"Hi there, Can I get an itemized receipt or invoice for order NW-60307 - I need it for work. my package arrived with the box soaked and the trailhead hiking boots inside looks damaged. I already looked through the help center and could not find an answer. Thanks in advance.",billing
T-12064,chat,Product question,can the Voltpack 20K power bank charge the Lumen 800 headlamp over USB.,product-question
T-12065,email,Problem with my order,"Good morning, I changed phones and can no longer get the two factor authentication code. The package was a gift for my daughter. Thank you. — Kai Nguyen",account-access
T-12066,email,Support request,"Hello Northwind, I sent my return back five days ago and have not heard anything since. This is for an upcoming camping trip. Hope you can help.",returns-warranty
T-12067,chat,Need assistance,Customs is asking me to pay $19.95 in import fees for order NW-52940 - was that supposed to happen. the tracking says my order was delivered but i was charged for shipping insurance i never added?,shipping
T-12068,webform,Order status,"Good morning, The tracking page says delivered but there is no package anywhere at my address. I already looked through the help center and could not find an answer. Appreciate it.",shipping
T-12069,chat,Return request,I want to return the Cirrus trekking poles I bought with the TRAIL15 promo code - do I get the full price or the discounted price back. I have been a customer for a long time and this is the first problem I have had??,returns-warranty
T-12070,chat,Cannot log in,my order history disappeared after I merged my old account with my new email. I contacted you last week about this and never heard back,account-access
T-12071,email,Support request,"Hello, Will the Dayhike 22 backpack fit a laptop. I tried calling but the wait time was over 20 minutes. Please advise. — Dana Brooks",product-question
T-12072,email,Support request,"Hi there, How do I change the email address on my account - I no longer have access to the old one. I need this sorted before the end of the month. Please advise. — Casey Nguyen",account-access
T-12073,email,Urgent,"Hey, The Ridgeline 2P tent showed up with a hole in it straight out of the box and I want a replacement. The package was a gift for a friend.",returns-warranty
T-12074,chat,Urgent,please call me back 326-555-8568,product-question
T-12075,email,Need assistance,"Hey, Can I change the delivery address on order NW-46329 before it ships. please cancel my trail club membership - i am still being billed $12.99 a month. I need this sorted before the weekend. Please advise. — Sam Silva",shipping
T-12076,webform,Exchange needed,"Hello Northwind, I am past the 30 day window but the Trailhead trail runenrs has a manufacturing defect - does the warranty cover it. This is for an upcoming backpacking trip. Thanks in advance.",returns-warranty
T-12077,email,Problem wth my order,"Good morning, How do I change the email address on my account - I no longer have access to the old one. Thanks.",account-access
T-12078,email,Help,"Hi there, Can I get an itemized receipt or invoice for order NW-68159 - I need it for work. The order had the Otter dry bag and some smaller items in it.",billing
T-12079,chat,Order not delivered,My refund was approed btu the replacement Lumen 800 headlamp still has no tracking number. I have been a customer for a long time and ths s the first problem I have had,shipping
T-12080,chat,Help,I was charged sales tax on order NW-58576 but my state does not tax clothing. I tried calling but the wait time was over 30 minutes?,billing
T-12081,email,Billing question,"Hello Northwind, My gift card balance shows $249.00 but checkout would not let me use it. The package was a gift for my partner. Hope you can help. — Jordan Haddad",billing
T-12082,email,Wrong item received,"Good morning, I sent my return back two days ago and have not herd anything since.  have been a customer for a long time and tis is the first problem I have had. Hope you can help. — Tkylor Brooks",returns-warranty
T-12083,chat,Membership billing,My gift card balance shows $19.95 but checkout would not let me use it. I already looked through the help center and could not find an answer,billing
T-12084,email,Problem with my order,"Hello, You sent the wrong item - I ordered the Lumen 800 headlamp and got a Torrent rain pants insead. I contacted you a few days ago about thhis and never heard back. Please advise. — Rowan Kim",returns-warranty
T-12085,chat,Support request,The invoice in the box lists a Anchor bear canister that is not what I was charged for online - which one is qctually shipping to me. I tried calling but the wait time was over 20 minutes??,shipping
T-12086,webform,Return request,I was charged a restocking fee of $249.50 on my return - nothing on the site mentioned that. The order had the Torrent rain pants and some smaller items in it. Thank you.,returns-warranty
T-12087,email,Question,"Hey, Only half of order NW-48678 showed up - the Anchor bear canister is missing from the box. I need this sorted before the weekend. Please advise.",shipping
T-12088,webform,Payment issue,"Good mornig, Mya ccount shows an order I already cancelle and the charge is still pending on my carrd. I already looked through the help center and could not find an answer. Please advise.",billing
T-12089,email,Billing question,"Hello Northwind, My gift card balance shows $249.00 but checkout would not let me use it. The package was a gift for my partner. Hope you can help. — Jordan Haddad",billing
T-12090,chat,Help,see attached screenshot for order NW-77092,account-access
T-12091,webform,Where is my order,"Hey, My order NW-71562 was placed a week ago and the tracking still says label created. I have been a customer for years and this is the first problem I have had. Thanks.",shipping
T-12092,email,Support request,"Hello Northwind, Can I get an itemized receipt or invoice for order NW-75067 - I ned it for my expense report. if the voltpcak 20k power bank does not fit can i return it for free or is return shipping on me. I already looked through the help center and could not find an answer. Thanks. — Quinn Larrsen",billing
T-12093,email,Need assistance,"Hi, Why was I charged $149.95 for shipping when the site says orders over $75 ship free. This is for an upcoming camping trip. Thank you. — Morgan Larsen",billing
T-12094,chat,Need assistance,my refund was approved but the replacement Slate sunglasses still has no tracking number.,shipping
T-12095,chat,Return request,Please cancel the exchange on order NW-70103 - I just want my money back on the return instead. Order number is NW-56184 if that helps??,returns-warranty
T-12096,email,Account locked,"Hello Northwind, My order history disappeared after I merged my old account with my new email. Order number is NW-74699 if that helps. Please advise. — Jamie Larsen",account-access
T-12097,chat,Shipping delay,only half of order NW-60766 showed up - the Voltpack 20K power bank is missing from the box,shipping
T-12098,email,Problem wiith my order,"Good morning, You charged the wrong card - the order should have gone on the card ending 3329. — Devon Ortiz",billing
T-12099,chat,Package missing,you split my order into two shipments and only one has any tracking movement??,shipping
T-12100,email,Problem with my order,"Hi, I need the Basecamp camp chair before this weekend - can you expedite shipping. I have been a customer for a long time and this is the first problem I have had. Appreciate it. — Alex Chen",shipping
T-12101,email,Return status,I sent my return back four days ago and have not heard anything since. how do i change the emmail address on my account - in o longer have access to th old one. I already looked through the help center and could not find an answer. Thank you.,returns-warranty
T-12102,email,Warranty claim,What is your return policy on sale items like the Anchor bear canister. Thank you. — Quinn Kaur,returns-warranty
T-12103,email,Double charged,"Hello Northwind, My gift card balance shows $249.59 but checkout would not let me use it. I contacted you last week about tihs and never heard back. Appreciaet it. — Avery Haddad",billing
T-12104,email,Problem with my order,"Hey, The tracking says my order was delivered but I was charged for shipping insurance I never added. Please advise.",billing
T-12105,chat,Payment issue,the promo code TRAIL15 did not apply at checkout and I was charged full price. Order number is NW-70738 if that helps?,billing
T-12106,email,Problem with my order,"Hello, How do I get a return shipping label for order NW-78654. I need this sorted before the end of the month. Thanks.",returns-warranty
T-12107,webform,Support request,"Hi, Is the Torrent rain pants actually waterproof or just water resistant. This is for an upcoming family trip. Hope you can help.",product-question
T-12108,email,Urgent,"Hey, Customs is asking me to pay $64.00 in import fees for order NW-56475 - was that supposed to happen. The package was a gift for my daughter. — Taylor Silva",shipping
T-12109,webform,Support request,"Hey, I need the Cirrus trekking poles before Friday - can you expedite shipping. I tried calling but the wait time was over 30 minutes. Thank you.",shipping
T-12110,webform,Invoice request,"Hello Northwind, I cancelledo rer NW-46110 minutes after placing it but the charge of $24.50 still went through. I contacted you a few days ago baout this and never heardb ack. Appreciate it.",billing
T-12111,email,Double charged,"Hello Northwind, Why was I charged $58.50 for shipping when the site says orders over $75 ship free. I contacted you a few days ago about this and never heard back. Hope you can help. — Jordan Whitfield",billing
T-12112,email,Where is my oredr,"Good morning, My refund was approved but the replacement Drifter paddle isll has no tracking number. I tried calling but the wait time was over 45 minutes. Hope you can help .— Taylor Kim",shipping
T-12113,email,Late order,"Hello, DHL tracking shows my package has been sitting in Memphis for three days. I need this sorted before the weekend. Please advise.",shipping
T-12114,chat,Support request,the promo code BASECAMP10 did not apply at checkout and I was charged full price. I contacted you a few days ago about this and never heard back??,billing
T-12115,chat,Question,Can I machine wash the Puffin down vest or is it dry clean only. I paid with the card ending 9368.,product-question
T-12116,webform,Urgent,I want to return the Cascade 0 sleeping bag I bought with the TRAIL15 promo code - do I get the full price or the discounted price back. This is for an upcoming thru-hike.,returns-warranty
T-12117,email,Question,The verification link in the signup email asys ith as expred. I have been a customer for years ard this is the first problem I have had. — Jordan Kaur,account-access
T-12118,email,Problem with my order,"Hey, I need the Anchor bear canister before Friady - can you expedite shipping. Order number is NW-63857 if that helpps. Thank you. — Taylor Kaur",shipping
T-12119,email,Support request,"Good morning, The promo code SUMMER20 did not apply at checkout and I was charged full price. I paid with the card ending 7406. Thanks in advance. — Kai Whitfield",billing
T-12120,email,Problem with my order,"Hello, Can I get an itemized receipt or invoice for order NW-54690 - I need it for my expense report. It ried calling but the wait time was over 30 minutes.",billing
T-12121,email,Help,"Hello Northwind, Please delete my account and all my personal data. I tried calling but the wait time was over 30 minutes. Thanks in advance. — Skyler Chen",account-access
T-12122,chat,Account security concern,I cannot open the tracking link for my order without signing in and the sign in page just loops?,account-access
T-12123,chat,Help,Is the Windvreak fleece still returnable if I used it once.,returns-warranty
T-12124,email,Help,"Good morning, I eturned the Firefly bug net and the refund I got was $149.99 short of yhat I paid.  paid with the card ending 7698. Please advise.",billing
T-12125,email,Exchange needed,"following up - Hi, You sxnt the wrong item - I ordered the Summit 65 backpack and got a Riverbend sandals instead. Order number is NW-61751 if that helps. Please advise.",returns-warranty
T-12126,chat,Support request,is the Torrent rain pants actually waterrxof or jut water resistant. Ths is for an upcoming thru-hike.,product-question
T-12127,webform,Account locked,"Hello Northwind, My account seems to be locked after too many login attempts. This is for an upcoming backpacking trip. Thanks in advance.",account-access
T-12128,email,Prroblem with my order,"Hi, The fromo code BASECAMP10 did not apply at checkout and I was charged full price. I already looked throug hteh help center and could not find an answer. Appreciate it. — Reese Brooks",billing
T-12129,chat,Return request,resending this - How do I get a return shipping label for order NW-54369. The order had the Cascade 0 sleeping bag and some smaller items in it?,returns-warranty
T-12130,email,Problem with my order,Does the Slate sunglasses come with a stuff sack. I contacted you a few days ago about this and never heard back. Hope you can help. — Quinn Novak,product-question
T-12131,webform,Return status,"Good morning, I was charged a restocking fee of $249.00 on my return - nothing on tde site mentioned that. Appreciate it.",returns-warranty
T-12132,email,Urgent,"Hi there, If the Glacier 45 cooler does not fit can I return it for free or is return shipping on me. Order number is NW-45320 if that helps. Thank you.",product-question
T-12133,webform,Urgent,"Hello, My order NW-45731 was placed over two weeks ago and the tracking still says label created. The package was a gift for my daughter. Thanks in advance.",shipping
T-12134,chat,Support request,i received someone else's package with my label on it - I assume they have my Lumen 800 headlamp. the verification link in the signup email says it has expired.,returns-warranty
T-12135,chat,Help,is the Torrent rain pants actually waterproof or just water resistant. This is for an upcoming canoe trip,product-question
T-12136,webform,Help,"Hello Northwind, My refund was approved but the replacement Torrent rain pants still has no tracking number. is the torrent rain jacket actually waterproof or just water resistant. I tried calling but the wait time was over 20 minutes. Thanks.",shipping
T-12137,webform,Defective item,"Hey, I want to return the Merino trail socks I bought with the TRAIL15 promo code - do I get the full price or the discounted price back. This is for an upcoming backpacking trip. Thank you.",returns-warranty
T-12138,email,Problem with my order,"Hello Northwnid, The estimated delivery on my order keeps omivng - it has changed twice this week. I need this sorted before FFriday. Thank you. — Devon Haddad",shipping
T-12139,webform,Urgent,"Hey, The Ridgeline 2P tent showed up with a hole in it straight out of the box and I want a replacement. the verification link in the signup email says it has expired. I placed the order last week. Please advise.",returns-warranty
T-12140,webform,Support request,see below. ref NW-60079,product-question
T-12141,chat,Spec qhestion,How long does shipping usually take to Canada if I order the Torrent rain pants today. This is for an upcoming canoe trip??,product-question
T-12142,webform,Queestion,"Hey, What fuel does the Ember camp stove take and can I fly with the canister. This is for an upcoming family trip. Appreciate it.",product-question
T-12143,chat,Question,My refund was approved but the replacement Halo climbing helmet still has no tracking number. The order had the Trailhead trail runners and some smaller items in it??,shipping
T-12144,webform,Help,"Hey, If I refue the package at delivery do I still have o pay return shipping. This is for an upcoming canoe trip. Thanks in advance.",shipping
T-12145,chat,Where is my order,I paid $79.95 extra for tow day shiipping and it has been four days. I need thi sorted before the weekend?,shipping
T-12146,email,Urgent,"second time sending this. Hello Northwind, I received someone else's package with my label on it - I assume they have my Trailhead trail runners. I placed the order about ten days ago. Thanks in advance.",returns-warranty
T-12147,email,Urgent,"Hey, Do the Trailhead hiking boots run narrow - I am usually a 10. This is for an upcoming family trip. Thanks in advance. — Quinn Patel",product-question
T-12148,chat,2FA problem,the verification link in the signup email says it has expired. I placed the order about ten days ago.,account-access
T-12149,chat,Problem with my order,when will the Cirrus trekking poles be back in stock in large. the invoice in the box lists a torrent rain jacket that is not what i was charged for online - which one is actually shipping to me.,product-question
T-12150,chat,Queston,I received someone else's package with my label on it - I assume they have my Cascade 20 sleeping bag. I already looked through the help center and could not find an answer?,returns-warranty
T-12151,webform,Urgent,The return label you emailed me shows the wrong delivery address for the warehouse. I paid with the card ending 9165. Thanks.,returns-warranty
T-12152,chat,Membership billing,I was charged twice for order NW-61269 - there are two $89.99 charrges on my card. I contacted you a few days ago about this and never heard back,billing
T-12153,webform,Support request,"Hi there, The password reset email never arrives - I have checked spam several times. I paid with the card ending 6027. Thanks in advance.",account-access
T-12154,chat,Charge I do not recognize,My return was received three days ago but the refund of $214.99 still is not back on my card. I contacted you a few days ago about this and never heard back.,billing
T-12155,chat,Need sasistance,i need the Lumen 400 headlamp before my trip on the 14th - can you expedite shipping. The package was a gift for my son.,shipping
T-12156,webform,Need assistance,"Hi there, Does the Voltpack 20K power bank ever go on sale - it was cheaper during the last promo. I have been a customer for years and this is the first problem I have had. Please advise.",product-question
T-12157,email,Product question,When will the Anchor bear canister be back in stock in medium. Order number is NW-51548 if that helps. Please advise. — Avery Larsen,product-question
T-12158,email,Problem with my order,"Good morning, The tracking says my order was delivered but I was charged for shipping insurance I never added. I tried calling but the wait time was over 30 minutes. Hope you can help.",billing
T-12159,webform,Promo code problem,"Hi there, My return was received four days ago but the refund of $89.95 still is not back on my card. I already looked through the help center and could not find an answer. Hope you can help.",billing
T-12160,webform,Question,"Hi there, I changed phones and can no longer get the two factor authentication code. Thanks.",account-access
T-12161,webform,Return label,"Hello Northwind, I received someone else's package with my label on it - I assume they have my Riverbend sandals. how long does shipping usually take to canada if i order the anchor bear canister today. The order had the Riverbend sandals and some smaller items in it. Thank you.",returns-warranty
T-12162,email,Cannot log in,"Good morning, My order history disappeared after I merged my old account with my new email. I contacted you a few days ago about this and never heard back. Thanks in advance.",account-access
T-12163,email,Supportr equest,"Hello, Can I change the delivery address on order NW-64559 before it ships. I need this sorted before Friday. Thanks in advance. — Kai Novak",shipping
T-12164,chat,Sizing question,do the Trailhead trail runners run true to size - I am usually a 9. is the glacier 45 cooler still returnable if i used it once,product-question
T-12165,chat,Question,Will the Summit 65 backpack fit a 3L water bladder. the strap on my basecamp camp chair snapped after one weekend - i want to make a warranty claim?,product-question
T-12166,webform,Account security concern,When I log in my order history shows someone else's orders and charges. I have been a customer for three seasons and this is the first problem I have had. Thanks.,account-access
T-12167,email,Question,"Hello, The invoice in the box lists a Ember camp stove that is not what I was charged for online - which one is actually shipping to me. can the voltpack 20k power bank charge the lumen 800 headlamp over usb. This is for an upcoming canoe trip. Please advise. — Casey Silva",shipping
T-12168,email,,NW-43899,product-question
T-12169,email,Urgent,"Hey, The email receipt went to my old address - I need to update where my invoices get sent. The package was a gift for my daughter. Thank you.",account-access
T-12170,chat,Help,I returned the Ridgeline 2P tent and the refund I got was $42.50 short of what I paid. I tried calling but the wait time was over 45 minutes,billing
T-12171,chat,Support reuest,Please delete my account and all my personal data. i sent my return back two weeks ago and have not heard anything since.,account-access
T-12172,email,Return status,"Hi there, What is your return policy on sale items like the Anchor bear canister. will the summit 65 backpack fit a bear canister. I contacted you a few days ago about this and never heard back. Thanks. — Alex Haddad",returns-warranty
T-12173,chat,Tracking question,my package arrived with the box torn open and the Summit 65 backpack indide looks okay. I need this sorted before Friday?,shipping
T-12174,email,Order status,"Hi, The invoice in the box lists a Merino trail socks that is not what I was charged for online - which one is actually shipping to me. Thank you.",shipping
T-12175,email,Question,"Hello Northwind, The email receipt went to my old address - I need to update wherx my invoices gget sennt. Thank you.",account-access
T-12176,webform,Help,"Hello, What is the temperature rating on the Cascade 0 sleeping bag really good down to. I tried calling but the wait time was over 20 minutes.",product-question
T-12177,chat,Problem with my order,does the Slate sunglasses come with a stuff sack. my order history disappeared after i merged my old account with my new email??,product-question
T-12178,chat,Compatibility question,Can the Voltpack 20K power bank charge the Aurora camp lantern over USB. Order number is NW-66355 if that helps.,product-question
T-12179,chat,Late order,where is my order? The Trailhead trail runners was supposed to arrive on Monday.,shipping
T-12180,webform,Problem with my order,"Good morning, Is there a charge for the Trail Club membership that comes up at checkout. This is for an upcoming family trip. Appreciate it.",product-question
T-12181,email,Support request,Only half of order NW-47392 showed up - the Torrent rain jacket is missing from the box. I need this sorted before the weekend. Thanks. — Kai Garcia,shipping
T-12182,webform,Help,"Hello, Can I change the delivery address on order NW-68597 before it ships. The package was a gift for my son. Pleasea dviise.",shipping
T-12183,chat,Support request,Please delete my account and all my personal data. i want to return the torrent rain pants from order nw-41712 for a refund??,account-access
T-12184,email,Quesion,"Hey, My account shows an order I already cancelled and the charge is still pending on my card. The package was a gift for my partner. Hope you can help.",billing
T-12185,chat,Support request,i want to return the Tralhead hiking boots from order NW-60994 for a reefund. The order had the Firefly bug net and some smaller items in t.,returns-warranty
T-12186,webform,Promo code problem,"Hi there, My gift card balance shows $312.50 but checkout would not let me use it. This is for an upcoming family trip. Thank you.",billing
T-12187,webform,Urgent,Only half of order NW-70450 showed up - the Basecamp camp chair is missing from the box. I need this sorted beroe the weekend. Thank you.,shipping
T-12188,chat,Support request,i am past the 30 day window but the Aurora camp lantern has a manufacturing defect - does the warranty cover it. This is for an upcoming camping trip??,returns-warranty
T-12189,email,Help,"Hey, Can the Voltpack 20K power bank charge the Lumen 800 headlamp over USB. This is for an upcoming camping trip. Please advise. — Sam Larsen",product-question
T-12190,webform,Sizing question,"Hi there, Will the Dayhike 22 backpack fit a bear canister. can you hold the shipment at a fedex pickup point instead of delivering to my door. I have been a customer for a long time and this is the first problem I have had. Appreciate it.",product-question
T-12191,email,Billing question,"Hey, I was charged sales tax on order NW-67452 but my state does not tax clothing. Order number is NW-47327 if that helps. Please advise. — Reese Haddad",billing
T-12192,email,(no subject),sent from my phone. Riley,shipping
T-12193,webform,Where is my order,following up - I need the Anchor bear canisterb efore Friday - can you expedite shipping. The order had the Firefly bug net and some smaller items in it. Thanks.,shipping
T-12194,email,Membership billing,"Hey, I returned the Merino trail socks and the refund I got was $189.99 short of what I paid. my order history disappeared after i merged my old account with my new email. how do i change the email address on my account - i no longer have access to the old one. I need this sorted before the end of the month. Please advise.",billing
T-12195,chat,Urgent,What fuel does the Ember camp stove take and can I fly with the canister. This is for an upcoming camping trip?,product-question
T-12196,email,Help,"Good morning, Iff the Slate sunglasses does not fit can I return it for free or is return shipping on me. I have been a customer for years nd this is the first problem I havee had. Thank you.",product-question
T-12197,webform,Defective item,"Hi, Please cancel the exchange on order NW-57264 - I just want my money back on the return instead. I have been a customer for a long time and this is the first problem I have had. Appreciate it.",returns-warranty
T-12198,webform,Question,"Hello, How do I change the email address on my account - I no longer have access to the ol done. Please advise.",account-access
T-12199,chat,Defective item,i sent my return back ten days ago and have not heard anything since. my order nw-72137 was placed two weeks ago and the tracking still says label created?,returns-warranty
T-12200,webform,Return label,"Good morning, I sent my return back over two weeks ago and have not heard anything since. the password reset email never arrives - i have checked spam several times. my account seems to be locked after too many login attempts. I need this sorted before the weekend. Appreciate it.",returns-warranty
T-12201,chat,Need assistance,Does the Glacier 45 cooler ever go on sale - it was cheaper during the last promo. The order had the Ridgeline 2P tent and some smaller items in it??,product-question
T-12202,webform,Need assistance,"Hi there, What is the temperature rating on the Cascade 0 sleeping bag really good down to. my refund was approved but the replacement ridgeline 4p tent still has no tracking number. Thanks in advance.",product-question
T-12203,chat,Product question,What is the temperature rating on the Cascade 0 sleeping bag really good down to.,product-question
T-12204,email,Spec question,"Hi there, Does the Aurora camp lantern come with a repair kit. i paid $19.50 extra for two day shipping and it has been ten days. The package was a gift for my partner. Hope you can help.",product-question
T-12205,email,Support request,"Hey, My order NW-49143 was placed five days ago and hte tracking still says label created. I paid ith he card ending 6352. Hope you can help.",shipping
T-12206,webform,Question,Is the Anchor bear canister still returnable if I took the tags off. The order had the Drifter 10 kayak and some smaller items in it. Thank you.,returns-warranty
T-12207,email,Promo code problem,"Hello Northwind, Why was I hcarged $149.00 for shipping when the site says orders over $75 ship rfee. I paid itq the card ending 8467. Appreciate it.",billing
T-12208,webform,Defective item,"Hello Northwind, I want to return the Torrent rain jacket from order NW-60959 for a refund. This is for an upcoming backpacking trip. Thank you.",returns-warranty
T-12209,email,Order not delivered,"Hello, I ned the Windbreak fleece before Friday - can you expedite shipping. This is fir an upcoming thru-ike. — Jordan Ortiz",shipping
T-12210,email,Problem with my order,"Hello Northwind, You split my order into two shipments and only one has any tracking movement. my order history disappeared after i merged my old account with my new email. the verification link in the signup email says it has expired. The order had the Torrent rain jacket and some smaller items in it. Please advise.",shipping
T-12211,chat,Support request,the email receipt went to my old address - I need to update where my invoices egt sent??,account-access
T-12212,email,Refund not received,The promo code TRAIL15 did not apply at checkout and I was charged full price. I already looked through the help center and could not find an answer. Thank you. — Riley Patel,billing
T-12213,webform,Account security concern,resending this - When I log in my order history shows someone else's orders and charges. I have been a customer for three seasons and this is the first problem I have had. Thanks.,account-access
T-12214,chat,Need assistance,my return was received three days ago but the refund of $312.99 still is ot back on my card. my oder history disappearxd after i merged my old account with my new email,billing
T-12215,webform,Damaged product,"Hi, Please cancel the exchange on order NW-50684 - I just want my money back on the return instead. I placed the order last week. Appreciate it.",returns-warranty
T-12216,email,Where is my order,"Hello, Where is my order? The Ember camp stove was supposed to arrive two days ago. The order had the Glacier 45 cooler and some smaller items in it. Hope you can help. — Kai Whitfield",shipping
T-12217,chat,Tracking question,can I change the delivery address on order NW-41303 before it ships. The order had the Basecamp camp chair and some smaller items in it,shipping
T-12218,email,Order status,My order NW-45313 was placed two weeks ago and the tracking still says label created. I tried calling but the wait time was over 30 minutes. Thanks. — Avery Novak,shipping
T-12219,chat,Compatibility question,Can I mahine wash the Windbreak felece or as it dry cleano nly?,product-question
T-12220,chat,Account security concern,I keep getting logged out every time the app updates. I tried calling but the wait time was over 45 minutes?,account-access
T-12221,chat,Change my email,I changed phones and can no longer get the two factor authentication code?,account-access
T-12222,email,Urgent,"Hello, You split my order into two shipments and only one has any tracking movement. I paid with the card ending 4488. Thank you.",shipping
T-12223,email,Support request,"Hello, Can the Voltpack 20K power bank charge the Aurora camp lantern over USB. I placed the order last week. Thank you.",product-question
T-12224,chat,Help,if I refuse the package at delivery do I still have to pay return shiping.T his is for an upcoming canoe trip,shipping
T-12225,webform,Payment issue,"resending this - Hey, My gift card balance shows $249.95 but checkout would not let me use it. my order history disappeared after i merged my old account with my new email. I contacted you a few days ago about this and never heard back. Thanks.",billing
T-12226,chat,Support request,I am past the 30 day window but the Torrent rain pants has a manufacturing defect - does the warranty cover it. I already looked through the help center and could not find an answer.,returns-warranty
T-12227,chat,Weere is my order,if I refuse the package at delivery do I still have to pay return shipping. The package was a gift for my son.,shipping
T-12228,webform,Charge I do not recognize,My return was received ten days ago but the refund of $24.95 still is not back on my card. The package was a gift for my partner. Thank you.,billing
T-12229,email,Support request,"Hey, I paid $129.50 extra for two day shipping and it has been four days. I already looked through the help center and could not find an answer. Appreciate it. — Taylor Patel",shipping
T-12230,webform,Tracking question,"Hello Northwind, Customs is asking me to pay $58.00 in import fees for order NW-70534 - was that supposed to happen. The package was a gift for a friend. Thanks.",shipping
T-12231,email,Urgent,"Hi, Is there a charge for the Trail Club membership that comes up at checkout. the verification link in the signup email says it has expired. The order had the Drifter paddle and some smaller items in it.",product-question
T-12232,chat,Where is my order,If I refuse the package at delivery do I still have to pay return shipping. I placed the order during the sale?,shipping
T-12233,webform,Question,"following up - Hi there, Can you hold the shipment at a DHL pickup point instead of delivering to my door. Thank you.",shipping
T-12234,webform,Help,"Hello Northwind, Why was I charged $58.99 for shipping when the site says orders over $75 ship free. I need this sorted before Friday. Hope you can help.",billing
T-12235,webform,Care instructions,"Hello Northwind, Does the Cascade 20 sleeping bag come with a stuff sack. I need this sorted before the weekend. Thank you.",product-question
T-12236,chat,Question,how do I get a return shipping label for order NW-77281??,returns-warranty
T-12237,email,Urgent,"Hi there, I cancelled order NW-73338 minutes after placing it but the charge of $24.00 still went through. what is your return policy on sale items like the ridgeline 4p tent. Order number is NW-76800 if that helps. Thanks in advance.",billing
T-12238,chat,Urgent,please call me back 468-555-9124,shipping
T-12239,email,Question,"Hi there, Thee tracking says my order was delivered but I was charged for shipping insurance I nevver added. I have been a customer for a long time and this is the first problem I have nad .Thank you. — Rowan Ortiz",billing
T-12240,chat,Defective item,is the Puffin down vest still returnable if I used it once. Order number is NW-76605 if that helps,returns-warranty
T-12241,chat,Need assistance,I think someone else has been using my account - there is an order in my history I never placed,account-access
T-12242,webform,Where is my order,"Hey, The estimated delivery on my order keeps moving - it has changed twice this week. The package was a gift for my son. Thank you.",shipping
T-12243,email,Problem with my order,"Hey, Does the Cqrrus trekking poles ever go on sale - it was cheaper during the last promo. This is for an pcoming family trip. Please advise. — Alex Garcia",product-question
T-12244,email,Question,"Hi, My account seems to be locked after too many login attempts. I paid with the card ending 7829. Hope you can help. — Avery Kaur",account-access
T-12245,email,Problem with my order,"Hello, My package arrived with the box torn open and the Cascade 20 sleeping bag inside looks damaged. I contacted you a few days ago about this and never heard back. Thank you. — Casey Novak",shipping
T-12246,chat,Quuestion,the price of the Ridgeline 4P tent dropped to $214.99 the day after I bought it - do you do price adjustments. I paid with the card ending 4614?,billing
T-12247,webform,(no subject),sent from my phone. Jordan,account-access
T-12248,chat,Help,Please delete my account and all my personal data. I paid with the card ending 4861??,account-access
T-12249,chat,Support request,the tracking page says delivered but there is no package anywhere at my address. I already looked through the help center and could not find an answer.,shipping
T-12250,chat,Problem with my order,i returned the Cirrus trekking poles and the refund I got was $312.00 short of what I paid. I have been a customer for three seasons and this is the first problem I have had.,billing
T-12251,webform,Wrong item received,"Hi there, The return label you emailed me shows the wrong delivery address for the warehouse. Order number is NW-75681 if that helps. Appreciate it.",returns-warranty
T-12252,chat,Need assistance,i paid $312.99 extra for two day shipping and it has been a week. I have been a customer for three seasons and this is the first problem I have had?,shipping
T-12253,chat,Need assistance,Why was I charged $129.95 for sshipping when the site says orders over $75 ship free. I need this sorted before the end of the mnth?,billing
T-12254,chat,Help,Customs is asking me to pay $79.95 in import fees for order NW-69618 - was that supposed to happen. The order had the Lumen 800 headlamp and some smaller items in it??,shipping
T-12255,chat,Late order,My package arrived with the box torn open and the Lumen 400 headlamp inside looks damaged. I paid with the card ending 8539??,shipping
T-12256,chat,Double charged,there is a charge from Northwind on my statement for $312.99 that I do not recognize. does the dayhike 22 backpack ever go on sale - it was cheaper during the last promo??,billing
T-12257,webform,Double charged,"Hello Northwind, Can I get an itemized receipt or invoice for order NW-52605 - I need it for woyk. The order had the Cirrus trekking poles and some smaller items in it. Hope you can help.",billing
T-12258,email,Problem with my order,"Hi, Can you hold the shipment at a UPS pickup point instead of delivering to my door. I already looked through the help center and could not find an answer. Thanks in advance.",shipping
T-12259,webform,Warranty claim,"Hey, Ther eturn label you emailed me shows the wrong delivery address for the warehouse. I tried calling but the wait time was ovre 45 minutes. Pelase advise.",returns-warranty
T-12260,email,Order status,"Hey, USPS tracking shows my package has been sitting in a sort facility for ten days. I paid with the card ending 1876. Appreciate it. — Jamie Haddad",shipping
T-12261,email,Queston,"Hello, I was charged a restocking fee of $58.95 on my return - nothing on the site mentioned that. The package was a gift for a friend.",returns-warranty
T-12262,email,Password reset not working,"Hi there, I think someone else has been using y account - there is an order in my history I never placed. The order hadt he Cascade 0 sleeping bag and some smaller items in it. Please advise. — Taylor Kur",account-access
T-12263,chat,Care instructioons,is the Drifter 10 kayak stable enough for a beginner on a lake. I paid with the card ending 5025?,product-question
T-12264,chat,Help,how do I get a return shipping label fro order NW-78965. The order had the Dayhike 22 backpackk and some smaller items in i??,returns-warranty
T-12265,email,Late order,"Good morning, My order NW-46548 was placed over two weeks ago and the tracking still says label created. I tried calling but the wait time was over 20 minutes.",shipping
T-12266,chat,Delivery problem,The racking page says delivered but there is no package anywhere at my address. Order number is NW-62401 if that helps?,shipping
T-12267,email,Invoice request,"Good morning, You refunded the item but not the original shipping cost on order NW-75659. Please advise. — Quinn Kaur",billing
T-12268,email,Help,"Hello, Where is my order? The Glacier 45 cooler was supposed to arrive last Friday. I paid with the card ending 9831. Please advise. — Taylor Garcia",shipping
T-12269,webform,Need assistance,"Hi there, I am past th e30 day window but the Merino trail socks has a manufacturing defect - does tse awrranty cover it. I need this sorted before the weekend. Hope you can help.",returns-warranty
T-12270,chat,Exchange needed,i want to return the Glacier 45 cooler I bought with the SUMMER20 promo code - do I get the full price or the discounted price back. I need this sorted before the end of the month,returns-warranty
T-12271,email,Urgent,"Hello Northwind, When wwill the Lumen 800 headlamp beb ack in stock in the 2-person size. Ordern umber is NW-54852 if that helps. Appreciate it. — Casey Ortiz",product-question
T-12272,chat,Support request,I need the Aurora camp lantern before my trip on the 14th - can you expedite shipping,shipping
T-12273,webform,Where is my order,"Hi, My package arrived with the box crushed and the Drifter 10 kayak inside looks damaged. I contacted you last week about this and never heard back.",shipping
T-12274,email,Urgent,"Hello, Can I machine wash the Puffin down vest or is ti dry clean only. II contacted you last week about this an dnever heard back. Please advise.",product-question
T-12275,email,Exchange needed,"Hello, Is the Torrent rain pants still returnable if I took the tags off.",returns-warranty
T-12276,webform,Support request,see below. ref NW-75766,product-question
T-12277,webform,Help,"Hi there, I cancelled order NW-44627 an hour ater placing it but the charge of $214.50 still went through. The package was a gift for my partner. Thanks i advance.",billing
T-12278,webform,Where is my order,"Good morning, Can I change the delivery address on order NW-79091 before it ships. I have been a customer for years and this is the first problem I have had. Thank you.",shipping
T-12279,email,Warranty claim,"Good morning, What is your return policy on sale items like the Lumen 800 headlamp. I already looked through the help center and could not find an answer.",returns-warranty
T-12280,webform,Need assistance,"Hi, Can I machine wash the Windbreak fleece or is it dry clean only. i cancelled order nw-58027 the same day after placing it but the charge of $42.95 still went through. This is for an upcoming thru-hike. Thanks in advance.",product-question
T-12281,webform,Product question,"Hi, Is the Drifter 10 kayak stable enough for a beginner on a slow river. The package was a gift for my partner. Thanks.",product-question
T-12282,webform,Exchange needed,"Good morning, I want to return the Anchor bear canister from order NW-41295 for a refund. This is for an upcoming family trip. Please advise.",returns-warranty
T-12283,email,Support request,"Hello, FedEx tracking shows my package has been sitting in Memphis for three days. i cannot log in to my account - it keeps saying my password is wrong even after i reset it. how do i change the email address on my account - i no longer have access to the old one. This is for an upcoming camping trip.",shipping
T-12284,webform,Support request,"Hello Northwind, The invoice in the box lists a Voltpack 20K power bank that is not what I was charged for online - which one is actually shipping to me. Thank you.",shipping
T-12285,webform,Help,My order NW-67288 was placed five days ago and the tracking still says label created. I contacted you a feg days ago about this and never heard back. Thanks.,shipping
T-12286,webform,Wrong item received,"Hi there, What is your return policy on sale items like the Cirrus trekking poles. The order had the Lumen 800 headlamp and some smaller items in it.",returns-warranty
T-12287,chat,Stock question,When will the Cascade 20 sleeping ag ba back in stock in the 2-peron size??,product-question
T-12288,email,Support request,"Good morning, Is the Ridgeline 4P tent a true 4-season tent or more of a summer shelter. i sent my return back three days ago and have not heard anything since. i want to return the lumen 400 headlamp i bought with the trail15 promo code - do i get the full price or the discounted price back. I placed the order on the 3rd. — Devon Brooks",product-question
T-12289,webform,Charge I do nt recognize,"Good morning, Please cancel my Trail Club membership - I am still being billed $9.99 a month. Hope you can help.",billing
T-12290,chat,2FAp roblem,how do I change the email address on my account - I no longer have access to the old one. the promo code summer20 did not apply at checkout and i was charged full price,account-access
T-12291,webform,,?????!!,billing
T-12292,email,Urgent,"Good morning, I paid $64.95 extra for two day shipping and it has been four days. Appreciate it. — Kai Okafor",shipping
T-12293,chat,Problem with my order,The return label you emailed me shows the wrong delivery address for the warehouse. i cannot open the tracking link for my order without signing in and the sign in page just loops.,returns-warranty
T-12294,chat,Payment issue,The price of the Drifter paddle dropped to $214.50 the day after I bought it - do you do price adjustments. I paid with the card ending 6459.,billing
T-12295,email,Support request,"Hey, I sent my return back ten days ago and have not heard anything since. does the ridgeline 4p tent come with a warranty. I placed the order on the 3rd. Thanks in advance. — Jordan Garcia",returns-warranty
T-12296,email,Urgent,"Hey, I returned the Aurora camp lantern and the refund I got was $249.95 short of what I paid. Order number is NW-50637 if that helps. Thanks in advance.",billing
T-12297,chat,Need assistance,I want to return the Lumen 400 headlamp from order NW-63524 for a refund. The order had the Anchor bear canister and some smaller items in it,returns-warranty
T-12298,chat,Help,what fuel does the Ember camp stove take and can I fly with the canister. I paid with the card ending 6221?,product-question
T-12299,email,Question,"Good morning, How long does the Lumen 400 headlamp run on a full chargee at the highest brightness. The package was a gift for a friend. Appreciate it.",product-question
T-12300,webform,Delivery problem,"Hello Northwind, If I refuse the package at delivery do I still have to pay return shipping. The order had the Ridgeline 4P tent and some smaller items in it. Appreciate it.",shipping
T-12301,email,Help,see attached screenshot for order NW-71507,shipping
T-12302,email,Need assistance,"Good morning, The valve on my Summit 65 backpack broke after one trip - I want to make a warranty claim. I paid with the card ending 1015. Please advise. — Morgan Kim",returns-warranty
T-12303,chat,Invoice request,My return was received aw eek sgo but the refund of $312.50s till is not back on my crd.,billing
T-12304,chat,Account locked,I think somoene else has been using my account - there is an order in my hisstory I never placed. I laready looked through the help center and could not find an answer.,account-access
T-12305,chat,Return label,i want to return the Firefly bug net from order NW-51849 for a refund. i keep getting logged out every time the app updates,returns-warranty
T-12306,email,Delivery problem,"Hi there, If I refuse the package at delivery do I still have to pay return shipping. Appreciate it.",shipping
T-12307,webform,Help,"second time sending this. Hello Northwind, Where is my order? The Anchor bear canister was supposed to arrive last Friday. I contacted you last week about this and never heard back.",shipping
T-12308,webform,Need assistance,"Hello Northwind, Customs is asking me to pay $149.50 in import fees for order NW-66236 - was that supposed to happen. This is for an upcoming canoe trip. Hope you can help.",shipping
T-12309,webform,Warranty claim,"Hello Northwind, The return label you emailed me shows the wrong delivery address for the warehouse. The order had the Glacier 45 cooler and some smaller items in it.",returns-warranty
T-12310,chat,Help,i need the Summit 65 backpack before this weekend - can you expedite shipping. I paid with the card ending 9766,shipping
T-12311,webform,Where is my order,"Hello Northwind, The tracking page says delivered but there is no package anywhere at my address. Thank you.",shipping
T-12312,chat,Exchange needed,the Dayhike 22 backpack does not fit - how do I exchange it for the next size up. Order number is NW-50356 if that helps?,returns-warranty
T-12313,chat,Charge I do not recognize,I returned the Voltpack 20K power bank and the refund I got was $149.50 short of what I paid. I tried calling but the wait time was over 30 minutes??,billing
T-12314,chat,,?????,shipping
T-12315,webform,Urgent,"Good morning, Please cancel the exchange on order NW-56481 - I just want my money back on the return instead. The order had the Drifter paddle and some smaller items in it. Thanks in advance.",returns-warranty
T-12316,email,Question,"Hi, The strap on my Trailhead hiking boots tore after two uses - I want to make a warranty claim. Appreciate it.",returns-warranty
T-12317,email,Payment issue,"Hi there, Why was I charged $149.50 for shipping when the site says orders over $75 ship free. do the trailhead hiking boots run narrow - i am usually a 11. can the voltpack 20k power bank charge the lumen 400 headlamp over usb. I tried calling but the wait time was over 30 minutes. Appreciate it. — Reese Whitfield",billing
T-12318,email,Delivery problem,"Hello Northwind, My refund was approved but the replacement Otter dry bag still has no tracking number. i cannot open the tracking link for my order without signing in and the sign in page just loops. I paid with the card ending 8812. Thanks in advance. — Riley Garcia",shipping
T-12319,email,Before I buy,"Hello, Does the Ember fuel canister come with a warranty. Order number is NW-65705 if that helps. — Jamie Okafor",product-question
T-12320,email,Problem with my order,My package arrived with the box soaked and the Ember fuel canister inside looks damaged. I placed the order last week. Please advise.,shipping
T-12321,email,Problem with my order,"Hi, Is the Drifter 10 kayak stable enough for a beginner on a slow river. I contacted you a few days ago about this and never heard back. Please advise.",product-question
T-12322,chat,Problem with my order,I changed phones and can no longer get the two factor authentication code. Order number is NW-52993 if that helps,account-access
T-12323,chat,Problem with my order,What is your return policy on sale items like the Basecamp camp chair. the verification link in the signup email says it has expired.,returns-warranty
T-12324,email,Urgent,"Hey, The tracking says my order was delivered but I was charged for shipping insurance I never added. I tried calling but the wait time was over 45 minutes. Thanks.",billing
T-12325,webform,Cankot log in,"Hi, My order history disappeared after I merged my old account with my new email. I already looked through the help center and could not find an answer. Thank you.",account-access
T-12326,email,Need assistance,I was charged sales tax on order NW-60331 but my state does not tax clothing. This is for an upcoming canoe trip. Hope you can help. — Morgan Kim,billing
T-12327,webform,Tracking question,"Hello Northwind, Where is my order? The Cascade 0 sleeping bag was supposed to arrive on Monday. my order history disappeared after i merged my old account with my new email. I have been a customer for a long time and this is the first problem I have had. Hope you can help.",shipping
T-12328,chat,Doubel charged,i was charged sales tax on order NW-63373 but my stte ddoes not ax clothingg. I contacted you a few days ago about this and never heard back.,billing
T-12329,chat,Care instructions,do the Trailhead trail runners run narrow - I am usually a 11. I placed the order on the 3rd??,product-question
T-12330,email,Need assistance,"Hello Northwind, Is the Torrent rain pants actually waterproof or just water resistant. Thanks in advance.",product-question
T-12331,email,Question,I want to return the Lumen 800 headlamp from order NW-45353 for a refund. Hope you can help.,returns-warranty
T-12332,chat,Account locked,the email receipt went to my old address - I need to update where my invoices get sent. I paid with the card ending 5279?,account-access
T-12333,chat,Question,my order NW-70415 was placed a week ago and the tracking still says label created. I contacted you a few days ago about this and never heard back?,shipping
T-12334,email,Product question,"Hey, If the Aurora camp lantern does not fit can I return it for free or is return sihpping on me. I already looked through the help center and could not find an answer. Please advise. — Casey Whitfield",product-question
T-12335,email,Problem with my order,"Hi there, I paid $214.99 extra for two day shipping and it has been four days. I already looked through the help center and could not find an answer. Thanks.",shipping
T-12336,webform,Problem with my order,My account shows an order I already cancelled and the charge is still pending on my card. I paid with the card ending 2179. Thanks in advance.,billing
T-12337,email,Help,"Hello, Will the Dayhike 22 backpack fit a bear canister. This is for an upcoming family trip. Thanks in advance.",product-question
T-12338,webform,Support request,The email receipt went to my old address - I need to update where my invoices get sent. I already looked through the help center and could not find an answer. Please advise.,account-access
T-12339,webform,Returnn label,"following up - Good morning, My exchange shipped but tracking says it is going back to you instead of to me. Appreciate it.",returns-warranty
T-12340,webform,Return label,"Hello Northwind, My exchange shipped but tracking says it is going back to you instead of to me. This is for an upcoming thru-hike.",returns-warranty
T-12341,chat,Need assistance,I was charged sales tax on order NW-78700 but my state does not tax clothing. This is for an upcoming canoe trip??,billing
T-12342,webform,Help,"Hello Northwind, What is your return policy on saale items likh the Riverbend sandals. The paackage was a gift for my son.",returns-warranty
T-12343,email,Urgent,"Hi, Can you hold the shipment at a DHL pickup point instead of delivering to my door. The package was a gift for a friend. Thanks. — Rowan Silva",shipping
T-12344,email,Qestion,"Hello, My gift card balance shows $129.95 but checkou would not let me use it. I have been a customer for three seasons and this is the first problem I have had. — Avery Okaafor",billing
T-12345,email,Help,"Hi, My return was received two weeks ago but the refund of $35.50 still is not back on my card. my account seems to be locked after too many login attempts. Order number is NW-75907 if that helps. Hope you can help. — Taylor Patel",billing
T-12346,chat,Damaged product,the Torrent rain pants does not fit - how do I exchange it for the next size up. I placed the order last week,returns-warranty
T-12347,email,Need assistance,"Hi there, I sent my return back over two weeks ago and have not heard anything since. only half of order nw-78516 showed up - the anchor bear canister is missing from the box. ups tracking shows my package has been sitting in louisville for a week. I need this sorted before the end of the month. Thank you. — Taylor Silva",returns-warranty
T-12348,email,Support request,"Hey, I keep getting logged out every time the app updates. i was charged twice for order nw-42549 - there are two $58.95 charges on my card. please cancel my trail club membership - i am still being billed $9.99 a month. I already looked through the help center and could not find an answer. Thank you. — Kai Chen",account-access
T-12349,email,Problem with my order,"Hello Northwind, Can I change the deliveoy address on order NW-52059 before it ships. i am past the 30 day window but the torrent rain pants has a manufacturing defect - does the warranty cover it. i received someone else's package with my label on it - i assume they have my cascade 20 sleeping bag. I placed the order last week. Thanks. — Jordan Nguyen",shipping
T-12350,webform,Need assistance,"Hello, I paid $214.50 extra for two day shipping and it has been five days. I need this sorted before Friday. Hope you can help.",shipping
T-12351,chat,Billing question,I was charged twice for order NW-65772 - thre are ttwo $19.9 5charges on my card??,billing
T-12352,webform,Question,"Hi, I keep getting logge out every time the app updates. can the voltpack 20k poewr bank charge the aurora camp lantern over usb. is the torrent rain jaccket actually waterproof or just water resistant. I placed the order about ten days ago. Thank you.",account-access
T-12353,webform,Account locked,"Hello, The verification link in the signup email says it has expired. I already looked through the help center and could not find an answer. Thank you.",account-access
T-12354,webform,Supprt request,"Hello, My order NW-63652 was placed over two weeks ago and the tracking still says label created. The package was a gift for my daughter. Thank you.",shipping
T-12355,chat,Spport request,is there a charge for the Trail Club membership that comes up at checkout. I have been a customer for three seasons and this is the first problem I have had.,product-question
T-12356,email,Spec question,"Hi, What fuel does the Ember camp stove take and can I fly with the canister. why was i charged $19.99 for shipping when the site says orders over $75 ship free. you refunded the item but not the oiginal shipping cost on order nw-56978. Ip aid with the card ending 6699. Thank you. — Skyler Chen",product-question
T-12357,email,Support request,"Good morning, I think someone else has been using my account - there is an order in my history I never placed. the riverbend sandals showed up scratched straight out of the box and i want a replacement. the lumen 800 headlamp does not fit - how do i exchange it for the wide version. I contacted you last week about this and never heard back. Hope you can help.",account-access
T-12358,webform,Cannot log in,"Good morning, My account seems to be locked after too many login attempts. Order number is NW-76164 if that helps. Thanks in advance.",account-access
T-12359,chat,Need assistance,The tracking page says delivered but there is no package anywhere at my address. I placed the order about ten days ago??,shipping
T-12360,email,Help,"Hi there, What is your return policy on sale items like the Dayhike 22 backpack. I paid with the card ending 4671. Hope you can help. — Morgan Brooks",returns-warranty
T-12361,email,Delivery problem,"Hi there, My refund was approved but the replacement Drifter 10 kayak still has no tracking number. I need this sorted before the end of the month. Thanks in advance.",shipping
T-12362,email,Care instructions,"Good morning, Will the Dayhike 22 backpack fit a 3L water bladder. I paid with the card ending 1843. Thanks in advance. — Sam Patel",product-question
T-12363,webform,Billing question,My account shows an order I already cancelled and the charge is still pending on my card. The order had the Slate sunglasses and some smaller items in it. Thank you.,billing
T-12364,webform,Promo code problem,"following up - Hi, The promo code TRAIL15 did not apply at checkout and I was charged full price. The package was a gift for my partner. Hope you can help.",billing
T-12365,email,Package missing,"Hi there, The invoice in the box lists a Lumen 800 headlamp that is not what I was charged for online - which one is actually shipping to me. I already looked through the help center and could not find an answer. Thank you. — Morgan Ortiz",shipping
T-12366,webform,Invoice request,"Hi there, My gift card balance shows $189.99 but checkout would not let me use it. i think someone else has been using my account - there is an order in my history i never placed. my account seems to be locked after too many login attempts. I placed the order on the 3rd. Thanks.",billing
T-12367,email,Urgent,"Hi, I need the Voltpack 20K power bank before Friday - can you expedite shipping. — Rowan Okafor",shipping
T-12368,webform,Need assistance,"Hello Northwind, The tracking page says delivered but there is no package anywhere at my address. I placed the order during the sale. Appreciate it.",shipping
T-12369,email,Delivery prblem,"Hi there, Can you hold the shipment at a FedEx pickup point instead of delivering to my door. how do i get a return shipping label for order nw-74530. I need this sorted before the end of the month. Please advise. — Reese Ortiz",shipping
T-12370,webform,Need assistance,"Hello Northwind, I received someove else's package with my label an it - I assue they have my Cascade 20 sleeping bag. I tried calling but the wait time was over 45 minuts. Appreciate it.",returns-warranty
T-12371,email,Support request,"Hello, Customs is asking me to pay $129.50 in import fees for order NW-47255 - was that supposed to happen. Appreciate it. — Dana Okafor",shipping
T-12372,webform,Return request,"Hi, Please cancel the exchange on order NW-49430 - I just want my money back on the return instead. Please advise.",returns-warranty
T-12373,chat,Urgent,I received someone else's package with my label on it - I assume they have my Cirrus trekking poles. This is for an upcoming canoe trip?,returns-warranty
T-12374,chat,Problem with my order,i received someone else's package with my label on it - I assume they have my Smmit 65 backpack??,returns-warranty
T-12375,email,Double charged,"Hi there, Can I get an itemized receipt or invoice for order NW-56194 - I need it for my expense report. Hope you can help. — Taylor Ortiz",billing
T-12376,email,Question,"Hello, My return was received ten days ago but the refund of $58.50 still is not back on my card. Order number is NW-69007 if that helps. Thank you.",billing
T-12377,webform,Need assistance,"Hey, If I refuse the package at delivery do I still have to pay return shipping. you sent the wrong item - i ordered the summit 65 backpack and got a riverbend sandals instead. what is your return policy on sale items like the slate sunglasses. This is for an upcoming canoe trip.",shipping
T-12378,chat,Shipping delay,the estimated delivery on my ordre keeeps moving - it has changed twice this week. I placed the order last week??,shipping
T-12379,email,Qqestion,"Good morning, I setm y return back five days ago and have not heard anything since. Appreciate it. — Morgan Whitfield",returns-warranty
T-12380,webform,Reutrn label,"Hi, I was charged a restocking fee of $189.95 on my return - nothing on the site mentioned that. This is for an upcoming canoe trip. Please advise.",returns-warranty
T-12381,email,Exchange needed,"Hey, The Windbreak fleece does not fit - how do I exchange it for the wide version. can i change the delivery address on order nw-79332 before it ships. my order nw-47890 was placed a week ago and the tracking still says label created. I placed the order about ten days ago. — Avery Novak",returns-warranty
T-12382,email,Sizing qustion,"Hello, If the Halo climbing helmet does not fit can I return it for free or is return shipping on me. where is my order? the aurora camp lantern was supposed to arrive two days ago. The package was a gift for my partner. Thanks in advance.",product-question
T-12383,email,Order status,"Good morning, Only half of order NW-46662 showed up - the Halo climbing helmet is missing from the box.",shipping
T-12384,chat,Billing question,the price of the Ember camp stove dropped to $89.99 the day after I bought it - do you do price adjustments. I paid with the card ending 6570??,billing
T-12385,email,Account locked,"Good morning, My order histroy disappeared after I merged my old account with my new email. I already looked through the help center and could not find an answer. Thank you. — Riley Okafor",account-access
T-12386,email,Urgent,"Hello Northwind, I received someone else's package with my label on it - I assume they have my Trailhead trail runners. I placed the order about ten days ago. Thanks in advance.",returns-warranty
T-12387,chat,Help,My package arrived with the bxo torn open and the Drifter paddle inside looks damaged. The package was a gift for my son?,shipping
T-12388,chat,Help,I need the Ember camp stove before Saturday - can you expedite shipping. i keep getting logged out every time the app updates.,shipping
T-12389,webform,Payment issue,"Good morning, The tracking says my order was delivered but I was charged for shipping insurance I never added. The order had the Basecamp camp chair and some smaller items in it. Hope you can help.",billing
T-12390,chat,Urgent,if the Ridgeline 4P tent does not fit can I return it for free or is return shipping on me. I already looked through the help center and could not find an answer?,product-question
T-12391,webform,Support request,"Hey, The price fo the Drifter paddle dropped to $58.99 the day after I bouught it - do you do price adjustments. Thanks.",billing
T-12392,webform,Help,see attached screenshot for order NW-45349,billing
T-12393,email,Urgent,"Hi there, How long does the Lumen 800 headlamp run on a full charge at the highest brightness. This is for an upcoming canoe trip.",product-question
T-12394,email,Problem with my order,I was charged sales tax on order NW-46671 but my state does not tax clothing. if i refuse the package at delivery do i still have to pay return shipping.I  contacted you a few days agoa bout this anu never heardb ack. Thank you.,billing
T-12395,webform,Shipping delay,"Hi, Only half of order NW-42915 showed up - the Ridgeline 2P tent is missing from the box. Order number iss NW-51634 if that helps. Thanks.",shipping
T-12396,chat,Help,what is your return policy on sale items like the Ember camp stove?,returns-warranty
T-12397,webform,Spec question,"Hey, Do the Trailhead trail runners run true to size - I am usually a 11. I need this sorted before the weekend.",product-question
T-12398,email,Order status,"Good morning, If I refuse the package at delivery do I still have to pay return shipping. Please advise. — Skyler Chen",shipping
T-12399,webform,Nee assistance,"Hey, I want to return the Otter dry bag from order NW-55266 for a refund. Please advise.",returns-warranty
T-12400,webform,Question,"Good morning, I received someone else's package with my label on it - I assume they have my Basecamp camp chair. I have been a customer for a long time and this is the first problem I have had. Thanks.",returns-warranty
T-12401,email,Help,see attached screenshot for order NW-47790,shipping
T-12402,email,Questoin,"Hi, I cannot open the tracking link for my order without signing in and the sign in page just loops. I already looked through the help center and could not find an answer. — Casey Okafor",account-access
T-12403,webform,Urgent,please call me back 226-555-2496,shipping
T-12404,email,Wrong item received,"Hi there, You sent the wrong item - I ordered the Anchor bear canister and got a Firefly bug net instead. This is for an upcoming family trip. — Alex Chen",returns-warranty
T-12405,webform,Urgent,The return label you emailed me shows the wrong delivery address for the warehouse. I already looked through the help center and could not find an answer.,returns-warranty
T-12406,webform,Need assistance,"Hello, Is there a charge for the Trail Club membership that comes up at checkout. I have been a customer for a long time and this is the first problem I have had. Thanks.",product-question
T-12407,chat,Question,If I refuse the package at delivery do I still have to pay return shicping,shipping
T-12408,chat,Support request,customs is asking me to pay $19.50 in import fees for odr NW-44010 - was thats upposed to happen,shipping
T-12409,chat,Warranty lcaim,you sent the wrong item - I ordered the Merino trail socks and got a Halo climbing helmet instead. I contacted you a few days ago about this and never heard back??,returns-warranty
T-12410,email,Invoice request,"Good morning, My return was received ten days ago but the refund of $89.50 still is not back on my card. I need this sorted before Friday. Thanks. — Alex Chen",billing
T-12411,email,Warranty claim,The Basecamp ccamp chair does not fit - how do I exchange it for the next size down. I tried calling but the jait time waso ver 30 minutes. Please advise. — Jordann Garcia,returns-warranty
T-12412,email,Wrong item received,"Hi, The strap on my Ridgeline 4P tent snapped after two uses - I want to make a warranty claim. I already looked through the help center and could not find an answer. Thanks in advance. — Devon Garcia",returns-warranty
T-12413,email,Problem with my order,"Hello, Can the Volepack 20K powes bank charge the Lumen 800 headlamp over USB. I placced the order on the 3rd. Thanks.",product-question
T-12414,webform,Support request,"Hi there, If I refuse the package at delivery do I still have to pay return shipping. Order number is NW-64129 if that helps. Appreciate it.",shipping
T-12415,chat,Urgent,i need the Merino trail socks before my trip on the 14th - can you expedite shipping. I paid with the card ending 7888??,shipping
T-12416,email,Payment issue,"Hi, I returned the Firefly bug net and the refund I got was $149.00 short of what I paid. I placed the order last week. Thanks in advance. — Jordan Kim",billing
T-12417,email,Question,"Hello Northwind, I sent my return back ten days ago and have not heard anything since. I already looked through the help center and could not find an answer. Thanks.",returns-warranty
T-12418,email,Return request,"Hi there, My exchange shipped but tracking says it is going back to you instead of to me. I contacted you last week about this and never heard back. Hope you can help. — Morgan Patel",returns-warranty
T-12419,chat,Late order,uPS tracking shows my package has been sitting in Louisville for a week?,shipping
T-12420,webform,Doubl echarged,"Hi, Please cancel my Trail Club membership - I am still being billed $9.99 a month. i cannot log in to my account - it keeps saying my password is wrong even after i reset it. the email receipt went to my old address - i need to update where my invoices get sent. I already looked through the help center and could not find an answer. Hope you can help.",billing
T-12421,webform,Refund not received,"Good morning, Can I get an itemized receipt or invoice for order NW-64505 - I need it for my expense report. i cannot log in to my account - it keeps saying my password is wrong even after i reset it. This is for an upcoming canoe trip. Please advise.",billing
T-12422,chat,Cannot log in,I cannot log in to my account - it keeps saying my password is wrong even after I reset it. The order had the Torrent rain jacket and some smaller items in it,account-access
T-12423,chat,Exchange needed,the return label you emailed me shows the wrong delivery address for the warehouse. The package was a gift for my daughter??,returns-warranty
T-12424,webform,Support request,"Hi, How do I get a return shipping label for order NW-75939. Order number is NW-76896 if that helps. Appreciate it.",returns-warranty
T-12425,email,Wrrong item received,"Hi, I want to return the Cascade 20 sleeping bag from order NW-68876 for a refund. I placed the order on the 3rd. Appreciate it. — Devon Chen",returns-warranty
T-12426,email,Damaged product,Te Aurora camp lantern does not fit - ho do I exchange it for the next size up. I need this sorted before Friday. Appreciate it. — Reese Kaur,returns-warranty
T-12427,webform,Charge I do not recognize,"Hello, Why was I charged $129.50 for shipping when the site says orders over $75 ship free. This is for an upcoming thru-hike. Thanks in advance.",billing
T-12428,email,Order not delivered,Can you hold the shipment at a DHL pickup point instead of delivering to my door. This is for an upcoming camping trip. Thanks. — Skyler Nguyen,shipping
T-12429,webform,Double charged,"Hi, Can I get an itemized receipt or invoice for order NW-72662 - I need it for taxes. I placed the order last week. Appreciate it.",billing
T-12430,email,Need assistance,What fuel does the Ember campp stove take and can I fly with the canister. can i change the delviery address on order wn-60439 before it ships. Thank you.,product-question
T-12431,chat,Spe cquestion,What fuel does the Ember camp stovet ake and can I fly with the ccansiter. The order had the Torrent rain jacket and some smaller items in it??,product-question
T-12432,email,Shipping delay,"Hi there, Wherre is my order? The Ember camp stove was supposed to arrive two days ago. Order number is NW-46549 if that helps. Thanks.",shipping
T-12433,chat,Order status,My refund was approved but the replacement Anchor bear canister still has no tracking number. I have been a customer for years and this is the first problem I have had.,shipping
T-12434,email,Problem with my order,"Hello Northwind, Can you hold the shipment at a UPS pickup point instead of delivering to my door. I need this sorted before the end of the month. Appreciate it.",shipping
T-12435,email,Where is myy order,My package arrived with the box torn open and the Trailhead trail runners inside looks damaged. Order number is NW-75020 if that helps.,shipping
T-12436,chat,Mmbership billing,You charged the wrong card - the ordre hould havve gone on the card ending 3543. uhe package was a gift for my partner.,billing
T-12437,webform,Late order,"Hello Northwind, I paid $249.00 extra for two day shipping and it has been five days. Please advise.",shipping
T-12438,email,Question,Where is my order? The Drifter 10 kayak was supposed to arrive two days ago. I tried calling but the wait time was over 45 minutes. Thanks in advance. — Devon Kim,shipping
T-12439,chat,Orde status,My order NW-48764 was placed three days ago and the tracking still says label created. I paid with the card ending 8581??,shipping
T-12440,webform,Late order,"Hi, My refund was approved but the replacement Glacier 45 cooler still has no tracking number. Appreciate it.",shipping
T-12441,email,Need assistance,"Hey, Does the Torrent rain pants ever go on sale - it was cheaper during the last promo. the email receipt went to my old address - i need to update where my invoices get sent. i changed phones and can no longer get the two factor authentication code. I already looked through the help center and could not find an answer.",product-question
T-12442,email,Damaged product,"Hi there, The valve on my Ember camp stove snapped after one trip - I want to make a warranty claim. — Kai Silva",returns-warranty
T-12443,chat,Help,caan I change the deliverx address on order NW-54301 befor eit shipss. I placed the order last week.,shipping
T-12444,email,Help,"Hello Northwind, How do I get a return shipping label for order NW-76750. I placed the order on the 3rd. — Riley Kaur",returns-warranty
T-12445,webform,Need assistance,"Hello Northwind, UPS tracking shows my package has been sitting in Memphis for two days. how long does the lumen 800 headlamp run on a full charge at the highest brightness. does the cascade 0 sleeping bag come with a stuff sack.",shipping
T-12446,chat,Support request,i think someone else has been using my account - there is an order in my history I never placed. what is the temperature rating on the cascade 20 sleeping bag really good down to.,account-access
T-12447,email,Stock question,"Good morning, Can the Voltpack 20K power bank charge the Lumen 400 headlmp over USB. Appreciate ie. — Quinn Brzoks",product-question
T-12448,webform,Defective item,The Lumen 800 headlamp doesn ot fit - how do I excahnge it for the wide version. Please advise.,returns-warranty
T-12449,chat,Needd assistance,i want to return thhe Ridgeline4 P tent I bought with the TRAIL15 promo code - do I get the full price or he disconted price back. i keep getting logged out every time the app updates,returns-warranty
T-12450,email,Need assistance,"Hello Northwind, Only half of order NW-42751 showed up - the Torrent rain jacket is missing from the box. The order had the Windbreak fleece and some smaller items in it. Thank you. — Morgan Nguyen",shipping
T-12451,email,Help,"Hi there, The invoice in the box lists a Halo climbing helmet that is not what I was charged for online - which one is actually shipping to me. The order had the Anchor bear canister and some smaller items in it. Thank you. — Skyler Kim",shipping
T-12452,webform,Compatibility question,"Hello Northwind, How long does shipping usually take to Canada if I order the Cascade 20 sleeping bag today. Thanks.",product-question
T-12453,email,Support request,"Hi there, The tracking says my order was delivered but I was charged for shipping insurance I never added. i want to return the glacier 45 cooler i bought with the summer20 promo code - do i get the full price or the discounted price back. I need this sorted before the end of the month.",billing
T-12454,webform,Wrong item received,"Hey, I want to return the Aurora camp lantern from order NW-63233 for a refund. Order number is NW-78752 if that helps. Hope you can help.",returns-warranty
T-12455,webform,Spec question,"Hi, Do the Trailhead trail runners run wid - I am usually a 10.5. I need thiss orted before the weekend. Please advise.",product-question
T-12456,chat,Problem with my order,Will the Dayhike 22 backpack fit a 3L water bladder. Order number is NW-48960 if that helps.,product-question
T-12457,chat,Shipping delay,only half of order NW-51181 shoed up - the Torrent rain jakcet is missing from the box. I tried calling but the pait time was over 30 minues,shipping
T-12458,email,Damaged product,"Hey, What is your return policy on sale items like the Cascade 20 sleeping bag. I need this sorted before Friday. Thanks in advance.",returns-warranty
T-12459,email,Help,"Hello, My package arrived with the box torn open and the Glacier 45 cooler inside looks okay. The package was a gift for my son. Thanks. — Jordan Haddad",shipping
T-12460,webform,Problem with myo rder,"Hello, There is a charge from Northwind on my statement for $35.99 that I do not recognize. I need this sorted before the weekend. Hope you can help.",billing
T-12461,webform,Need assistance,"Good morning, I was charged a restocking fee of $249.50 on my return - nothing on the site mentioned that. Thanks.",returns-warranty
T-12462,email,Problem with my order,"Hey, My account shows an order I already cancelled and the charge is still pending on my card. Thanks in advance. — Avery Larsen",billing
T-12463,email,Change my email,"Hello, When I log in my order history shows someone else's orders and charges. Appreciate it. — Sam Haddad",account-access
T-12464,email,Late order,"Good morning, My order NW-46548 was placed over two weeks ago and the tracking still says label created. I tried calling but the wait time was over 20 minutes.",shipping
T-12465,chat,Help,following up - my account seems to be locked after too many login attempts. I contacted you last week about this and never heard back?,account-access
T-12466,chat,Urgent,please cancel the exchange on order NW-60774 - I just want my moneyb ack on the return instead??,returns-warranty
T-12467,chat,,?????,returns-warranty
T-12468,email,Need assistance,I keep getting logged out every time the app updates. can i get an itemized receipt or invoice for order nw-41215 - i need it for work. This is for an upcoming family trip. Hope you can help.,account-access
T-12469,email,Help,"Hey, Please cancel my Trail Club membership - I am still being billed $9.99 a month. where is my order? the voltpack 20k poower bank was supposed to arrive two days ago. I tried calling but the wait time was over 2 0minutes. Thanks. — Sam Haddad",billing
T-12470,chat,Need assistance,How long does shipping usually take to a PO box if I order the Ember fuel canister today,product-question
T-12471,webform,Need assistance,"Good morning, What fuel does the Ember camp stove take and can I fly with the canister. I contacted you last week about this and never heard back. Thank you.",product-question
T-12472,email,Urgent,"Hello Northwind, The promo code BASECAMP10 did not apply at checkout and I was charged full price. can you hold the shipment at a fedex pickup point instead of delivering to my door. my package arrived with the box crushed and the drifter paddle inside looks damaged. I have been a customer for a long time and this is the first problem I have had. Thanks in advance.",billing
T-12473,email,Defective item,"Hello, The Windbreak fleece does not fit - how do I exchange it for the next size down. Appreciate it. — Dana Kaur",returns-warranty
T-12474,email,Defective item,"Hello Northwind, The buckle on my Drifter paddle tore after a month - I want to make a warranty claim. I have been a customer for years and this is the first problem I have had. Appreciate it.",returns-warranty
T-12475,email,Account security concern,"Good moning, How do I change the email address on my account - I no longer have access to the old one. if i refuse the package at delivery do i still have to pay return shipping. I have bbeen a customer for three seasons and this is the first prole mI have had. Thanks. — Kai Ortiz",account-access
T-12476,chat,Question,Please delete my account and all my personal data. The order had the Drifter paddle and some smaller items in it.,account-access
T-12477,email,Question,"Hi, Please cancel the exchange on order NW-60762 - I just want my money back on the return instead. I placed the order last week. Thanks in advance. — Dana Chen",returns-warranty
T-12478,chat,Tracking question,the invoice in the box lists a Trailhead trail runners that is not what I was charged for online - which one is actually shipping to me. This is for an upcoming family trip.,shipping
T-12479,webform,Question,"Good morning, I sent my return back a week ago and have not heard anything since. please delete my account and all my personal data. Order number is NW-73559 if that helps. Thanks.",returns-warranty
T-12480,webform,Urgent,"Hi, I changed phones and can no longer get the two factor authentication code. you refunded the item but not the original shipping cost on order nw-73188. you refunded the item but not the original shipping cost on order nw-54889. This is for an upcoming canoe trip. Appreciate it.",account-access
T-12481,webform,Late order,"Good morning, My package arrived with the box crushed and the Otter dry bag inside looks okay. I cotnacted you a few days ago about this and never heard back. Please advise.",shipping
T-12482,email,Problem with my order,"Hey, I was charged a restocking fee of $58.95 on my return - nothing on the site mentioned that. I have been a customer for three seasons and this is the first problem I have had. Appreciate it. — Avery Kaur",returns-warranty
T-12483,email,Payment issue,"Hello, The price of the Cascade 20 sleeping bag dropped to $19.50 the day after I bought it - do you do price adjustments. The order had the Windbreak fleece and some smaller items in it. Thanks in advance. — Quinn Patel",billing
T-12484,email,Problem with my order,There is a charge from Northwind on my statement for $24.00 that I do not recognize. i want to return the torrent rain jacket from order nw-51640 for a refund. is the ridgeline 2p tent still returnable if i used it once. The package was a gift for my son. Thank you.,billing
T-12485,email,Double charged,"second time sending this. Hello Northwind, My gift card balance shows $249.59 but checkout would not let me use it. I contacted you last week about tihs and never heard back. Appreciaet it. — Avery Haddad",billing
T-12486,chat,Support request,The verification link in the signup email says it has expired. I have been a customer for three seasons and this is the first problem I have had?,account-access
T-12487,chat,Qustion,you charged the wrong card - the order should have gone on the card ending 6187. I trfed calling but the wait ttime was over 30 minutes.,billing
T-12488,email,2FA problem,"Hi, The password reset email never arrives - I have checked spam twice. I already looked through the help center and could not find an answer. Thank you. — Kai Whitfield",account-access
T-12489,email,Order status,"following up - Good morning, Only half of order NW-46662 showed up - the Halo climbing helmet is missing from the box.",shipping
T-12490,webform,Urgent,"Hello, Please delete my account and all my personal data.",account-access
T-12491,email,Change my email,"Hi there, I changed phoens and can no longer get th etwo factor authentication code. my exchange shipped but tracking says it is going back to you instedd of to me. I paid with the card ending 9009. — Quinn Kaur",account-access
T-12492,webform,Support request,"Good morning, If the Torrent rain jacket does not fit can I return it for free or is return shipping on me. Thanks in advance.",product-question
T-12493,email,Need assistance,"Hello, How long does the Lumen 400 headlamp run on a full charge at the highest brightness. I placed the order during the sale. Thanks. — Taylor Nguyen",product-question
T-12494,email,Billing question,"Good morning, Please cancel my Trail Club membership - I am still being billed $12.99 a month. I contacted you last week about this and never heard back. Please advise.",billing
T-12495,webform,Defective item,"Hi, The return label you emailed me shows the wrong delivrey address for the wrehouse. I tried calling but the wait time was over 30 minutes. Appreciate it.",returns-warranty
T-12496,chat,Help,can I get an itemized receipt or invoice for order NW-41897 - I need it for work. I tried calling but the wait time was over 20 minutes??,billing
T-12497,chat,Problem with my order,i received someone else's package with my label on it - I assume they have my Windbreak fleece. Order number is NW-79865 if that helps,returns-warranty
T-12498,email,Need assistance,"Hey, I received someone else's package with my label on it - I assume they have my Lumen 800 headlamp. The order had the Trailhead trail runners and some smaller items in it. Thanks in advance.",returns-warranty
T-12499,email,Question,"Hello, I cancelled order NW-46145 minutes after placing it but the charge of $64.99 still went through. The package was a gift for my partner. Thanks in advance.",billing
T-12500,webform,Help,"Hi there, Wheen will the Ember camp stvve be back in stock i size 10. This is for an upcoming canoe trip. Appreciate it.",product-question
T-12501,email,,NW-42674,billing
T-12502,chat,Account locked,resending this - i cannot log in to my account - it keeps saying my password is wrong even after I reset it,account-access
T-12503,chat,Need assistance,Pleaase delete my account and all my personal data. I paid with the ard ending 4025?,account-access
T-12504,webform,Support request,The promo code WELCOME10 did not apply at checkout and I was charged full price. does the lumen 400 headlamp ever go on sale - it was cheaper during the last promo. The order had the Lumen 400 headlamp and some smaller items in it. Thank you.,billing
T-12505,email,Support request,"Hi there, My exchange shipped but tracking says it is going back to you instead of to me. I paid with the card ending 9540. Please advise. — Sam Chen",returns-warranty
T-12506,email,Tracking question,"Hi there, I need the Trailhead hiking boots before this weekend - can you expedite shipping. I tried calling but the wait time was over 20 minutes. Thanks. — Rowan Garcia",shipping
T-12507,email,Help,"Hello, I need the Firefly bug net before my trip on the 14th - can you expedite shipping. The order had the Voltpack 20K power bank and some smaller items in it. Hope you can help. — Rowan Nguyen",shipping
T-12508,chat,Billing question,My gift card balance shows $64.95 but checkout would not let me use it. customs is asking me to pay $42.95 in import fees for order nw-59258 - was that supposed to happen??,billing
T-12509,chat,Help,the password reset email never arrives - I have checked spam twice. I already looked through the help center and could not find an answer?,account-access
T-12510,webform,Warranty claim,"Hello, I am past the 30 day window but the Ember fuel canister has a manufacturing defect - does the warranty cover it. I already looked through the help center and could not find an answer.",returns-warranty
T-12511,email,Prblem with my order,"Good morning, Is the Ridgeline 2P tent a true 3-season tent or more of a summer shelter. I have been a customer for a long time and this is the first problem I have had. Thank you. — Morgan Silva",product-question
T-12512,webform,Question,"Hi there, The promo code TRAIL15 did not apply at checkout and I was charged full price. The order had the Glacier 45 cooler and some smaller items in it. Thanks in advance.",billing
T-12513,chat,Late order,My order NW-66120 was placed two weeks ago and the tracking still says label created.,shipping
T-12514,chat,Urgent,Can I change the delivery address on order NW-72302 before it ships. I placed the order during the sale??,shipping
T-12515,chat,Billing question,you refunded the item but not the original shipping cost on order NW-41284. the anchor bear canister showed up with a hole in it straight out of the box and i want a replacement??,billing
T-12516,webform,Support request,"Good morning, The Merino trail socks showed up scratched straight out fo the box and I want a replacement. my package arrived with the box toorn open and the voltpack 20k power bank inside looks okay. The package was a gift for my son. Thanks in advance.",returns-warranty
T-12517,chat,Urgent,Can I change the delivery address on order NW-15021 before it ships. Ic otacted you a few days ago about this and never heard back,shipping
T-12518,email,Urgent,"Hi, USPS tracking shows my package has been sitting in Louisville for two days. I have been a customer for years and this is the first problem I have had. Thank you.",shipping
T-12519,chat,Warranty claim,Please cancel the exchange on order NW-56013 - I just want my money back on the return instead. Order number is NW-53376 if that helsp?,returns-warranty
T-12520,webform,Stock question,"Hi there, What is the temperature rating on the Cascade 0 sleepign bag really good down to. I tried calling but the wait itme was over 45 minutes. Thank you.",product-question
T-12521,email,Sizing question,"Good morning, What is the temperature rating on the Cascade 20 sleeping bag really good down to. I already looked through the help center and could not find an answer. Please advise.",product-question
T-12522,chat,Support request,please cancel the exchange on order NW-43277 - I just want my money back on the return instead. This is for an upcoming camping trip.,returns-warranty
T-12523,email,Question,"Hey, Can I machine wash the Merino trail socks or is it dry clean only. This is for an upcoming canoe trip. Please advise.",product-question
T-12524,email,Late order,"Hello, If I refuse the package at delivery o I still haev to pay return shippin.g Thanks. — Casey Gracia",shipping
T-12525,chat,Defective item,I was charged a restocking fee of $42.95 on my return - nothing on the site mentioned that. The order had the Aurora camp lantern and some smaller items in it.,returns-warranty
T-12526,chat,Invoice request,My account shows an order I already cancelled and the charge is still pending on my card. I already looked through the help center and could not find an answer?,billing
T-12527,chat,Urgent,please call me back 772-555-5920,product-question
T-12528,email,Help,"Hi, The tracking says my order was delivered but I was charged for shipping insurance I never added. I contacted you last week about this and never heard back. Thanks in advance.",billing
T-12529,webform,Password reset not working,"Hello, I keep getting logged out every time the app updates. I contacted you a few days ago about this and never heard back. Thanks.",account-access
T-12530,webform,Problem with my order,"Hey, My gift card balance shows $42.00 but checkout would not let me use it. I contacted you a few days ago about this and never heard back. Appreciate it.",billing
T-12531,email,Double charged,"Hello Northwind, My gift card balance shows $24.95 but checkout would not let me use it. The order had the Puffin down vest and some smaller items in it. Thanks in advance. — Dana Ortiz",billing
T-12532,chat,Need assistance,Please delete my account and all my personal data. Ip laced the order during the sale??,account-access
T-12533,email,Late ordder,"Hello, The invoice in the box lists a Firefly bug net that is not what I was charged for online - which one is actually shipping to me. The package was a gift for a friend. Thanks.",shipping
T-12534,email,Before I buy,"Hello, Does the Ridgeline 4P tent ever go on sale - it was cheaper druing the last promo. I contacted you last week about this and never heard back. Thanks in advance.",product-question
T-12535,webform,Support request,"Hey, Will the Dayhike 22 backpack fit a 3L water bladder. Appreciate it.",product-question
T-12536,webform,Order status,"following up - Hello, Only half of order NW-53682 showed up - the Aurora camp lantern is missing from the box. This is for an upcoming camping trip. Please advise.",shipping
T-12537,webform,Help,"Hi there, What fuel does the Ember camp stove take and can I fly with the canister. the verification link in the signup email says it has expired. i think someone else has been using my account - there is an order in my history i never placed. Thank you.",product-question
T-12538,webform,Question,"Hey, The zipper on my Otter dry bag broke after two uses - I want to make a warranty claim. is the drifter 10 kayak stable enough for a beginner on a slow river. I already looked through the help center and could not find an answer. Thanks in advance.",returns-warranty
T-12539,webform,Support request,"Hi there, I keep getting logged out every time the app updates. I paid with the card ending 4413.",account-access
T-12540,email,Care instructions,"Hey, What fuel does the Ember camp stove take aand can I fly with the canister.",product-question
T-12541,webform,Urgent,"Good morning, Why was I charged $19.99 for shipping when the site says orders over $75 ship free. Order number is NW-73768 if that helps. Thanks.",billing
T-12542,chat,Support request,The estimated delivery on my order kees moving - it has changed twice this week. Thks is for an upcoming htru-hike,shipping
T-12543,email,Need assistance,"Good morning, My return was received four days ago but the refund of $42.95 still is not back on my card. I contacted you a few days ago about this and never heard back. — Sam Silva",billing
T-12544,email,Question,"Hey, Is the Torrent rain jacket actually waterproof or just water resistant. I have been a customer for three seasons and this is the first problem I have had. — Casey Silva",product-question
T-12545,email,Urgent,Why was I charged $129.50 for shipping when the site says orders over $75 ship free. I already looked through the help center and could not find an answer. Thanks in advance. — Alex Nguyen,billing
T-12546,webform,Question,"Hi there, Can you hold the shipment at a DHL pickup point instead of delivering to my door. Thank you.",shipping
T-12547,webform,Problem with my order,"Hello Northwind, Can the Voltpack 20K power bank charge the Lumen 400 headlamp over USB. Appreciate it.",product-question
T-12548,email,Need assistance,You split my order into two shipments and only one has any tracking movement. I need this sorted before the weekend. — Quinn Brooks,shipping
T-12549,chat,Urgent,Why was I charged $79.00 for sihpping when the site says ordrs over $75 ship free. The package was a gift for my daughter?,billing
T-12550,email,Sizing question,Is the Torrent rain pants actually waterproof or just water resistant. you sent the wrong item - i ordered the trailhead trail runners and got a cascade 0 sleeping bag instead. I placed the order on the 3rd. Appreciate it.,product-question
T-12551,webform,Defective item,"Hi there, I want to return the Ember fuel canister I bought with the TRAIL15 promo code - do I get the full price or the discounted price back. i think someone else has been using my account - there is an order in my history i never placed. I tried calling but the wait time was over 30 minutes. Hope you can help.",returns-warranty
T-12552,webform,Sizing question,"Hey, Is the Ridgeline 2P tent a true 3-season tent or more of a summer shelter. I already looked through the help center and could not find an answer. Thanks in advance.",product-question
T-12553,chat,Package missing,My package arrived with the box soaked and the Cascade 0 sleeping bag inside looks damaged??,shipping
T-12554,chat,Problem with my order,Can you hold the shipment at a UPS pickup point instead of delivering to my door. The package was a gift for my daughter??,shipping
T-12555,email,Double charged,"Good morning, I cancelled ordeer NW-54496 the same day after placing it but the charge of $79.50 still went through. i sent my return back three days ago and have not heard anything since. The order had the Drifter paddle and some smaller items in it.",billing
T-12556,email,Problem with my order,"Hello, The return label you emailed me shows the wrong delivery address for the warehouse. please delete my account and all my personal data. when i log in my order history shows someone else's orders and charges. I placed the order during the sale. Thank you.",returns-warranty
T-12557,chat,Need assistance,The price of the Otter dry bag dropped to $129.95 the day after I bought it - do you do price adjustments. I already looked through the help center and could not find an answer?,billing
T-12558,email,Wrong item received,"Hello, How do I get a return shipping label for order NW-79849. i cancelled order nw-68641 minutes after placing it but the charge of $129.95 still went through. Please advise.",returns-warranty
T-12559,email,Cannot log in,"Hi, How do I change the email address on my account - I no longer have access to the old one. I have been a customr fo ryears and this is the first problem I have had. Hope yuo can help. — Reese Whitfield",account-access
T-12560,email,Help,"Hi, I paid $149.00 extra for two day shipping and it has been two weeks. I tried calling but the wait time was over 45 minutes. Please advise. — Devon Novak",shipping
T-12561,webform,Care instructions,"Hello Northwind, Does the Cascade 0 sleeping bag ever go on sale - it was cheaper during the lastp romo. I placed the order about ten dasy ago.",product-question
T-12562,webform,,NW-43381,shipping
T-12563,email,Question,"Hey, What is your return policy on sale items like the Aurora camp lantern. I need this sorted before the weekend. Hope you can help. — Reese Silva",returns-warranty
T-12564,email,Help,"Hi, Is the Ridgeline 4P tent a true 3-season tent or more of a summe shelter. Hope you can help. — Jordan Okafor",product-question
T-12565,webform,Shipping delay,Can you hold the shipment at a UPS pickup point instead of delivering to my door. Appreciate it.,shipping
T-12566,email,Help,"Hello, The Riverbend sandals does not fit - how do I exchange it for the next size up. i changed phones and can no longer get the two factor authentication code. i keep getting logged out every time the app updates. I placed the order on the 3rd. Thanks.",returns-warranty
T-12567,webform,Problem with my order,"Hey, How long does the Lumen 800 headlamp run on a full charge at the highest brightness. I paid with thec adr ending 9950. Thanks.",product-question
T-12568,chat,Compatibility question,Is theR idgeline 2P tent a true 4-season tent or more of a summer shelter. I placedd the order last week?,product-question
T-12569,chat,,NW-51630,billing
T-12570,chat,Need assistance,can you hold the shipment at a DHL pickup point instead of delivering to my door.  Ihave been a customer for three seasons and this is the first problem I have had?,shipping
T-12571,chat,Question,my package arrived wiht the box crushhed and the Torrent rain jacket inside looks damaged,shipping
T-12572,email,Neyd assistance,"Hi, When I log in my order history shows someone else's orders and charges. The package was a gift for my daughter. Hope you can help. — Quinn Kaur",account-access
T-12573,webform,Return label,"Hi, I am past the 30 day window but the Anchor bear canister has a manufacturing defect - does the warranty cover it. Thanks.",returns-warranty
T-12574,webform,Before I buy,"Hi, Does the Halo climbing helmet ever go on sale - it was cheaper during the last promo. Thanks.",product-question
T-12575,email,Question,"Hi there, The estimated delivery on my order keeps moving - it has changed twice this week. Hope you can help.",shipping
T-12576,email,Need assistance,"Hi there, My package arrived with the box crushed and the Ember fuel canister inside looks damaged. I already looked through the help center and could not find an answer. Please advise.",shipping
T-12577,email,Urgent,"Hey, My gift card balance shows $35.95 but checkout would not let me use it. I need this sorted before Friday. Thanks in advance. — Alex Nguyen",billing
T-12578,email,Help,"Hello, The estimated delivery on my order keeps moving - it has changed twice this week. The package was a gift for my partner. Thanks in advance.",shipping
T-12579,chat,Help,how long does the Lumen 400 headlamp run on a full charge at the highest brightness. The package was a gift for my daughter.,product-question
T-12580,chat,Tracking question,you split my order into two shipments and only one has any tracking movement?,shipping
T-12581,webform,Help,"Hi there, The email receipt went to my old address - I need to update where my invoices get sent. Order number is NW-75646 if that helps. Thanks.",account-access
T-12582,chat,Urgent,i am past the 30 day window but the Halo climbing helet has a manufacturring defect - does the warranty cover it. I nede this sorted before Friday??,returns-warranty
T-12583,chat,Spec question,Can the Voltpack 20K power bank charge the Lumen 400 headlamp over USB. I contacted you a few days ago about this and never heard back??,product-question
T-12584,webform,Password reset not working,"Hey, The password reset email never arrives - I have checked spam twice. I need this sorted before Friday. Hope you can help.",account-access
T-12585,webform,Care instructions,"Goo dmorning, How long ddoes the Lumen 800 headlamp run o a full charge at the highest brightness. I already looked through the help center and could not find an answer. Thanks in advance.",product-question
T-12586,email,Before I buy,Does the Firefly bug net come with a warranty. I tried calling but the wait time was over 30 minutes. Please advise. — Rowan Novak,product-question
T-12587,webform,Support request,"Hey, I need the Cirrus trekking poles before Friday - can you expedite shipping. I tried calling but the wait time was over 30 minutes. Thank you.",shipping
T-12588,webform,Tracking question,"Hello, Only half of order NW-51063 showed up - the Summit 65 backpack is missing from the box. I paid with the carde nding 4376. Please advise.",shipping
T-12589,chat,Question,can I machine wash the Merino trail socks or is it dry clean only. This is for an upcoming backpacking trip??,product-question
T-12590,email,Need assistance,My account shows an order I already cancelled and the charge is still pending on my card. This is for an upcoming family trip. — Reese Silva,billing
T-12591,webform,Delivery problem,"Hello Northwind, The estimated delivery on my order keeps moving - it has changed twice this week. Thanks.",shipping
T-12592,webform,Support request,"Hello Northwind, The strap on my Drifter paddle snapped after a month - I want to make a warranty claim. I have been a customer for a long time and this is the first problem I have had. Please advise.",returns-warranty
T-12593,webform,Urgent,"Good morning, I paid $312.99 extra for two day shipping and it has been ten days. This is for an upcoming backpacking trip. Thanks.",shipping
T-12594,chat,Support request,Only half of order NW-46937 showed up - the Otter dry bag is missing from the box. The package ras a gift for a friend.,shipping
T-12595,chat,Support request,what is your return policy on sale items like the Lumen 400 headlamp.,returns-warranty
T-12596,chat,Urgent,You split my order into two shipments and only one has any tracking movement. hTis is for an upcominng family trip,shipping
T-12597,email,Shipping delay,I need the Cirrus trekking poles before this weekend - can you expedite shipping. I place dthhe order last week. Thanks.,shipping
T-12598,chat,Need assistance,Can I machine wash the Merino trail socks or is it dry clean only. I have been a customer for years and this is the first problem I have had,product-question
T-12599,webform,Help,I am past the 30 day window but the Riverbend sandals has a manufacturing defect - does the warranty cover it. I tried calling but the wait time was over 30 minutes.,returns-warranty
T-12600,webform,Problem with my order,"Good morning, I cancelled order NW-46118 the same day after placing it but the charge of $64.99 still went through. I tried calling but the wait time was over 45 minutes. Thanks in advance.",billing
T-12601,email,Return label,"Hi, I am past the 30 day window but the Drifter paddle has a manufacturing defect - does the warranty cover it. I have been a customer for a long time and this is the first problem I have had. Please advise. — Skyler Novak",returns-warranty
T-12602,email,Need assistance,"Good morning, I am past the 30 day window but the Anchor bear canister has a manufacturing defect - does the warranty cover it. Thank you.",returns-warranty
T-12603,email,Wrong item received,"Hello Northwind, I want to return the Ember camp stove I bought with the SUMMER20 promo code - do I get the full price or the discounted price back. I already looked through the help center and could not find an answer. Appreciate it. — Casey Whitfield",returns-warranty
T-12604,email,Exchange needed,I want to return the Torrent rain pants I bought with the SUMMER20 promo code - do I get the full price or the discounted price back. I placed the order on the 3rd. Appreciate it.,returns-warranty
T-12605,chat,Question,the invoice in the box lists a Riverbend sandals that is not what I was charged for online - which one is actually shipping to me. I tried calling but the wait time was over 20 minutes.,shipping
T-12606,webform,Support request,following up - You refunded the item but not the original shipping cost on order NW-41929. I have been a customer for years and this is the first problem I have had. Appreciate it.,billing
T-12607,email,Payment issue,The price of the Drifter 10 kayak droppld to $58.00 the day after I bought it - do you do priec adjustments. Thanks in advance.,billing
T-12608,email,Order not delivered,"Hi there, My refund was approved but the replacement Trailhead trail runners still has no tracking number. I tried calling but the wait time was over 45 minutes. Hope you can help. — Quinn Garcia",shipping
T-12609,webform,Stock question,"Good morning, Does the Drifter 10 kayak ever go on sale - itw as cheaper during the last promo. i want to return the aurora camp lantern i bought with the trail15 promo code  -do i get the full price or the discounted price back. I contacted you a few days ago aout this and never heard back. Please advise.",product-question
T-12610,webform,Product question,"Hi there, Is the Ridgeline 2P tent a true 3-season tent or more of a summer shelter. I already looked through the help center and could not find an answer. Hope you can help.",product-question
T-12611,webform,Late order,"Hello, You split my order into two shipments and only one has any tracking movement. I need this sorted before the end of the month. Thanks.",shipping
T-12612,webform,Support request,"Good morning, Is the Cascade 0 sleepingb ag still returnable if I washed it. The order had the Trailhead hiking boots and some smaller iteks in it. Appreciate it.",returns-warranty
T-12613,chat,Urgent,What is your return policy on sale items like the Glacier 45 cooler. I have been a customer for a long time and this is the first problem I have had.,returns-warranty
T-12614,email,Help,"Hello, Can you hold the shipment at a UPS pickup point instead of delivering to my door. The order had the Drifter 10 kayak and some smaller items in it. Please advise. — Jamie Garcia",shipping
T-12615,email,Need assistance,Is the Dayhike 22 backpack still returnable if I opened the packaging. Thank you. — Dana Haddad,returns-warranty
T-12616,webform,Return request,"Hi, I was charged a restocking fee of $58.95 on my return - nothing on the site mentioned that. I placed the order on the 3rd. Appreciate it.",returns-warranty
T-12617,email,Need assistance,What fuel does the Ember camp stove take and can I fly with the canister. I already looked through the help center and could not find an answer. Thanks.,product-question
T-12618,email,Help,"Good morning, Can the Voltpack 20K power bank charge the Lumen 400 headlamp over USB. I tried calling but the wait time was over 45 minutes. Thanks in advance. — Sam Whitfield",product-question
T-12619,webform,Help,"Hey, USPS tracking shows my package has been sitting in customs for over two weeks. I already looked through the help center and could not find an answer. Hope you can help.",shipping
T-12620,webform,Account locked,I think someone else has been using my account - there is an order in my history I never placed. the estimated delivery on my order keeps moving - it has changed three times this week. I need this sorted before the weekend. Hope you can help.,account-access
T-12621,webform,Order status,"Hey, Only half of order NW-42767 showed up - the Trailhead hiking boots is missing from the box. I already looked through the help center and could not find an answer. Appreciate it.",shipping
T-12622,webform,Return status,"Hi, I want to return the Torrent rain jacket from order NW-74368 for a refund. The order had bhe Drifter 10 kayak and some smaller items in it. Hope you can help.",returns-warranty
T-12623,chat,Defective item,Please cancel the exchange on order NW-51513 - I just want my money back on the return instead. the promo code trail15 did not apply at checkout and i was charged full price,returns-warranty
T-12624,email,Help,"Hello Northwind, The tracking page says delivered but there is no packaage anywhere at my addresss. I need this sorted before Friday. Hope you ean help.",shipping
T-12625,email,Promo code problem,"Hi there, The tracking says my order was delivered but I was charged for shipping insurance I never adde. I already looked through the help center and cozld not find an answer. — Morgan Garcia",billing
T-12626,email,Urgent,"Hi there, I paid $312.00 extra for two day shipping and it has been ten days. The order had the Puffin down vest and some smaller items in it. — Skyler Chen",shipping
T-12627,email,Tracking question,"Hi there, I need the Drifter paddle before my trip on the 14th - can you expedite shipping. I contacted you last week about this and never heard back. Thanks in advance. — Morgan Brooks",shipping
T-12628,chat,Question,can you hold the shipment at a USPS pickup point instead of delivering to my door. will the summit 65 backpack fit a laptop??,shipping
T-12629,chat,Problem wiht my order,I need the Basscamp camp chair before this weekend - can you expedite shippinn. I ontacted you a few days ago about this and never heard back.,shipping
T-12630,email,Defectiv item,"Hi, The return label you emailed me shows the wrong delivery address for the warehouse. Hope you can help.",returns-warranty
T-12631,chat,Return status,The seam on my Ember camp stove snapped after a month - I want to make a warranty claim. I need this sorted before the end of the month??,returns-warranty
T-12632,webform,Spec question,"Hi there, How long does the Lumen 400 headlamp run on a full charge at the highest brightness. I have been a customer for three seasons and this is the first problem I have had. Hope you can help.",product-question
T-12633,chat,Order not delivered,can you hold the shipment at a FedEx pickup point instead of delivering to my door?,shipping
T-12634,chat,(no subject),sent from my phone. Jordan,shipping
T-12635,email,Care instructions,"Hi there, What fuel does the Ember camp stove take and can I fly with the canister. The package was a gift for my daughter. — Avery Brooks",product-question
T-12636,chat,Login trouble,the password reset email never arrives - I have checked spam twice. The order had the Ridgeline 2P tent and some smaller items in it?,account-access
T-12637,email,Change my email,"Good morning, My account seems to be locked after too many login attempts. I tried calling but the wait time was over 20 minutes. Thank you. — Casey Kaur",account-access
T-12638,webform,Urgent,"Hi, The Lumen 800 headlamp does not fit - how do I exchange it for the next size down. ups tracking shows my package has been sitting in customs for ten days. you split my order into two shipments and only one has any tracking movement. I contacted you last week about this and never heard back. Hope you can help.",returns-warranty
T-12639,chat,Login trouble,My account seems to be locked after too many login attempts. I tried calling but the wait time was over 30 minutes??,account-access
T-12640,webform,Problem with my order,What is the temperature rating on the Cascade 20 sleeping bag really good down to. Order number is NW-61072 if that helps. Thank you.,product-question
T-12641,chat,Need assistance,I want to return the Cascade 0 sleepig bagI  bought witht he SUMMER20 promo code - do I get the full price or the discounted price back. I already looked through the help center and could not find an answer,returns-warranty
T-12642,webform,Help,Why was I charged $89.50 for shipping when the site says orders over $75 ship free. I already looked through the help center and could not find an answer.,billing
T-12643,chat,Need assistance,the verification link in the signup email says it has expired. is the torrent rain pants actually waterproof or just water resistant.,account-access
T-12644,chat,Order status,I paid $189.50 extra for two day shipping and it has been a week. Order number is NW-73489 if that helps??,shipping
T-12645,email,Question,You charged the wrong card - the order should have gone on the card ending 4376. I placed the order during the sale. Please advise. — Avery Chen,billing
T-12646,email,Problem with my order,"second time sending this. Hello, Will the Dayhike 22 backpack fit a 3L water bladder. i need the lumen 400 headlamp before my trip on the 14th - can you expedite shipping. i paid $42.50 extra for two day shipping and it has been four days. — Sam Ortiz",product-question
T-12647,chat,Help,Can the Voltpack 20K power abnk chargge the Lumen 800 headlamp over USB. I contacted you a few days ago about this and never heard bac?k?,product-question
T-12648,webform,Double charged,"Hello Northwind, Why was I charged $58.50 for shipping hwen the site says orders over $75 ship free. I already looked through the help center and could not find an answer.",billing
T-12649,email,Need assistance,I want to return the Puffin down vest from order NW-62041 for a refund. This is for an upcoming thru-hike. Thank you. — Jordan Haddad,returns-warranty
T-12650,email,Warranty claim,"Good morning, You sent the wrong item - I ordered the Trailhead hiking boots and got a Trailhead trail runners instead. Thanks.",returns-warranty
T-12651,email,Help,"following up - Hey, Will the Dayhike 22 backpack fit a 3L water bladder. I contacted you a few days ago about this and never heard back. Appreciate it.",product-question
T-12652,chat,Problem with my order,i cancelled order NW-53454 an hour after placing it but the charge of $312.50 still went through. The order had the Cirrus trekking poles and some smaller items in it.,billing
T-12653,chat,Refund not received,my account shows ano rder I already cancelled and the charge is still pending on my card. Order number is NW-71697 if that helps.,billing
T-12654,email,Support request,"Hello Northwind, The tracking page says delivered but there is no package anywhere at my address. This is for an upcoming family trip. Hope you can help.",shipping
T-12655,chat,Problem with my order,If I refuse the package at delivery do I still have to pay return shipping. I need this sorted before the weekend,shipping
T-12656,email,Help,"Hi, Is the Torrent rain pants still returnable if I took the tags off. Appreciate it. — Avery Kaur",returns-warranty
T-12657,email,Help,"Hi there, I cannot log in to my account - it keeps saying my password is wrong even after I reset it. The order had the Lumen 400 headlamp and some smaller items in it. Thank you.",account-access
T-12658,webform,Shipping elay,"Hi there, I need the Summit 65 backpack before Saturday - can you expedite shipping. The order had the Halo climbing helmet and some smaller items in it. Thanks.",shipping
T-12659,email,Question,"Hello, I want to return the Firefly bug net from order NW-42063 for a refud. if i rehuse the package at delivery do i still hav eto pay return shipping. where is my order? the slate sunglasses was supposed ot arrive yesterday. Thanks in advance.",returns-warranty
T-12660,chat,Question,I sent my return back over two weeks ago and have not heard anything since. I contacted you a few days ago about this and never heard back.,returns-warranty
T-12661,email,Support request,"Hi there, Please delete my account and all my personal data. I tried calling but the wait tim ewas over 45 minutes. Thanks. — Dana Kim",account-access
T-12662,email,Need assistance,"Hi, You sent the wrong item - I ordered the Slate sunglases and got a Glacier 45 cooler instead. I paid with the card ending 679.5 Thansk in advance. — Casey Larmen",returns-warranty
T-12663,webform,Need assistance,"Hey, Is the Voltpack 20K power bank still returnable if I used it once. the invoice in the box lists a firefly bug net that is not what i was charged for online - which one is actually shipping to me. I paid with the card ending 8390. Thank you.",returns-warranty
T-12664,email,Account locked,"Hi there, The email receipt went to my old address - I need to update where my invoices get sent. Order number is NW-55342 if that hellps. Hope you can help. — Jordan Ortiz",account-access
T-12665,chat,Quesiton,If the Drifter paddle does not fit can I return it for free or is return shipping on me. This is for an upcoming backpacking trip?,product-question
T-12666,chat,Account security concern,I changed phones and can no longer get the two factor authentication code. can i get an itemized receipt or invoice for order nw-50939 - i need it for my expense report.,account-access
T-12667,webform,Help,"following up - Hello, What is the temperature rating on the Cascade 0 sleeping bag really good down to. I tried calling but the wait time was over 20 minutes.",product-question
T-12668,email,Compatibility question,"Hi, Do the Trailhead trail runners run narrow - I am usually a 9.5. Appreciate it. — Taylor Larsen",product-question
T-12669,chat,Compatibility question,How long does the Lumen 400 headlamp run on a full charge at the highest brightness. The order had the Ember camp stove and some smaller items in it??,product-question
T-12670,email,Where is my order,"Hey, Only half of order NW-58183 showed up - the Torrent rain pants is missing from the box. I have been a customer for years and this is the first problem I have had. Please advise.",shipping
T-12671,chat,Question,If I refuse the package at delivery do I still have to pay return shicping,shipping
T-12672,chat,Late order,customs is asking me to pay $249.50 in import fees for order NW-44478 - was that supposed to happen. This is for an upcoming backpacking trip,shipping
T-12673,chat,Help,I returned the Dayhikke 2 2backpack and the refund I got was $312.00 short of what I paid. how do i get a return shipping llabel for order nw-6629?4?,billing
T-12674,webform,Billing question,"Hi there, I cancelled order NW-48435 minutes after placing it but the charge of $312.99 still went through. The package was a gift for my daughter. Thank you.",billing
T-12675,email,Order not delivered,"Hello, The invoice in the box lists a Cascade 20 sleeping bag that is not what I was charged for online - which one is actually shipping to me. The order had the Torrent rain jacket and some smaller items in it. Thank you. — Skyler Whitfield",shipping
T-12676,email,Question,"Hello, The tracking says my order was delivered but I was charged for shipping insurance I never added. The package was a gift for my daughter. Thanks. — Kai Haddad",billing
T-12677,email,Account security concern,"Good morning, When I log in my order history shows someone else's orders and charges. I already looked through the help center and could not find an answer. Appreciate it. — Morgan Ortiz",account-access
T-12678,email,Need assistance,"Hi, You charged the wrong card - the order should have gone on the card ending 7069. is the ridgeline 2p tent a true 4-season tent or more of a summer shelter. I already looked through the help center and could not find an answer. Appreciate it. — Kai Silva",billing
T-12679,email,Support request,"Hello, I need the Otter dry bag before Saturday - can you expedite shipping. is the ridgeline 2p tent a true 3-season tent or more of a summer shelter. how long does shipping usually take to hawaii if i order the puffin down vest today. Order number is NW-62107 if that helps. Hope you can help. — Reese Larsen",shipping
T-12680,email,Order sttus,"Hi there, Customs is asking me to pay $58.00 in import fees for order NW-68443 - was that supposed to happen. I paid with the card ending 8640. — Rowan Whitfield",shipping
T-12681,webform,Billing question,"Hey, I cancelled order NW-54944 minutes after placing it but the charrge of $19.00 still went through. only half of order nw-44497 showed p - eh basecamp camp chair is missing from the box.",billing
T-12682,chat,Order status,i paid $64.00 extra for two day shipping and it has been a week.,shipping
T-12683,webform,Exchange needed,"Hello, Please cancel the exchange on order NW-71115 - I just want my money back on the return instead. I have been a customer for three seasons and this is the first problem I have had. Appreciate it.",returns-warranty
T-12684,webform,Before I buy,Will the Summit 65 backpack fit a bear canister. I tried calling but the wait time was over 45 minutes. Appreciate it.,product-question
T-12685,chat,Help,if the Lumen 400 headlamp does not fit can I return it for free or is return shipping on me. how do i get a return shipping label for order nw-78896?,product-question
T-12686,chat,Return request,my exchange shipped but tracking says it is going back to you instead of to me?,returns-warranty
T-12687,email,Shipping delay,"Hi there, My order NW-79404 was placed three days ago and the tracking still says label created. Order number is NW-70695 if that helps. Thanks. — Dana Chen",shipping
T-12688,webform,Stock question,How long does the Lumen 800 headlamp run on a full charge at the highest brightness. I tried calling but the wait time was over 30 minutes. Please advise.,product-question
T-12689,chat,Urgent,My return was received five days ago but the refund of $214.95 still is not back on my card?,billing
T-12690,webform,Daaged product,"Hey, Is the Merino trail socks still returnable if I used it once. I placed the order on the 3rd. Please advise.",returns-warranty
T-12691,webform,Problem with my order,"Good morning ,I think someone else hhs been using my account - there is an order in my history I never placed. can i get an itemized receipt or invoice for order nw-79351 - i need it for taxes. you charged the wrong card - the order should have gone on the card ending 7681. I paid with the card ending 4492. Thanks.",account-access
T-12692,chat,Login trouble,i keep getting logged out every time the app updates?,account-access
T-12693,email,Where is my order,"Hi there, My refund was approved but the replacement Summit 65 backpack still has no tracking number. I paid with the card ending 6661. Appreciate it. — Dana Kim",shipping
T-12694,webform,Urgent,"Hey, The estimated delivery on my order keeps moving - it has changed twice this week. Thanks.",shipping
T-12695,email,Urgent,What fuel does the Ember camp stove take and can I fly with the canister. I tried calling but the ait time was over 30 minutes. Please advise.,product-question
T-12696,email,Need assistance,"Hi there, There is ac harge from Northwind on my statement for $214.95 that I do not recognize. Odre rnumber is NW-45679 if that helps. Appreciate it.",billing
T-12697,chat,Problem with my order,UPS tracking shows my package has been sitting in Louisville for three days. I need this sorted before Friday,shipping
T-12698,email,Support request,"Hello Northwind, My order NW-66911 was placed five days ago and the tracking still says label created. I have been a customer for a long time and this is the first problem I have had. Hope you can help. — Quinn Larsen",shipping
T-12699,chat,Need assistance,i was charged sales tax on order NW-60706 but my state does not tax clothing. Order number is NW-46345 if that helps?,billing
T-12700,chat,Billing question,My return waas received there day sago but the refund of $24.99 still is not back on myy card,billing
T-12701,email,Where is my order,"Hey, I need the Otter dry bag before Saturday - can you expedite shipping. I tried calling but the wait time was over 20 minutes. Thanks in advance. — Dana Haddad",shipping
T-12702,email,Billing question,"Hello Northwind, Please cancel my Trail Club membership - I am still being billed $12.99 a month. i changed phones and can no longer get the two factor authentication code. Hope you can help.",billing
T-12703,chat,Return request,The Torrent rain jacket does not fit - how do I exchange it for the next size down,returns-warranty
T-12704,email,Need assistance,"Hello, Where is my order? The Ridgleine 2PP tent was supposed to arrive last Friday. I alerady looked through the help centerr and could not find an answer. Thanks.",shipping
T-12705,chat,Promo code problem,Please cancel my Trail Club membership - I ma still being billed $12.99 a month. te password reset email never arrives - i have checked spams everal times.,billing
T-12706,webform,Exchange needed,"Ha thhere, How do I get a return shipping label for order NW-55071. I placed the order on the 3rd. Thanks.",returns-warranty
T-12707,email,Where is my order,"Hello, Can I change the delivery address on order NW-64021 before it ships. The order had the Trailhead trail runners and some smaller items in it. Hope you can help. — Riley Brooks",shipping
T-12708,webform,Urgent,The price of the Torrent rain pants dropped to $64.50 the day after I bought it - do you do price adjustments. I paid with the card ending 1673. Thanks.,billing
T-12709,email,Billing queestion,"Hello, I was charged twice for order NW-59937 - there are two $118.50 charges on my card. my refund was approved but the replacement otter dry bag still has no tracking number. I placed the order on the 3rd. Thanks in advance.",billing
T-12710,chat,Problem with my order,Can I machine wash the Windbreak fleece or is it dry clean only. I paid with the card ending 3760?,product-question
T-12711,email,Shipping delay,"Hi, I need the Glacier 45 cooler before Friday - can you expedite shipping. I paid with the card ending 2551. Thanks.",shipping
T-12712,webform,Question,"Hey, Is there a charge for the Trail Club membership that comes up at checkout. i changed phones and can no longer get the two factor authentication code. Thanks.",product-question
T-12713,webform,Before I buy,When will the Summit 65 backpack be back in stock in medium. I placed the order last week. Please advise.,product-question
T-12714,email,Need assistance,"Hello Northwind, Customs is asking me to pay $35.00 in import fees for order NW-76834 - was that supposed to happen. I have been a customer for three seasons and this is the firstp roblem  Ihave had. — Alex Nguyen",shipping
T-12715,email,Order not delivered,"Hey, The invoice in the box lists a Otter dry bag that is not what I was charged for online - which one is actually shipping to me. Thanks in advance. — Kai Ortiz",shipping
T-12716,email,Urgent,"Hey, My account shows an order I alreay cancelled and the charge is still pending on my card. my refund was approved but the replacement riverbend sandals still has no tracking number. I need this sorted before the end of the month. Thanks. — Quinn Brooks",billing
T-12717,chat,Delivery problem,i need the Drifter 10 kayak before Saturday - can you expedite shipping. I placed the order on the 3rd,shipping
T-12718,email,Invoice request,"Hi there, I returned the Ember camp stove and thhe refund  Igot was $64.50 short of what I paidd. I need this sorted before the end of the month. Thank youu. — Riley Larsen",billing
T-12719,email,Spec question,"Hey, Will the ayhike 22 backpack fit a3 L water bladdre. The orderr had the Halo climbing helmet and some smaller items in it. Please advise. — Rowan Whitfield",product-question
T-12720,webform,Urgent,"Hello, I aam past the 30 day window but the Cascade 20 sleeping bag has a manfacturing defect - does the warrnaty cover it. Thanks in advance.",returns-warranty
T-12721,email,Sizing question,"Heello, Can I machine wash the Puffin down vest or is it dry clean only. This is for an upcoming camping trip. Thanks.",product-question
T-12722,webform,Charge I do not recognize,"Hi, Thep rice of the Auorra camp lantern drpoped to $89.00 the day after I bought it - do you do price adjustments. I contacted you last week about this and neverh eard back. Appreciate it.",billing
T-12723,chat,Need assistance,Is the Drifter 10 kayak stable enough for a beginner on a lake. Order number is NW-64272 if that helps?,product-question
T-12724,email,Compatibiliyt question,"Hello Northwind, Do the Trailhead trail runners run true to size - I am usually a 9.5. This is for an upcoming camping trip. Appreciate it. — Morgan Haddad",product-question
T-12725,webform,Support request,"Hello Northwind, Will the Summit 65 backpack fit a laptop. Order number is NW-43049 if that helps. Thanks.",product-question
T-12726,email,Spec uestion,What is the temperature rating on the Cascade 0 sleeping bag really good down to. the return label you emailed me shows the wrong delivery address for the warehouse. how do i get a return shipping label for order nw-53485. I contacted you a few days ago about this and never heard back. Appreciate it. — Kai Silva,product-question
T-12727,chat,Tracking question,If I refuse the package at delivery do I still have to pay return shipping. how do i change the eemail address on my account - i no longer have access to the old one.,shipping
T-12728,email,Package msising,"Hello, If I refuse the package at delivery do I still have to pay return shipping. Order number is NW-70563 if that helps. Please advise. — Kai Nguyen",shipping
T-12729,email,Stoc kquestion,How long dos the Lumen 800 headlamp run on a full charge at the highest brightness. The order had the Cascade 0 sleeping bag and some smaller items in it. Appreciate it.,product-question
T-12730,chat,Urgent,i want to return the Merino trail socks from order NW-51932 for a refund.  already looked through the help center and could not find aan answer?,returns-warranty
T-12731,email,Account locked,"Hi, How do I change the email address on my account - I no longer have access to the old one. I cnotacted you a few days ago about ths and never heard back. Hope you cn help.",account-access
T-12732,webform,Sizing quesbion,What is the temperature rating on the Cascade 20 seleping bag really good down to.O rder numebr is NW-76815 if that helps. Hope you can help.,product-question
T-12733,webform,Tracking quesion,"Hello, My package arrived with the box crushed and the Ridgeline 4P tent inside looks okay. I need this sorted before the weekend. Thanks.",shipping
T-12734,email,Warranty claim,"Hi, Please chncel the exchange on orderN W-66994 - I just want my money back on the return instead. I placed the order last wweek. Thanks in advance. — Alxe Whitfield",returns-warranty
T-12735,chat,Need assistance,what fuel does the Ember camp stove take and can I fly with the canister?,product-question
T-12736,webform,Urgent,"Good morning, Where is my orer? The rTailhead tail runners was supposed to arrive onM onday. Thank you.",shipping
T-12737,email,Wrong item received,"Hey, The seam on my Cascade 0 sleeping bag failed after one weekend - I want to make a warranty claim. can i change the delivery address on order nw-41851 before it ships. Order number is NW-63541 if that helps. Please advise.",returns-warranty
T-12738,webform,Payment issue,"Good morning, The tracking says my order was delivered but I was charged for shipping insurance I never added. I already looked through the help center and could not find an answer. Thank you.",billing
T-12739,chat,Support request,the verification link in the signup email says it has expired. is the torrent rain jacket actually waterproof or just water resistant?,account-access
T-12740,webform,Question,"Good morning, If I refuse the package at delivery do I still have to pay return shipping. I tried calling but the wait time was over 45 minutes. Thanks.",shipping
T-12741,webform,Help,"Hey, When I log in my order history shows someone else's orders and charges. The orde rhad the Cirrus trekking poles and some smaller items in t. Appreciate it.",account-access
T-12742,chat,Billing question,my gift card balance shows $24.99 but checkout would not let me use it.,billing
T-12743,webform,Question,"Hello, The verification link in the signup email says it has expired. The package was a gift for my daughter.",account-access
T-12744,email,Care instructions,"Hey, How long does the Lumen 800 headlamp run on a full charge at the highest brightness. I already looked through the help center and could not find an answer. Thanks.",product-question
T-12745,email,Question,"Hey, My package arrived with the box crushed and the Drifter paddle inside looks okay. The order had the Torrent rain pants and some smaller items in it. Thank you. — Avery Nguyen",shipping
T-12746,webform,Account security concern,"Hello Northwind, I changed phones and can no longer get the two factor authentication code. Hope you can help.",account-access
T-12747,chat,Return request,The buckle on my Halo climbing helmet snpped after one trip - I want to make a warranty claiim. This is for an upcoming backpacking trip??,returns-warranty
T-12748,email,Support request,"Hey, The Cascade 0 sleeping bag does not fit - how do I exchange it for the next size down. I paid with the card ending 5343. Thank you.",returns-warranty
T-12749,webform,Problem with my order,"Hi there, The tracking says my order was delivered but I was charged for shipping insurance I never added. The order had the Drifter 10 kayak and some smaller items in it. Hope you can help.",billing
T-12750,email,Need assistance,"Hell oNorthwind, The etsimated delivery on my order keeps movnig - it has changed three times this week. The order had th Ridgeline 4P tent and some smaller items in it. Thanks. — Dana Chen",shipping
T-12751,email,Question,"Hello Northwind, Can you hold the shipment at a DHL pickup point instead of delivering to my door. I need this sorted before the end of the month. Appreciate it.",shipping
T-12752,webform,Need assistance,"Hey, The invoice in the box lists a Firefly bug net that is not what I was charged for online - which one is actually shipping to me. I have been a customer for years and this is the first problem I have had. Please advsie.",shipping
T-12753,email,Problem with my order,Can I get an itemized receipt or invoice for order NW-55312 - I need it for my expense report. I have been a customer for years and this is the first problem I have had. — Jamie Ortiz,billing
T-12754,email,Package missing,"Hello, You split my order into two shipments and only one has any tracking movement. This is for an upcoming backpacking trip. Thanks in advance. — Casey Kaur",shipping
T-12755,chat,Late order,you split my order into two shipments and only one has any tracking movement. I paid with the card ending 4812,shipping
T-12756,email,Need assistance,"Hi there, I sent my return back four days ago and have not heard anything since. — Jamie Whitfield",returns-warranty
T-12757,chat,Problem with my order,I want to return the Merino trail socks I bought with the SUMMER20 promo code - do I get the full price or the discounted price back. I tried calling but the wait time was over 30 minutes.,returns-warranty
T-12758,email,Return request,"Hey, I want to return the Cirrus trekking poles I bought with the TRAIL15 promo code - do I get the full price or the discounted price back. The order had the Dayhike 22 backpack and some smaller items in it. Appreciate it.",returns-warranty
T-12759,email,Where is my order,"Hi there, My refund was approved but the replacement Halo climbing helmet still has no tracking number. I tried calling but the wait time was over 20 minutes. Appreciate it. — Morgan Silva",shipping
T-12760,email,Before I buy,"Hello, Is the Drifter 10 kayak stable enough for a beginner on a slow river. I need this sorted before Friday. Thanks in advance. — Morgan Haddad",product-question
T-12761,email,Tracking question,"Hello, I paid $35.50 extra for two day shipping and it has been two weeks. I tried calling but the wait time was over 45 minutes. Appreciate it. — Taylor Patel",shipping
T-12762,email,Urgent,Is there a charge for the Trail Club membership that comes up at checkout. — Kai Patel,product-question
T-12763,email,Package missing,"Good morning, I need the Slates unglasses before Saturday - can you expedite shippign. Thank you.",shipping
T-12764,chat,Need assistance,the verification link in the signup email says it has expired.,account-access
T-12765,chat,Question,I returned the Ember fuel canister and the refund I got was $214.00 short of what I paid. The package was a gift for my partner,billing
T-12766,webform,Support request,"Hello Northwind, The email receipt went to my old address - I need to update where my invoices get sent. This is for an upcoming camping trip. Thank you.",account-access
T-12767,chat,Payment issue,you charged the wrong card - the order should have gone on the card ending 9018. The package was a gift for my son??,billing
T-12768,email,Question,"Hello, The zipper on my Voltpack 20K power bank tore after one trip - I want to make a warranty claim. I tried calling but the wait time was over 30 minutes. — Quinn Novak",returns-warranty
T-12769,email,Damaged product,"Hi, I want to return the Ridgeline 2P tent I bought with the SUMMER20 promo code - do I get the full price or the discounted price back. I placed the order on the 3rd. — Quinn Whitfield",returns-warranty
T-12770,chat,,?????!!,billing
T-12771,chat,Order not delivered,My package arrived with the box torn open and the Slate sunglasses inside looks okay. The order had the Torrent rain pants and some smaller items in it?,shipping
T-12772,email,Question,following up - The verification link in the signup email asys ith as expred. I have been a customer for years ard this is the first problem I have had. — Jordan Kaur,account-access
T-12773,webform,Login trouble,"Hey, The email receipt went to my old address - I need to update where my invoices get sent. The package was a gift for my son. Thanks in advance.",account-access
T-12774,chat,Support request,the email receipt went to my old address - I need to update where my invoices get sent. I already looked through the help center and could not find an answer,account-access
T-12775,chat,Need assistance,i was charged a restocking fee of $42.99 on my return - nothing on the site mentioned that. Order number is NW-75049 if that helps,returns-warranty
T-12776,webform,Urgent,Is the Aurora camp lantern still returnable if I used it once. Please advise.,returns-warranty
T-12777,email,Package missing,"Hey, Where is my order? The Dayhike 22 backpack was supposed to arrive on Monday. I placed the order on the 3rd. Thanks in advance.",shipping
T-12778,email,Question,"Hello, I was charged sales tax on order NW-47108 but my state does not tax clothing. do the trailhead hiking boots run wide - i am usually a 9.5. does the cascade 0 sleeping bag ever go on sale - it was cheaper during the last promo. I need this sorted before Friday. Thanks. — Reese Whitfield",billing
T-12779,chat,Support request,I sent my return back ten days ago and have not heard anything since. I paid with the card ending 2282,returns-warranty
T-12780,chat,Charge Id o not recognize,The tracking says my order was delivered but I was charged for shipping insurance I never added. I contacted you a few days ago about this and never heard back,billing
T-12781,chat,Question,will the Summit 65 backpack fit a 3L water bladder. the ridgeline 2p tent showed up scratched straight out off the box and i want a replacement.,product-question
T-12782,chat,Return request,i am past the 30 day window but the Voltpack 20K power bank has a manufacturing defect - does the warranty cover it. The package was a gift for my daughter,returns-warranty
T-12783,webform,Sizing question,"Hi, Do the Trailhead trail runners run narrow - I am usually a 9.5. Thanks in advance.",product-question
T-12784,email,Delivery problem,"Hello, The invoice in the box lists a Torrent rain jacket that is not what I was charged for online - which one is actually shipping to me. I tried calling but the wait time was over 30 minutes. Please advise. — Devon Brooks",shipping
T-12785,webform,Support request,"Hello Northwind, Can I change the delivery address on order NW-44760 before it ships. Thank you.",shipping
T-12786,email,Help,"Hey, The verification link in the signup email says it has expired. I tried calling but the wait time was over 30 minutes. Thanks in advance. — Rowan Novak",account-access
T-12787,email,Question,"Hello Northwind, I paid $64.00 extra for two day shipping and it has been ten days. I need this sorted before Friday. Thank you. — Taylor Haddad",shipping
T-12788,chat,Problem with my order,Only half of order NW-46826 showed up - the Puffin down vest is missing from the box. I tried calling but the wait time was over 45 minutes?,shipping
T-12789,chat,Return label,is the Cascade 0 sleeping bag still returnable if I opened the pacakging,returns-warranty
T-12790,email,Warranty claim,"Hey, I am past the 30 day window but the Slate sunglasses has a manufacturing defect - does the warranty cover it. I paid with the card ending 6851. Thank you. — Jamie Kim",returns-warranty
T-12791,chat,Stock question,When will the Ember fuel canister be back in stock in large,product-question
T-12792,email,Order status,"Helo, The tracking page says delivered but there is no package anywhere at my address. Order numbe ris NW-65050 if that helps. Thanks.",shipping
T-12793,chat,Urgent,The invoice in the box lists a Ridgeline 4P tent that is not what I was charged for online - which oone is actually shipping to me. I tried calling but the wait time was over 30 minutes??,shipping
T-12794,email,Before I buy,"Hi, If the Glacier 45 cooler does not fit can I return ic for free or is return shipping on me. I contacted you a few days ago about this and never heard back. Please advise. — Avery Ortiz",product-question
T-12795,webform,Defective item,"Hi there, I want to return the Ember fuel canister I bought with the TRAIL15 promo code - do I get the full price or the discounted price back. i think someone else has been using my account - there is an order in my history i never placed. I tried calling but the wait time was over 30 minutes. Hope you can help.",returns-warranty
T-12796,chat,Question,Does the Ember fuel canister ever go on sale - it was cheaper during the last promo. how do i get a return shipping label for order nw-58771?,product-question
T-12797,chat,Need assistance,The tracking page says delivered but there is no package anywhere at my address,shipping
T-12798,webform,Promo code problem,"Hey, You refunded the item but not the original shipping cost on order NW-42668. Order number is NW-78950 if that helps. Thank you.",billing
T-12799,email,Problem with my order,"Hello Northwind, You refunded the item but not the original shipping cost on order NW-67404. I placed the order on the 3rd. Hope you can help.",billing
T-12800,email,Need assistance,"Hello Northwind, Please cancel my Trail Club membership - I am still being billed $12.99 a month. Order number is NW-70329 if that helps. Hope you can help.",billing
T-12801,email,Return label,"Hi there, I want to return the Merino trail socks I bought with the SUMMER20 promo code - do I get the full price or the discounted price back. the promo code summer20 did not apply at checkout and i ws charged full price. can i get an itemized receipt or invoice for order nw-75349 - i need it for taxes. This is for an upcoming thru-hike. Appreciate it. — Rowan Garcia",returns-warranty
T-12802,chat,Help,My git card balance shows $19.99 bu tcheckout would notl et me use it??,billing
T-12803,email,Package missing,You split my order into two shipments and only one has any tracking movement. Order number is NW-53510 if that helps. Please advise. — Kai Nguyen,shipping
T-12804,email,Question,The tracking says my order was delivered but I was charged for shipping insurance I never added. only half of order nw-72920 showed up - the trailhead trail runners is missing ffrom the box. I already looked through the hhelp center and could not find an answer. Appreciate it. — Skyler Silva,billing
T-12805,email,Need assistance,"Hi, My order NW-56582 was placed ten days ago and the tracking still says label created. Please advise.",shipping
T-12806,email,Problem with my order,"Hey, How long does shipping usually take to Alaska if I order the Glacier 45 cooler today. i need the dayhike 22 backpack before this weekend - can you expedite shipping. I have been a customer for a long time and this is the first problem I have had. Thanks in advance. — Devon Kaur",product-question
T-12807,chat,Exchannge needed,What is your return policy on sale items like the Basecamp camp chair. Order number is NW-66616 if that helps?,returns-warranty
T-12808,webform,Where is my order,"Hey, Customs is asking me to pay $35.50 in import fees for order NW-63264 - was that supposed to happen. The package was a gift for my partner. Thank you.",shipping
T-12809,email,Password reset not working,"Good morning, I changed phones and can no longer get the two factor authentication code. The package was a gift for my daughter. Please advise.",account-access
T-12810,webform,Need assistacne,What fuel does the Ember camp stove take and can I fly with the canister. I already looked through the help center and could not find an answer. Appreciate it.,product-question
T-12811,email,Help,"Helo, The invoice in the box lists a Trailhead rtail runners that is not what I was charged for onlline - which one is actually shipping to me. I contactd you a few days ago about this and never heard back. — Casey Whitfield",shipping
T-12812,email,Help,The price of the Lumen 400 headlamp dropped to $19.99 the day after I bought it - do you do price adjustments. I have been a customer for three seasons and this is the first problem I have had. Appreciate it. — Jamie Ortiz,billing
T-12813,chat,Membershpi billing,I returned the Riverbend sandals and the refund I got was $118.00 short of what I paid??,billing
T-12814,email,Question,"Hi there, I paid $35.95 extra for two day shipping and it has been four days. I need this sorted before Friday. Thanks in advance. — Skyler Ortiz",shipping
T-12815,webform,Support request,"Hi, Is the Aurora camp lantern still returnable if I opened the packaging. I have been a customer for a long time and this is the first problem I have had. Please advise.",returns-warranty
T-12816,webform,Return request,"Hi there, I am past the 30 day window but the Halo climbing helmet has a manufacturing defect - does the warranty cover it. the email receipt went to my old address - i need to update where my invoices get sent. how do i change the email address on my account - i no longer have access to the old one. This is for an upcoming camping trip. Thank you.",returns-warranty
T-12817,email,Question,"Hi there, I need the Slate sunglasses before this weekend - can you expedite shipping. I tried calling but the wait time was over 30 minutes.",shipping
T-12818,chat,Pckage missing,Can I change the delivery address on order NW-58302 before it ships. why was i charged $129.50 for shipping when the site says orders over $75 ship free?,shipping
T-12819,email,Need assistance,"Hey, If I refuse the package at delivery do I still have to pay retarn shipping. when i log in my order history showss omeone else's orders and charges. my order history disappeared after i merrged my old account with my new email.",shipping
T-12820,email,Question,"Hey, Only half of order NW-48678 showed up - the Anchor bear canister is missing from the box. I need this sorted before the weekend. Please advise.",shipping
T-12821,chat,Support request,i changed phones and can no longer get the two factor authentication code. I paid with the card ending 2790??,account-access
T-12822,email,Where is my order,"Hi, My order NW-74913 was placed ten days ago and the tracking still says label created. I need this sorted before the weekend. Thanks. — Jamie Okafor",shipping
T-12823,email,Question,"Hey, I think someone else has been using my account - there is an order in my history I never placed. Hope you can help. — Rowan Patel",account-access
T-12824,chat,Help,You refunded the item but not the original shipping cost on order NW-75778. The order had the Otter dry bag and some smaller items in it.,billing
T-12825,webform,Order not delivered,"Hi, You split my order into two shipments and oly one has any trackig movement. please cancel my trail club membership - i am still being billed $12.99 a month. This is for an upcoming backpacking trip.",shipping
T-12826,chat,Charge I do not recognize,My gift card balance shows $79.50 but checkout would not let me use it. Order number is NW-57359 if that helps.,billing
T-12827,email,Question,"Hi there, Please cancel the exchange on order NW-79423 - I just want my money back on the return instead. I paid with the card ending 9490. Please advise. — Casey Okafor",returns-warranty
T-12828,chat,Order status,I paid $24.99 extra for two day shipping and it has been two weeks. will the dayhike 22 backpack fit a bear canister.,shipping
T-12829,email,Charge I do not recognize,"Hello Northwidn, I cancelled order NW-56853 an hour afte rplacing it but the charge of $58.95 still went through. The order had the Otter dry bag and some smaller items in it. — Quinn Chen",billing
T-12830,webform,Carei nstructions,"Good morning, How long does shipping usually take to Canada if I order the Firefly bug net today. Thank you.",product-question
T-12831,email,Urgent,My exchange shipped but tracking says it is going back to you instead of to me. I need this sorted before the weekend. Thanks. — Skyler Nguyen,returns-warranty
T-12832,chat,Aclount locked,The password reset email never arrives - Ih ave checked spa twice. I need this sorted before the end of the month.,account-access
T-12833,chat,Support request,What is the temperature rating on the Cascade  0sleeping bag really good downt o. The package was a gift for a frind.,product-question
T-12834,chat,Support request,The Lumen 400 headlamp showed up scratched straight out of the box and I want a replacement. I need this sorted before the end of the month??,returns-warranty
T-12835,chat,Need assistance,I think someone else has been using my account - there is an order in my history I never placed. I contacted you last week about this and never heard back?,account-access
T-12836,email,Tracking question,Can you hold the shipment at a USPS pickup point instead of delivering to my door. i cannot open the tracking link for my order without signing in and the sign in page just loops. I paid with the card ending 5655. Please advise. — Jamie Nguyen,shipping
T-12837,webform,Befnre I buy,Is the Ridgeline 2P tent a true 3-season tent or more of a summer shelter. i need the ember fuel canister before friday - can you expedite shipping. Order number is NW-78014 if that helps. Thanks in advance.,product-question
T-12838,chat,Problem with my order,i sent my return bacck ten days ago and have not heard anything ssince. I placed the order last week.,returns-warranty
T-12839,webform,Promo code problem,"Hello, You refunded the item but not the original shipping cost on order NW-73916. I paid with the card ending 2919.",billing
T-12840,email,Membership billing,"Hi, Why was I charged $64.50 for shipping when the site says orders over $75 ship free. how long does the lumen 400 headlamp run on a full charge at the highest brightness. do the trailhead trail runners run true to size - i am usually a 10.5. I already loked through the help center and could not fin dan answer. Thanks in advance. — Devon Whitfield",billing
T-12841,webform,Double charged,"Good morning, There is a charge from Northwind ol my statement for $42.95 that I do not recognize. I already looked hrough the help center and could not find an answer. Thanks in advance.",billing
T-12842,email,Question,DHL tracking shows my package has been sitting in Louisville for five days. I paid with the card ending 8160. Hope you can help. — Avery Patel,shipping
T-12843,webform,Login rouble,"Hi there, When I log in my order history shows someone else's orders and charges. i was charged a restocking fee of $129.99 on my return - nothing on the site mentioned that. the summit 65 backpack does not fit - how do i exchange it for the next size down. This is for an upcoming family trip. Thank you.",account-access
T-12844,chat,Charge I do not recognize,Why was I charged $214.00 for shipping whe nthe site vays orders over $75 ship free. I contacted you a few days ago aobut this and never heard back??,billing
T-12845,chat,Return request,The Ridgeline 4P tent showed up scratched straight out of the box and I want a replacement,returns-warranty
T-12846,webform,Needa ssistance,"Hello, There is a charge from Northwind on my statement for $149.95 that I do not recognize. Thanks.",billing
T-12847,email,Warranty claim,"Hi, I am past the 30 day window but the Lumen 400 headlamp has a manufacturing defect - does the warranty cover it. you refunded the item but not the original shipping cost on order nw-71873. Thanks in advance. — Devon Nguyen",returns-warranty
T-12848,chat,Need assistance,The price of the Torrent rain jacket dropped to $58.95 the day after I bought it - do you do price adjustments. how long does shipping usually take to canada if i order the ridgeline 2p tent today.,billing
T-12849,chat,Package missing,only half of order NW-65721 showed up - the Ember camp stove is missing from the box. Order number is NW-56704 if that helps??,shipping
T-12850,chat,Urgent,how do I change the email address on my account - I no longer have access to the old one. The package was a gift for my partner.,account-access
T-12851,chat,Exchange needed,I want to return the Otter dry bag I bought with the SUMMER20 promo code - do I get the full price or the discounted price back. I placed the order on the 3rd,returns-warranty
T-12852,chat,Support request,I returned the Aurora camp lantern and the refund I got was $312.00 short of what I paid. when i log in my order history shows someone else's orders and charges??,billing
T-12853,webform,Question,"Hi there, The tracking page says delivered but there is no package anwhere at my address. The order had the Ridgeline 4P tent and some smaller itemsi n it.",shipping
T-12854,chat,Problem with my order,The promo code SUMMER20 did not apply at checkout and I was charged full price. I need this sorted before the end of the month,billing
T-12855,webform,Prbolem with my order,"Good morning, I want to return the Trailhead hiking boots from order NW-42280 for a refund. I placed the order on the 3rd. Appreciate it.",returns-warranty
T-12856,chat,Warranty claim,the buckle on my Torrent rain jacket tore after two uses - I want to make a warranty claim. The order had the Ridgeline 2P tent and some smaller items in it.,returns-warranty
T-12857,email,Support request,"Hey, If I refuse the package at deilvery doI  still haave to pay return shipping. what is the temperature arting on the cascade 20 sleeping bag really good down to. will the summit 65 backpack fit a bear canister. — Sam Brooks",shipping
T-12858,email,Before I buy,"Hi there, Is the Ridgeline 2P tent a true 3-season tent or more of a summer shelter. I have been a customer for three seasons and this is the first problem I have had. Thank you. — Alex Nguyen",product-question
T-12859,chat,Before I buy,Will the Dayhike 22 backpack fit a 3L water bladder. The package was a gift for a friend,product-question
T-12860,email,Delivery problem,"Hello Northwind, I paid $118.95 extra for two day shipping and it has been four days. I already looked through the help center and could not find an answer. Hope you can help. — Devon Haddad",shipping
T-12861,webform,Package mssing,The estimated delivery on my order keeps moving - it has changed twice this week. Order number is NW-57112 if that helps. Hope you can help.,shipping
T-12862,email,Double charged,"Good morning, My reutrn was received over two weeks ago but the refund of $64.95 still is not back on my card. my exchange shipped but tracking says it is going back to you istead oft o me. This is for an upcoming camping trip. Thanks. — Reese Kaur",billing
T-12863,chat,Support request,How do I change the email address on my account - I no longer have access to the old one. i was charged a restocking fee of $42.50 on my return - nothing on the site mentioned that,account-access
T-12864,email,Warranty claim,"Good morning, I want to return the Trailhead trail runners I bought with the SUMMER20 promo code - do I get the full price or the discounted price back. i think someone else has been using my account - there is an order in my history i never placed. i cannot log in to my account - it keeps saying my password is wrong even after i reset it. Thanks.",returns-warranty
T-12865,chat,Order not delivered,The estimated delivery on my order keeps moving - it has changed twice this week. I tried callnig but the wait time was over 45 minutes,shipping
T-12866,webform,Urgent,"Hello, Please cancel the exchange on order NW-61196 - I just want my money back on the return instead. I paid with the card ending 9004. Thank you.",returns-warranty
T-12867,chat,Need assistance,Ther eturn label you emailed me shows the wrong delivery addressf or the warehouse??,returns-warranty
T-12868,chat,Help,Please delete my account and all my personal data. I paid with the card ending 4861??,account-access
T-12869,webform,Urgent,"Hey, You refunded the item but not the original shipping cost on order NW-41918. I paid with the card ending 5570. Appreciate it.",billing
T-12870,chat,Tracking question,if I refuse the package at delivery do I still have to pay return shipping. Order nuber is NW-76756 if that helps??,shipping
T-12871,email,Damaged product,"Hi there, Is the Drifter 10 kayak still returnable if I took the tags off. I paid with the card ending 9721. Thanks. — Reese Garcia",returns-warranty
T-12872,webform,Where is my order,"following up - Hello, My refund was approved but the replacement Summit 65 backack still has no tracking number. Please advise.",shipping
T-12873,webform,Shipping delay,"Hi, FedEx tracking shows my package has been sitting in customs for five days. I need this sorted before Friday. Please advise.",shipping
T-12874,chat,Question,please delete my account and all my personal data. I contacted you last week about this and never heard back?,account-access
T-12875,chat,Problem with my order,The Slate sunglasses does not fit - how do I exchange it for the wide vresion. I placed the order last week,returns-warranty
T-12876,webform,Care instructions,"Hello Northwind, When will the Dayhike 22 backpack be back in stock in size 10. I have been a customer for three seasons and this is the first problem I have had. Thanks.",product-question
T-12877,chat,Urgent,i paid $19.95 extra for two day shipping and it has been five days. I already looked through the help center and could not find an answer?,shipping
T-12878,webform,Urgent,"Hello Northwind, The return label you emailed me shows the wrong deivery address for the warehouse. I tried calling but ohe wait time was over 20 minutes. Thanks in advance.",returns-warranty
T-12879,chat,Question,uSPS tracking shows my package has been sitting in Newark for two days. I placed the order on the 3rd??,shipping
T-12880,chat,Help,the tracking page says delivered but there is no packkage anywherea t my address. I nsed this sorted before the end of the month?,shipping
T-12881,email,Need assistance,"Hello, How do I get a return shipping label for order NW-56890. my order history disappeared after i merged my old account with my new email. Please advise.",returns-warranty
T-12882,webform,Problem with my order,"Hi there, I returned the Dayhike 22 backpack and the refund I got was $249.95 short of what I paid. Hope you can help.",billing
T-12883,chat,Help,I paid $79.95 extra for two day shipping and it has been two weeks??,shipping
T-12884,webform,Damaged product,"Hi, I am past the 30 day window but the Aurora camp lantern has a manufacturing defect - does the warranty cover it. I placed the order last week. Hope you can help.",returns-warranty
T-12885,email,Promo code problem,"Good morning, Why was I charged $64.95 for shipping when the site says orders over $75 ship free. Order number is NW-59982 if that helps. Thanks.",billing
T-12886,chat,Warranty claim,The Ridgeline 2P tent showed up with a broken clip straight out of the box and I want a replacement. This is for an upcoming thru-hike.,returns-warranty
T-12887,chat,Compatibilityq uestion,Can I machine waash vhe Puffin down vest or is it dr clean only??,product-question
T-12888,webform,Care instructions,"Hi there, What fuel does the Ember camp stove take and can I fly with the canister. This i for an upcoimng backpacking trip. Please advise.",product-question
T-12889,webform,Payment issue,"Good morning, My account shows an order I already cancelled and the charge is still pending on my card. Thanks in advance.",billing
T-12890,email,Exchange needed,"Hello,I s the Auurora camp lantern still returnable if I took the tags off. I paid witht he card ending 3727. — Dana Chen",returns-warranty
T-12891,email,Order not delivered,"Good morning, My order NW-53686 was placed over two weeks ago and the tacking still says label created. I need tihs sorted before the weekend. Thanks.",shipping
T-12892,webform,Need assistance,I returned the Lumen 800 headlamp and the refund I got was $249.00 short of what I paid. Order number is NW-69850 if that helps. Appreciate it.,billing
T-12893,webform,Help,"Hello, The password reset email never arrives - I have checked spam several times. I placed the order on the 3rd. Appreciate it.",account-access
T-12894,email,Problem with my order,"Hi, The Torrent rain jacket does not fit -h ow do I exchange it for the next size down. Thanks ina dvance.",returns-warranty
T-12895,chat,Need assistance,Do the Trailhead trail runners run true to size - I am usually a 10. I tried calling but the wait time was over 30 minutes??,product-question
T-12896,email,Tracking question,"Hi, I paid $24.95 extra for two day shipping and it has been four days. I already looked through the help center and could not find an answer. Please advise. — Jordan Chen",shipping
T-12897,email,Tracking question,"Hi, Customs is asking me to pay $24.00 in import fees for order NW-52450 - was that supposed to happen. I tried calling but the wait time was over 20 minutes. Hope you can help.",shipping
T-12898,webform,Delivery problem,"Hello Northwind, I paid $214.50 extra for two day shipping and it has been five days. I need this sorted before the end of the month. Appreciate it.",shipping
T-12899,chat,Problem with my order,please cancel the exchange oon order NW-63169 - I just want my goney back on the return instead. I already lookde through the help center and could not find an answer.,returns-warranty
T-12900,webform,Help,"Hi, How long does shipping usually take to a PO box if I order the Cascade 20 sleeping bag today. i received someone else's package with my label on it - i assume they have my torrent rain jacket. I paid with the card ending 3120.",product-question
T-12901,chat,Double charged,Why was I charged $79.95 for shipping when the site says orders over $75 ship free. The package was a gift for a friend?,billing
T-12902,chat,Return request,The return label you emailed me shows the wrong delivery address for the warehouse. I placed the order on the 3rd,returns-warranty
T-12903,email,Question,I cancelled order NW-43306 minutes after placing it but the charge of $129.00 still went through. Order number is NW-59876 if that helps. Hope you can help. — Sam Haddad,billing
T-12904,webform,Where is my order,"Hello Northwind, Only half of order NW-45704 showed up - the Cascade 0 sleeping bag is missing from the box. The order had the Windbreak fleece and some smaller items in it. Appreciate it.",shipping
T-12905,chat,Account security concern,The email receipt went to my old address - I need to update where my invoices get sent. The order had the Puffin down vest and some smaller items in it,account-access
T-12906,email,Order status,"Hi, Yous plit my order into wto shipments and only one has any tracking movement. Order number is NW-79173 if that helps. Thank you.",shipping
T-12907,email,Support request,"Hey, There is a charge from Northwind on my statement for $24.95 that I do not recognize. I paid with the card ending 1229. Thanks.",billing
T-12908,email,Charge I do not recognize,I was charged sales tax on order NW-62608 but my state does not tax clothing. i think someone else has been using my account - there is an order in my history i never placed. I have been a customer for a long time and this is the first problem I have had. Thanks. — Rowan Kim,billing
T-12909,webform,Product question,"Hi, Is there a charge for the Trail Club membership that comes up at checkout. Order number is NW-60309 if that helps. Thanks.",product-question
T-12910,email,2FA problem,"Hi, When I log in my order history shows someone else's orders and charges. I paid with the card ending 6076. Thanks.",account-access
T-12911,chat,Membership billing,You charged the wrong card - the order should have gone on the card ending 5652. please delete my account and all my personal data??,billing
T-12912,chat,Help,I was charged a restocking fee of $42.00 on my return - nothing on the site mentioned that. you charged the wrong card - the order should have gone on the card ending 2339,returns-warranty
T-12913,chat,Qestion,can I get an itemized receipt or invoice for order NW-68852 - I need it for work,billing
T-12914,webform,Return request,"Hello Northwind, I want to return the Drifter paddle I bought with the TRAIL15 promo code - do I get the full price or the discounted price back. I already looked through the help center and could not find an answer. Hope you can help.",returns-warranty
T-12915,chat,Need assistance,I sent my return back over two weeks ago and have not heard anything since. customs is asking me to pay $24.99 in import fees for order nw-70524 - was that supposed to happen.,returns-warranty
T-12916,email,Late order,"Hey, The invoice in the box lists a Glacier 45 cooler that is not what I was charged for online - which one is actually shipping to me. I need this sorted before Friday. Thanks. — Avery Chen",shipping
T-12917,email,Need assistance,"Hey, How long does shipping usually take to Hawaii if I order the Merino trail socks today. I already looked through the help center and could not find an answer. Hope you can help. — Reese Whitfield",product-question
T-12918,webform,Password reset not working,"second time sending this. Hey, The password reset email never arrives - I have checked spam twice. I need this sorted before Friday. Hope you can help.",account-access
T-12919,chat,Question,resending this - If the Windbreak fleece does not fit can I return it for free ori s return shipping on me. I have been a customer for years and this is the first problem I have had,product-question
T-12920,email,Invoice request,Please cancel my Trail Club membership - I am still being billed $9.99 a month. This is for an upcoming backpacking trip. Appreciate it. — Sam Larsen,billing
T-12921,email,Sizing question,"Hey, What is the temperature rating on the Cascade 20 sleeping bag really good down to. This is for an upcoming backpacking trip. — Casey Ortiz",product-question
T-12922,webform,Urgent,"Hi, The promo code WELCOME10 did not appply at checkout and I was charged full price. I tried calling but the wait time was over 30 minutes. Hope youc an help.",billing
T-12923,chat,Support request,i am past the 30 day window but the Trailhead hiking boots has a manufacturing defect - does the warranty cover it. please delete my account and all my personal data??,returns-warranty
T-12924,webform,Support request,"Good morning, Does the Basecamp camp chair ever go on sale - it was cheaper during the last promo. I need this sorted before Friday.",product-question
T-12925,chat,Billing question,i was charged sales tax on order NW-75366 but my state does not tax clothing. the invoice in the box lists a otter dry bag that is not what i was charged for online - which one is actually shipping to me.,billing
T-12926,chat,Refund not received,You refunded the item but not tthe original shipping cost on order NW-56659. I paced tre order during the sale?,billing
T-12927,chat,Question,What fuel does the Ember camp stove take and can I fly with the canister. I contacted you a few days ago about this and never heard back,product-question
T-12928,chat,Shipping delay,can I change the delivery address on order NW-76053 before it ships. my order history disappeared after i merged my old account with my new email.,shipping
T-12929,email,Urgent,"Hello Northwind, You split my order into two shipments and only one has any tracking movement. s already looked through the help center and could not find an answer. Appreciate it.",shipping
T-12930,chat,Delivery problem,You split my order into two shipments and only one hsa any tracking movement. hTe order had the Trailhead hiking boots and some smaller items in it.,shipping
T-12931,email,Need assistance,"Hello Northwind, You refunded the item but not the original shipping cost on order NW-66927. I contacted you last week about this and never heard back.",billing
T-12932,chat,Help,how do I get a return shipping lbel for order NW-57521,returns-warranty
T-12933,email,Need assistance,The invoice in the box lists a Drifter paddle that is not what I was charged for online - which one is actually shipping to me. when i log in my order history shows someone else's orders and charges. Please advise. — Quinn Novak,shipping
T-12934,webform,Changem y email,"Hello Northwind, I keep getting logged out every time the app updates. I tried calling but the wait time was over 45 minutes. Please advise.",account-access
T-12935,chat,Membership billing,The tracking says my order was delivered but I was charged for shipping insurance I never added. I tried calling but the wait time was over 30 minutes?,billing
T-12936,chat,Membership billing,i cancelled order NW-59968 the same day after placing it but the charge of $79.99 still went through. I paid with the card ending 6519,billing
T-12937,webform,Support request,"Good morning, I am past the 30 day wnidow but the Summit 65 backpack has a manufactuuring defect - does the warranty cover it. Thanks in advanec.",returns-warranty
T-12938,chat,Stock question,Does the Lumen 400 headlamp ever go on sale - it was cheaper during the last promo. The order had the Dayhike 22 backpack and some smaller items in it??,product-question
T-12939,webform,Payment issue,"Hi, My return was received two days ago but the refund of $189.99 still is not back on my card. I paid with the card ending 1424. Hope you can help.",billing
T-12940,chat,Question,The estimated delivery on my order keeps moving - it has changed three times this week. I contacted you last week about this and never heard back?,shipping
T-12941,chat,Need assistance,I am past the 30 day window but the Lumen 800 headlamp has a manufacturing defect - does the warranty cover it. Order number is NW-69125 if that helps,returns-warranty
T-12942,webform,Need assistance,You refunded the itemb ut not the original shipping cost on order NW-75061. The package was a gift for my daughter.,billing
T-12943,email,Problem with my order,"Hello, Will the Dayhike 22 backpack fit a 3L water bladder. i need the lumen 400 headlamp before my trip on the 14th - can you expedite shipping. i paid $42.50 extra for two day shipping and it has been four days. — Sam Ortiz",product-question
T-12944,email,Product question,"Good morning, Is the Drifter 10 kayak stable enough for a beginner on a lake. — Taylor Ortiz",product-question
T-12945,email,Order not dilivered,"Hello, My order NW-44094 was placed over two weeks ago and the tracking still says label created. I need this sorted before the weekend. Thank you. — Kai Whitfield",shipping
T-12946,email,Problem with my order,"Hi, My gift card balance shows $24.00 but checkout would not let me use it. I need this sorted before the weekend. Thank you. — Kai Nguyen",billing
T-12947,chat,Shipping delay,where is my order? The Trailhead trail runners was supposed to arrive yesterday. I paid with the card ending 2956,shipping
T-12948,email,Wrong item received,"Hi, The Drifter paddle does not fit - how do I exccahnge it for the wide version. I paid with the card ending 5372. Thank you. — Reese yrtiz",returns-warranty
T-12949,email,Login trouble,"Hello Northwind, My account seems to be locked after too many login attempts. I tried calling but the wait time was over 30 minutes. Thank you.",account-access
T-12950,email,Help,"Hello, The return label you wmailed me shows the wrong delivery adress for the warehouse. I need this sorted before the end of the month. Thanks. — Casey Haddad",returns-warranty
T-12951,email,Urgent,"Hi, Can I machine wash the Merino trail socks or is it dry clean only. I have been a customer for years and this is the first problem I have had. Please advise.",product-question
T-12952,email,Question,I need the Drifter 10 kayak before my trip on the 14th - can you expedite shipping. I paid with the card ending 1210. Thanks. — Sam Ortiz,shipping
T-12953,webform,Wrong item received,The Ember camp stove does not fit - how do I exchange it for the wide version. I already looked through the help center and could not find an answer. Thanks.,returns-warranty
T-12954,email,Support request,"Hello, Please cancel the exchange on order NW-49626 - I just want my money back on the return instead. I contacted you a few days ago about this and never heard back. — Jordan Patel",returns-warranty
T-12955,email,Problem with my order,"Hi, I cancelled order NW-52124 minutes afte plaacign it but the charge of $24.00 still went through. do the trailhead hiking boots run true to size - i am usually a 10. This is for an upcoming backpacking trip. Please advise. — Dana Patel",billing
T-12956,chat,Product question,is the Ridgeline 4P tent a true 3-season tent or more of a summer shelter. the tracking page says delivered but there is no package anywhere at my address??,product-question
T-12957,email,Need assistance,"Hello Northwind, The price of the Merino trail socks dropped to $35.50 the day after I bought it - do you do price adjustments. I paid with the card ending 5396. Thank you. — Alex Novak",billing
T-12958,webform,Urgent,"Good morning, If the Ridgeline 4P tent doesn ot fit can I return it for free or is return shipping on me. Apreciate it.",product-question
T-12959,email,Sizing question,Is the Torrent rain pants actually waterproof or just water resistant. you sent the wrong item - i ordered the trailhead trail runners and got a cascade 0 sleeping bag instead. I placed the order on the 3rd. Appreciate it.,product-question
T-12960,email,Need assistance,"Hey, Is the Cascade 20 sleeping bag still returnable if I took the tags off. i cannot log in to my account - it keeps saying my password is wrong even after i reset it. i changed phones and can no longer get the two factor authentication code. I contacted you a few days ago about this and never heard back. Hope you can help. — Alex Kim",returns-warranty
T-12961,email,Care instructions,"Hey ,What is tthe temperature rating on the Cascade 20 sleeping bag really good down to. The package was a gift for my partner. Please advise. — Sum aGrcia",product-question
T-12962,webform,Help,"Hello, What fuel does the Ember camps tove take and cna I fly with the canister. I need this sorted beffore the weeend. Thanks.",product-question
T-12963,email,Problemw ith my order,"Hi, My package arrived with the box soaked and the Lumen 800 headlamp inside looks damaged. This is for an upcoming canoe trip. Thanks in advance.",shipping
T-12964,chat,Support request,Customs is aking me to pay $19.00 in import fees for order NW-66354 - was that supposed to happen. I plazed thhe order on the 3rd.,shipping
T-12965,email,Delivery problem,"Good morning, I paid $118.99 extra for two day shipping and it has been five days.",shipping
T-12966,webform,Need assistance,"Hi, Customs is asking me to pay $149.50 in import fees for order NW-49225 - was that supposed to happen. I already looked through the help center and could not find an answer. Please advise.",shipping
T-12967,chat,Help,My package arrived with the box soaked and the Lumen 800 headlamp inside looks okay. what is your return policy on sale items like the cascade 0 sleeping bag??,shipping
T-12968,webform,Urgent,"Hi, You split my order into two shipments and only one has any tracking movement. I already looked through the help center and could not find an answer. Please advise.",shipping
T-12969,chat,Where is my order,can you hold the shipment at a USPS pickup point instead of delivering to my door. Order number is NW-58561 if that helps.,shipping
T-12970,webform,Order not delivered,"Hey, Can you hold the shipment at a USPS pickup point instead of delivering to my door. This is for an upcoming camping trip. Thanks in advance.",shipping
T-12971,email,Package missing,"Hello Northwind, I paid $64.00 extra for two day shipping and it has been over two weeks. I placed the order last week. Thanks.",shipping
T-12972,chat,Payment issue,Can I get an itemized receipt or invoice for order NW-63758 - I need it for taxes. The package was a gift for my daughter?,billing
T-12973,chat,Sizing question,Does the Firefly bug net ever go on sale - it was cheaper during the last promo. I have been a customer for a long time and this is the first problem I have had.,product-question
T-12974,chat,Exchange needed,second time sending this. i want to return the Glacier 45 cooler I bought with the SUMMER20 promo code - do I get the full price or the discounted price back. I need this sorted before the end of the month,returns-warranty
T-12975,chat,Return status,my exchange shipped but tracking says it is going back to you nistead of to me. I placed the roder during the sale.,returns-warranty
T-12976,webform,Question,following up - Customs is asking me to pay $214.00 in import fees for order NW-46920 - was that supposed to happen.,shipping
T-12977,webform,Tracking question,"Good morning, I paid $19.95 extra for two day shipping and it has been three days. I placed the order about ten days ago. Thanks.",shipping
T-12978,chat,Product question,is the Ridgeline 4P tent a true 3-season tent or more of a summer shelter. the tracking page says delivered but there is no package anywhere at my address??,product-question
T-12979,email,Problem with my order,Will the Summit 65 backpack fit a 3L water bladder. The package was a gift for a friend. Hope you can help.,product-question
T-12980,chat,Delivery problem,I need the Aruora camp lantern before my trip on the 14th - can you expedite shipping. I paid with the card ending 1170??,shipping
T-12981,email,Question,"Good morning, How long does the Lumen 400 headlamp run on a full charge at the highest brightness. I have been a customer for years and this is the first problem I have had. — Avery Ortiz",product-question
T-12982,webform,Urgent,"Hi there, How do I change the email address on my account - I no longer have access to the old one. Thanks.",account-access
T-12983,email,Wrong item received,I received someone else's package with my label on it - I assume they have my Voltpack 20K power bank. The order had the Cirrus trekking poles and some smaller items in it. Hope you can help. — Morgan Brooks,returns-warranty
T-12984,chat,Urgent,my exchange shipped but tracking says it is going back to you instead of to me. I tried calling but the wait time was over 30 minutes.,returns-warranty
T-12985,chat,Need assistance,I returned the Firefly bug net and the refund I got was $79.00 short of what I paid. i want to return the lumen 800 headlamp i bought with the trail15 promo code - do i get the full price or the discounted price back?,billing
T-12986,webform,Need assistance,"Hello Northwind, Can you hold the shipment at a USPS pickup point instead of elivering to my door. The order had the Cascade 0 sleeping bag and some smaller items in it. Appreciate it.",shipping
T-12987,webform,,NW-52014,returns-warranty
T-12988,chat,Need asisstance,i cannot log in to my account - it keeps saying my password is wrong even after I reset it. I need this sorted before the end of the month??,account-access
T-12989,email,Urgent,"Hi there, The estimated deliveryo n my order keeps moving - it has changed three times this week. Thanks. — Morgan Ortiz",shipping
T-12990,email,Cannot log in,"Hi, I think someone else has been using my account - there is an order in my history I never placed. — Devon Silva",account-access
T-12991,email,Urgent,"second time sending this. Hi, Can I machine wash the Merino trail socks or is it dry clean only. I have been a customer for years and this is the first problem I have had. Please advise.",product-question
T-12992,email,Question,"Good morning, Please delete my account and all my personal data. I placed the order last week. Thank you. — Taylor Nguyen",account-access
T-12993,email,Question,"Hey, Please cancel the exchange on odrr NW-63155 - I just want my money back on the return instead. the password reset email never arrives - i have checked spam several times. i cannot log in to my account - it keeps sayin gmy yassword is wrong even after i reset it. I placed the order last week. Thanks in advance.",returns-warranty
T-12994,chat,Urgent,can I get an itemized receipt or invoice for order NW-61975 - I need it for taxes. I contacted you a few days ago about this and never heard back??,billing
T-12995,chat,Need assistance,i need the Ridgeline 2P tent before Saturday - can you expedite shipping. The package was a gift for my daughter,shipping
T-12996,chat,Question,The password reset email never arrives - I have checked spam several times. This is for an upcoming thru-hike??,account-access
T-12997,chat,Betore I buy,How long does the Lumen 800 headlamp run on a full charge at the highest brightness. I nede this sorted before the weekend??,product-question
T-12998,chat,Invoice request,Please cancel my Trai Club membership - I am still being billed $12.99 a month??,billing
T-12999,chat,Help,I was charged twice for order NW-67689 - there are two $19.99 charges on my card.,billing
T-13000,chat,Help,Can you hold the shipment at a USPS pickup point instead of delivering to my door. I contacted you last week about this and never heard back.,shipping
