surface,iso
received on 12 december 1994,1994-12-12
received on 3 april 1996,1996-04-03
"on october the 25th , 2000",2000-10-25
jan 20 2012,2012-01-20
30 jan 2022,2022-01-30
monday the 10th of may 2021,2021-05-10
2005.03.05,2005-03-05
"aug. 28, 2026",2026-08-28
received on 21 february 2013,2013-02-21
"the 24th of march , 2016",2016-03-24
oct 14 1990,1990-10-14
"on june the 25th , 1994",1994-06-25
dec 1 2029,2029-12-01
2001.12.22,2001-12-22
thursday the 8th of june 2000,2000-06-08
"wednesday , december 22 , 2021",2021-12-22
"dec. 28, 2008",2008-12-28
7/7/2011,2011-07-07
27/11/2027,2027-11-27
received on 17 june 2019,2019-06-17
"sunday , august 22 , 2010",2010-08-22
"monday , january 13 , 2003",2003-01-13
1995.12.27,1995-12-27
20 jan 2001,2001-01-20
"sunday , march 28 , 2027",2027-03-28
"on october the 13th , 1995",1995-10-13
"thursday , april 18 , 1996",1996-04-18
1991.03.22,1991-03-22
7/6/2024,2024-06-07
"the 5th of june , 2006",2006-06-05
"the 1st of march , 1996",1996-03-01
received on 22 december 2006,2006-12-22
"dated april 18 , 1998 .",1998-04-18
received on 22 august 2014,2014-08-22
received on 8 november 2026,2026-11-08
"thursday , august 23 , 2018",2018-08-23
9-mar-2001,2001-03-09
15-jul-1999,1999-07-15
"dated july 1 , 2023 .",2023-07-01
"dated february 10 , 2016 .",2016-02-10
31-oct-1991,1991-10-31
16-feb-2015,2015-02-16
2007.11.04,2007-11-04
"the 1st of april , 1992",1992-04-01
"the 22nd of april , 2020",2020-04-22
3-oct-2005,2005-10-03
22-jul-2008,2008-07-22
saturday the 30th of march 2030,2030-03-30
7/10/2024,2024-10-07
feb 28 1991,1991-02-28
monday the 12th of september 2011,2011-09-12
"on july the 2nd , 2005",2005-07-02
1-nov-1996,1996-11-01
apr 11 2011,2011-04-11
2020.12.25,2020-12-25
10 oct 2007,2007-10-10
thursday the 18th of february 2021,2021-02-18
"dated june 10 , 2027 .",2027-06-10
"on may the 5th , 2028",2028-05-05
"dated november 8 , 1996 .",1996-11-08
"on august the 31st , 2005",2005-08-31
received on 31 july 1995,1995-07-31
1994.06.09,1994-06-09
2006.01.16,2006-01-16
1990.09.28,1990-09-28
"wednesday , december 12 , 2001",2001-12-12
nov 11 1995,1995-11-11
"sunday , january 16 , 1994",1994-01-16
"the 18th of july , 1991",1991-07-18
"dated february 22 , 2013 .",2013-02-22
jun 3 2026,2026-06-03
2008.01.09,2008-01-09
tuesday the 1st of june 2027,2027-06-01
7 jun 2025,2025-06-07
"dated november 12 , 2017 .",2017-11-12
13/8/1993,1993-08-13
sunday the 28th of march 1993,1993-03-28
2005.01.25,2005-01-25
"dated november 3 , 2000 .",2000-11-03
"wednesday , november 27 , 2002",2002-11-27
1/9/2023,2023-09-01
5/2/1991,1991-02-05
"monday , september 23 , 2019",2019-09-23
2002.03.16,2002-03-16
"sunday , january 27 , 2019",2019-01-27
"nov. 11, 1991",1991-11-11
"the 2nd of august , 2017",2017-08-02
"the 6th of november , 2030",2030-11-06
"the 22nd of may , 2007",2007-05-22
"wednesday , may 22 , 2024",2024-05-22
"on october the 19th , 2005",2005-10-19
"may. 18, 1995",1995-05-18
nov 18 1998,1998-11-18
3-sep-2014,2014-09-03
"dated february 27 , 2000 .",2000-02-27
sep 1 2014,2014-09-01
"thursday , april 5 , 2012",2012-04-05
wednesday the 29th of september 1999,1999-09-29
"jan. 18, 1996",1996-01-18
"the 20th of july , 1998",1998-07-20
9 jul 2017,2017-07-09
received on 11 february 2024,2024-02-11
"the 5th of november , 2027",2027-11-05
2001.01.03,2001-01-03
thursday the 21st of november 1996,1996-11-21
received on 20 april 2025,2025-04-20
26/5/2015,2015-05-26
monday the 5th of september 2005,2005-09-05
received on 15 may 2021,2021-05-15
"dated october 6 , 1995 .",1995-10-06
"dated july 25 , 1998 .",1998-07-25
"friday , july 28 , 2006",2006-07-28
"monday , december 22 , 2025",2025-12-22
"saturday , september 14 , 1996",1996-09-14
apr 10 2010,2010-04-10
"jan. 11, 2002",2002-01-11
27/3/1990,1990-03-27
"the 22nd of february , 2013",2013-02-22
"the 25th of february , 2003",2003-02-25
2002.02.10,2002-02-10
"the 4th of june , 2016",2016-06-04
saturday the 8th of september 2029,2029-09-08
20 feb 2019,2019-02-20
monday the 11th of may 2020,2020-05-11
may 15 2030,2030-05-15
"the 11th of march , 1998",1998-03-11
"the 3rd of july , 2010",2010-07-03
31-jul-2024,2024-07-31
received on 8 april 2014,2014-04-08
received on 1 february 2014,2014-02-01
"nov. 15, 2011",2011-11-15
1/7/2013,2013-07-01
4 dec 2005,2005-12-04
25/11/2011,2011-11-25
"dated march 5 , 2029 .",2029-03-05
"oct. 25, 1994",1994-10-25
received on 10 november 2025,2025-11-10
"dec. 23, 2007",2007-12-23
"dated january 1 , 2003 .",2003-01-01
"oct. 9, 1993",1993-10-09
"the 30th of september , 2021",2021-09-30
2024.09.07,2024-09-07
received on 30 may 2024,2024-05-30
5/1/2005,2005-01-05
jan 28 2001,2001-01-28
"dated february 28 , 2028 .",2028-02-28
"nov. 12, 2003",2003-11-12
2016.02.09,2016-02-09
tuesday the 19th of january 1993,1993-01-19
"sunday , june 26 , 2005",2005-06-26
received on 3 november 2002,2002-11-03
"dated august 29 , 2019 .",2019-08-29
"the 24th of january , 2026",2026-01-24
mar 12 1993,1993-03-12
2030.06.21,2030-06-21
2025.07.02,2025-07-02
24 aug 2016,2016-08-24
"the 5th of august , 1995",1995-08-05
8 jan 2023,2023-01-08
"dated may 27 , 2001 .",2001-05-27
"the 8th of march , 2020",2020-03-08
9 mar 2017,2017-03-09
received on 8 april 1999,1999-04-08
21 may 2024,2024-05-21
2 oct 2001,2001-10-02
"friday , march 24 , 2023",2023-03-24
"the 7th of november , 2023",2023-11-07
"dec. 9, 2012",2012-12-09
received on 6 march 1999,1999-03-06
"monday , september 8 , 2014",2014-09-08
"dated september 3 , 1998 .",1998-09-03
"dated august 19 , 2006 .",2006-08-19
20 dec 1997,1997-12-20
friday the 11th of april 2003,2003-04-11
10/6/1990,1990-06-10
11 apr 2021,2021-04-11
"on april the 1st , 1998",1998-04-01
received on 29 august 1998,1998-08-29
wednesday the 2nd of february 1994,1994-02-02
received on 6 january 2008,2008-01-06
"the 10th of september , 2026",2026-09-10
"dated january 15 , 2018 .",2018-01-15
7/4/2014,2014-04-07
received on 2 february 2024,2024-02-02
1992.08.13,1992-08-13
25 nov 2004,2004-11-25
"oct. 14, 2029",2029-10-14
"on july the 9th , 2004",2004-07-09
"dated july 17 , 2030 .",2030-07-17
21/4/2011,2011-04-21
4 dec 2011,2011-12-04
"on february the 9th , 2005",2005-02-09
received on 26 november 2013,2013-11-26
23 mar 2018,2018-03-23
"jul. 15, 2027",2027-07-15
"apr. 14, 2009",2009-04-14
received on 29 december 2007,2007-12-29
wednesday the 9th of february 2011,2011-02-09
"tuesday , january 7 , 2025",2025-01-07
2020.06.26,2020-06-26
15-jan-2021,2021-01-15
"on february the 6th , 2008",2008-02-06
"the 21st of december , 2010",2010-12-21
thursday the 25th of june 2026,2026-06-25
received on 6 may 2024,2024-05-06
2010.11.13,2010-11-13
received on 14 april 2008,2008-04-14
"friday , april 10 , 1992",1992-04-10
1999.05.05,1999-05-05
"thursday , june 24 , 1993",1993-06-24
"saturday , november 11 , 2000",2000-11-11
"nov. 21, 2006",2006-11-21
"saturday , february 10 , 1996",1996-02-10
"on june the 21st , 1998",1998-06-21
may 31 2012,2012-05-31
22-feb-1997,1997-02-22
"on january the 7th , 2001",2001-01-07
23-mar-2024,2024-03-23
2007.03.04,2007-03-04
20 oct 2007,2007-10-20
received on 27 march 2003,2003-03-27
22/1/2003,2003-01-22
mar 10 2029,2029-03-10
"dated november 1 , 2026 .",2026-11-01
"oct. 23, 2015",2015-10-23
"on march the 4th , 1999",1999-03-04
4/10/2024,2024-10-04
"on september the 16th , 2022",2022-09-16
saturday the 30th of june 2012,2012-06-30
"on november the 24th , 2018",2018-11-24
11/12/2010,2010-12-11
received on 3 october 2011,2011-10-03
4/12/2022,2022-12-04
3 jul 2005,2005-07-03
1992.07.01,1992-07-01
1992.10.07,1992-10-07
1992.06.10,1992-06-10
"the 8th of september , 2020",2020-09-08
friday the 3rd of june 1994,1994-06-03
"the 28th of december , 2027",2027-12-28
aug 1 1996,1996-08-01
"the 13th of september , 2026",2026-09-13
"dated february 14 , 2012 .",2012-02-14
3-feb-2006,2006-02-03
"apr. 10, 2025",2025-04-10
17-feb-2015,2015-02-17
1 jan 2001,2001-01-01
"on may the 20th , 2027",2027-05-20
"saturday , july 28 , 2029",2029-07-28
saturday the 27th of november 1993,1993-11-27
"dated october 11 , 1999 .",1999-10-11
2002.06.25,2002-06-25
2005.09.10,2005-09-10
"dated january 28 , 2002 .",2002-01-28
"the 6th of march , 2010",2010-03-06
"may. 31, 2010",2010-05-31
9 aug 1996,1996-08-09
21 dec 2005,2005-12-21
jun 13 2014,2014-06-13
1/12/2026,2026-12-01
9-apr-2000,2000-04-09
2025.07.19,2025-07-19
"dated may 10 , 1990 .",1990-05-10
12-nov-2026,2026-11-12
received on 15 may 2014,2014-05-15
"wednesday , october 21 , 2020",2020-10-21
"wednesday , october 2 , 2013",2013-10-02
8-jul-2025,2025-07-08
2015.05.30,2015-05-30
"on may the 12th , 2003",2003-05-12
8/4/2016,2016-04-08
"sunday , january 19 , 2003",2003-01-19
monday the 1st of september 2003,2003-09-01
saturday the 21st of august 2021,2021-08-21
"the 25th of april , 2004",2004-04-25
"on may the 3rd , 1998",1998-05-03
"the 4th of november , 2006",2006-11-04
mar 21 2024,2024-03-21
"on november the 24th , 2003",2003-11-24
22 jan 1994,1994-01-22
2/3/2000,2000-03-02
"oct. 14, 1991",1991-10-14
"dated april 10 , 1993 .",1993-04-10
"dated may 28 , 1994 .",1994-05-28
jan 12 2030,2030-01-12
8/3/2017,2017-03-08
apr 10 2003,2003-04-10
1993.02.04,1993-02-04
"the 10th of may , 2006",2006-05-10
"apr. 16, 2020",2020-04-16
6-mar-2003,2003-03-06
"on february the 3rd , 2010",2010-02-03
"the 29th of december , 2008",2008-12-29
"the 14th of september , 2012",2012-09-14
"wednesday , july 21 , 2021",2021-07-21
"dec. 2, 1995",1995-12-02
"dated january 16 , 2002 .",2002-01-16
4 aug 2029,2029-08-04
10/11/1996,1996-11-10
"sep. 30, 2029",2029-09-30
8/4/2002,2002-04-08
1998.07.25,1998-07-25
received on 16 october 2021,2021-10-16
saturday the 15th of february 2020,2020-02-15
21-sep-2024,2024-09-21
saturday the 23rd of september 2006,2006-09-23
2 jan 1993,1993-01-02
"jun. 12, 2025",2025-06-12
7 jul 1998,1998-07-07
"wednesday , june 24 , 2026",2026-06-24
"sunday , november 3 , 2024",2024-11-03
"dated august 25 , 2000 .",2000-08-25
"on september the 5th , 2017",2017-09-05
18/8/1994,1994-08-18
"the 12th of december , 2018",2018-12-12
jul 27 2014,2014-07-27
"dated october 10 , 2004 .",2004-10-10
"wednesday , july 10 , 2024",2024-07-10
"on may the 17th , 2011",2011-05-17
3 aug 2024,2024-08-03
received on 12 june 2008,2008-06-12
21-nov-2022,2022-11-21
monday the 26th of february 2029,2029-02-26
saturday the 12th of february 2028,2028-02-12
26-jan-2001,2001-01-26
2009.05.15,2009-05-15
aug 4 2009,2009-08-04
"wednesday , january 20 , 1999",1999-01-20
"wednesday , april 21 , 2004",2004-04-21
"on october the 18th , 2017",2017-10-18
thursday the 11th of july 2019,2019-07-11
may 19 2014,2014-05-19
received on 3 february 2026,2026-02-03
27-apr-2022,2022-04-27
wednesday the 23rd of november 2016,2016-11-23
"nov. 20, 2012",2012-11-20
13/6/1997,1997-06-13
"dated december 12 , 2003 .",2003-12-12
"wednesday , may 31 , 2028",2028-05-31
20 jun 1993,1993-06-20
"on december the 1st , 2019",2019-12-01
wednesday the 26th of may 2021,2021-05-26
2010.09.11,2010-09-11
"dated august 1 , 2002 .",2002-08-01
16/1/2005,2005-01-16
22/1/2019,2019-01-22
1992.10.28,1992-10-28
2016.07.02,2016-07-02
thursday the 25th of march 2010,2010-03-25
jun 21 2015,2015-06-21
"on april the 2nd , 2021",2021-04-02
"wednesday , september 29 , 1993",1993-09-29
"oct. 13, 2026",2026-10-13
"dated june 26 , 2028 .",2028-06-26
19/8/2018,2018-08-19
sunday the 2nd of september 2001,2001-09-02
"dated june 26 , 2011 .",2011-06-26
"wednesday , january 14 , 2015",2015-01-14
"friday , december 2 , 1994",1994-12-02
2015.07.28,2015-07-28
"the 4th of september , 1996",1996-09-04
"saturday , may 25 , 2002",2002-05-25
2017.12.25,2017-12-25
"apr. 21, 2027",2027-04-21
16 jul 1993,1993-07-16
"dated july 10 , 2022 .",2022-07-10
"saturday , july 31 , 2021",2021-07-31
15 jan 2027,2027-01-15
"apr. 2, 2014",2014-04-02
received on 11 april 1995,1995-04-11
"the 24th of april , 2000",2000-04-24
5 jul 1992,1992-07-05
received on 10 june 2020,2020-06-10
24/9/2029,2029-09-24
28-aug-2023,2023-08-28
"monday , january 20 , 1997",1997-01-20
friday the 11th of october 1991,1991-10-11
"the 6th of november , 2024",2024-11-06
received on 15 june 2027,2027-06-15
oct 5 1999,1999-10-05
5/7/2000,2000-07-05
2014.01.01,2014-01-01
"saturday , november 10 , 2001",2001-11-10
8-feb-2008,2008-02-08
"monday , september 17 , 2012",2012-09-17
7 jan 2025,2025-01-07
mar 30 2006,2006-03-30
"on february the 12th , 1992",1992-02-12
received on 12 june 2006,2006-06-12
25 nov 1998,1998-11-25
17/11/2010,2010-11-17
14 aug 2020,2020-08-14
1/8/2004,2004-08-01
"dated november 24 , 2027 .",2027-11-24
"on may the 11th , 2008",2008-05-11
"sep. 24, 2025",2025-09-24
received on 10 january 2012,2012-01-10
received on 14 march 2001,2001-03-14
sep 29 2001,2001-09-29
16/11/2006,2006-11-16
friday the 21st of march 2014,2014-03-21
"sunday , march 24 , 2030",2030-03-24
received on 13 october 2004,2004-10-13
"wednesday , march 27 , 1996",1996-03-27
"dated july 26 , 1996 .",1996-07-26
6 jun 2030,2030-06-06
19 nov 2025,2025-11-19
4 dec 2007,2007-12-04
10 nov 2000,2000-11-10
2025.09.01,2025-09-01
2011.09.03,2011-09-03
friday the 20th of december 2019,2019-12-20
wednesday the 14th of july 2010,2010-07-14
oct 11 2006,2006-10-11
2007.01.05,2007-01-05
received on 29 june 1993,1993-06-29
2028.12.23,2028-12-23
17/6/2008,2008-06-17
"dated august 1 , 2014 .",2014-08-01
"on august the 19th , 2030",2030-08-19
"dated september 21 , 2027 .",2027-09-21
"the 9th of june , 2021",2021-06-09
"saturday , september 4 , 2027",2027-09-04
sep 24 2021,2021-09-24
"dated march 30 , 2015 .",2015-03-30
"the 18th of june , 2029",2029-06-18
2029.05.23,2029-05-23
jan 12 2001,2001-01-12
4 sep 2026,2026-09-04
23-sep-2015,2015-09-23
2020.01.05,2020-01-05
"on august the 12th , 1993",1993-08-12
"oct. 23, 2004",2004-10-23
"the 31st of march , 2006",2006-03-31
1-nov-2014,2014-11-01
"on october the 12th , 2001",2001-10-12
tuesday the 23rd of may 2028,2028-05-23
received on 1 august 2025,2025-08-01
sep 20 2003,2003-09-20
15-nov-2016,2016-11-15
"on august the 17th , 2009",2009-08-17
"jan. 11, 2000",2000-01-11
"on october the 2nd , 2011",2011-10-02
"the 4th of november , 2012",2012-11-04
sunday the 22nd of august 2010,2010-08-22
may 28 1990,1990-05-28
"jan. 16, 1995",1995-01-16
14/4/2002,2002-04-14
dec 22 2022,2022-12-22
"dated september 8 , 2016 .",2016-09-08
"on april the 11th , 2030",2030-04-11
"on august the 1st , 1994",1994-08-01
"dated october 12 , 2000 .",2000-10-12
10 jun 2030,2030-06-10
3 oct 2019,2019-10-03
19-jan-2012,2012-01-19
sep 14 1999,1999-09-14
22-oct-2000,2000-10-22
2014.01.13,2014-01-13
1997.08.20,1997-08-20
"on december the 24th , 2005",2005-12-24
7 sep 2027,2027-09-07
"dated march 25 , 2028 .",2028-03-25
aug 30 2023,2023-08-30
"on april the 10th , 2019",2019-04-10
5 may 2009,2009-05-05
15-dec-2003,2003-12-15
"dated july 15 , 2030 .",2030-07-15
"on may the 3rd , 2005",2005-05-03
aug 18 1999,1999-08-18
10 sep 1997,1997-09-10
2028.07.29,2028-07-29
"dated september 19 , 2020 .",2020-09-19
"on september the 13th , 1995",1995-09-13
saturday the 5th of august 2023,2023-08-05
"wednesday , june 23 , 2021",2021-06-23
wednesday the 3rd of february 1999,1999-02-03
aug 7 2001,2001-08-07
"tuesday , august 14 , 2012",2012-08-14
received on 2 august 1999,1999-08-02
apr 22 2029,2029-04-22
"on october the 29th , 2002",2002-10-29
25-jul-1993,1993-07-25
18-oct-2007,2007-10-18
"sunday , july 1 , 2007",2007-07-01
"thursday , march 29 , 2029",2029-03-29
"the 11th of october , 1992",1992-10-11
"saturday , march 9 , 2019",2019-03-09
"on march the 26th , 2014",2014-03-26
received on 26 january 2025,2025-01-26
sep 27 1990,1990-09-27
"sunday , may 9 , 2021",2021-05-09
"dated may 21 , 2004 .",2004-05-21
"on february the 19th , 2002",2002-02-19
jul 7 1990,1990-07-07
21 nov 2019,2019-11-21
"dated june 21 , 2017 .",2017-06-21
2002.05.19,2002-05-19
"the 28th of march , 2018",2018-03-28
"aug. 14, 2009",2009-08-14
saturday the 24th of february 1990,1990-02-24
wednesday the 26th of january 1994,1994-01-26
"dated july 4 , 1996 .",1996-07-04
"dec. 5, 1992",1992-12-05
wednesday the 21st of february 2001,2001-02-21
received on 16 february 2015,2015-02-16
"the 8th of march , 2025",2025-03-08
26 sep 1997,1997-09-26
"the 29th of october , 2027",2027-10-29
16 jul 2023,2023-07-16
2022.01.06,2022-01-06
30/4/2026,2026-04-30
"sunday , june 26 , 2011",2011-06-26
monday the 23rd of april 1990,1990-04-23
7/4/1993,1993-04-07
received on 5 november 2007,2007-11-05
1993.07.09,1993-07-09
"tuesday , february 1 , 2011",2011-02-01
"on february the 23rd , 2016",2016-02-23
friday the 28th of november 2008,2008-11-28
received on 20 june 2002,2002-06-20
18/5/1996,1996-05-18
"dated april 27 , 1998 .",1998-04-27
received on 7 january 2003,2003-01-07
"the 23rd of july , 2000",2000-07-23
"on september the 8th , 2015",2015-09-08
15/8/2003,2003-08-15
"on march the 24th , 1997",1997-03-24
16/2/2008,2008-02-16
"the 2nd of may , 2001",2001-05-02
saturday the 19th of december 2026,2026-12-19
"dated july 27 , 1996 .",1996-07-27
"jan. 20, 2006",2006-01-20
received on 28 october 2026,2026-10-28
"dated january 29 , 1997 .",1997-01-29
10-aug-2026,2026-08-10
feb 12 2010,2010-02-12
"on march the 28th , 2015",2015-03-28
27-jul-1996,1996-07-27
"dated december 26 , 2025 .",2025-12-26
"monday , april 4 , 1994",1994-04-04
"the 27th of march , 2016",2016-03-27
8 jan 1990,1990-01-08
received on 6 october 2000,2000-10-06
tuesday the 11th of february 1992,1992-02-11
2022.07.27,2022-07-27
2002.12.15,2002-12-15
received on 31 december 2002,2002-12-31
2023.02.26,2023-02-26
"thursday , july 7 , 2005",2005-07-07
monday the 2nd of december 2030,2030-12-02
may 25 2030,2030-05-25
6-oct-1997,1997-10-06
feb 25 1990,1990-02-25
9 dec 2024,2024-12-09
tuesday the 26th of may 2009,2009-05-26
2008.03.24,2008-03-24
"feb. 4, 2011",2011-02-04
thursday the 23rd of november 2028,2028-11-23
"the 25th of may , 1995",1995-05-25
15/2/2026,2026-02-15
wednesday the 10th of february 2027,2027-02-10
"dated july 28 , 2015 .",2015-07-28
20-jul-2013,2013-07-20
"dated november 29 , 2026 .",2026-11-29
thursday the 31st of october 1991,1991-10-31
"on june the 11th , 2028",2028-06-11
"monday , february 6 , 2023",2023-02-06
21-aug-2014,2014-08-21
2022.06.12,2022-06-12
sunday the 12th of september 2010,2010-09-12
"on october the 14th , 1997",1997-10-14
"dated may 21 , 2004 .",2004-05-21
"on august the 29th , 2019",2019-08-29
1993.07.06,1993-07-06
"dated january 13 , 2026 .",2026-01-13
wednesday the 5th of march 2025,2025-03-05
received on 31 march 2011,2011-03-31
9/8/2029,2029-08-09
2010.06.08,2010-06-08
3/9/1999,1999-09-03
1/10/2016,2016-10-01
received on 23 february 1994,1994-02-23
29-aug-2016,2016-08-29
feb 4 1990,1990-02-04
"on february the 12th , 2016",2016-02-12
"dated september 18 , 2007 .",2007-09-18
jun 16 1999,1999-06-16
"the 31st of may , 2020",2020-05-31
"dated february 9 , 2030 .",2030-02-09
"dec. 19, 1994",1994-12-19
"on october the 3rd , 2023",2023-10-03
31/8/1992,1992-08-31
aug 15 2005,2005-08-15
dec 12 2028,2028-12-12
19 aug 2022,2022-08-19
"the 12th of november , 2027",2027-11-12
apr 4 2019,2019-04-04
"monday , august 11 , 2014",2014-08-11
"saturday , december 26 , 2009",2009-12-26
"on june the 8th , 2008",2008-06-08
"on june the 19th , 2028",2028-06-19
"the 13th of june , 2004",2004-06-13
30 dec 2010,2010-12-30
27 feb 2003,2003-02-27
"friday , january 9 , 2015",2015-01-09
received on 7 december 1993,1993-12-07
jul 9 1997,1997-07-09
"dated november 18 , 2010 .",2010-11-18
tuesday the 13th of april 2010,2010-04-13
"saturday , july 20 , 2030",2030-07-20
"monday , june 7 , 1993",1993-06-07
friday the 27th of december 2019,2019-12-27
1-jun-2022,2022-06-01
apr 21 2021,2021-04-21
"apr. 21, 2009",2009-04-21
"jun. 1, 1999",1999-06-01
8-nov-2015,2015-11-08
may 3 2000,2000-05-03
1991.09.12,1991-09-12
"friday , january 29 , 1999",1999-01-29
"dec. 27, 2024",2024-12-27
2028.08.15,2028-08-15
10/12/2015,2015-12-10
mar 5 2009,2009-03-05
aug 2 2003,2003-08-02
29/6/2018,2018-06-29
received on 31 march 2000,2000-03-31
"mar. 20, 2024",2024-03-20
received on 17 march 2011,2011-03-17
jul 14 2019,2019-07-14
9 dec 1992,1992-12-09
"friday , february 10 , 2023",2023-02-10
wednesday the 26th of april 2017,2017-04-26
sunday the 24th of february 2013,2013-02-24
8-may-2026,2026-05-08
sunday the 24th of december 2023,2023-12-24
2025.02.20,2025-02-20
28-mar-2015,2015-03-28
15/7/1995,1995-07-15
4-jan-1993,1993-01-04
"on october the 14th , 2029",2029-10-14
"dated october 22 , 2019 .",2019-10-22
monday the 5th of december 2011,2011-12-05
8 mar 2006,2006-03-08
jul 10 2004,2004-07-10
"the 15th of september , 2005",2005-09-15
"saturday , july 31 , 2010",2010-07-31
"on june the 30th , 2007",2007-06-30
received on 11 october 2014,2014-10-11
9 sep 2018,2018-09-09
received on 26 june 2005,2005-06-26
20-jan-1990,1990-01-20
10 feb 2006,2006-02-10
"dated march 24 , 2022 .",2022-03-24
"the 22nd of december , 2021",2021-12-22
"thursday , december 13 , 2007",2007-12-13
oct 20 2030,2030-10-20
10-aug-2007,2007-08-10
6-aug-2024,2024-08-06
"monday , october 11 , 1993",1993-10-11
2004.10.06,2004-10-06
31 oct 2029,2029-10-31
21 oct 1998,1998-10-21
29-oct-2022,2022-10-29
received on 2 december 1992,1992-12-02
saturday the 6th of june 2020,2020-06-06
"the 21st of april , 1992",1992-04-21
monday the 18th of november 1996,1996-11-18
"on april the 26th , 2018",2018-04-26
13/8/2001,2001-08-13
"on may the 4th , 2010",2010-05-04
"wednesday , april 14 , 1993",1993-04-14
sunday the 10th of november 2024,2024-11-10
monday the 24th of june 2013,2013-06-24
11-sep-2016,2016-09-11
1998.04.19,1998-04-19
mar 13 2021,2021-03-13
"the 31st of july , 2007",2007-07-31
19 apr 2001,2001-04-19
"dated june 6 , 1990 .",1990-06-06
2/2/2009,2009-02-02
2/3/1991,1991-03-02
"dated september 18 , 2004 .",2004-09-18
"dated april 2 , 1993 .",1993-04-02
"sunday , november 1 , 1992",1992-11-01
2023.09.17,2023-09-17
"dated february 19 , 2028 .",2028-02-19
"tuesday , may 23 , 2006",2006-05-23
"saturday , october 20 , 2001",2001-10-20
31/10/1991,1991-10-31
sep 27 2027,2027-09-27
feb 15 2030,2030-02-15
"may. 22, 2007",2007-05-22
saturday the 30th of january 1993,1993-01-30
"monday , november 6 , 2023",2023-11-06
"sunday , september 9 , 1990",1990-09-09
"dated october 12 , 2000 .",2000-10-12
"on february the 25th , 2029",2029-02-25
18-apr-1991,1991-04-18
25 jun 2001,2001-06-25
friday the 10th of october 2014,2014-10-10
7 may 2018,2018-05-07
22-jan-1991,1991-01-22
6 jun 2008,2008-06-06
25-sep-2020,2020-09-25
"jul. 31, 1990",1990-07-31
2012.10.17,2012-10-17
1999.12.04,1999-12-04
2026.07.12,2026-07-12
26 dec 2025,2025-12-26
2015.07.06,2015-07-06
"dated october 3 , 2029 .",2029-10-03
"tuesday , march 16 , 2021",2021-03-16
"the 9th of june , 2002",2002-06-09
"the 1st of march , 2024",2024-03-01
"the 22nd of august , 1997",1997-08-22
25-apr-2020,2020-04-25
"wednesday , april 27 , 2011",2011-04-27
1992.10.04,1992-10-04
"sunday , january 26 , 2003",2003-01-26
"on december the 19th , 1992",1992-12-19
"the 22nd of november , 2001",2001-11-22
jul 10 2006,2006-07-10
2001.04.03,2001-04-03
2013.10.04,2013-10-04
3/4/2018,2018-04-03
received on 11 july 2012,2012-07-11
received on 23 september 2002,2002-09-23
"thursday , january 19 , 2012",2012-01-19
5/8/2017,2017-08-05
1 mar 2023,2023-03-01
jan 27 2001,2001-01-27
"saturday , december 8 , 1990",1990-12-08
"the 9th of august , 2024",2024-08-09
"on november the 20th , 2005",2005-11-20
saturday the 23rd of november 2024,2024-11-23
28/10/2030,2030-10-28
25-dec-2004,2004-12-25
"dated february 4 , 2002 .",2002-02-04
received on 3 march 2012,2012-03-03
"on march the 19th , 2008",2008-03-19
"friday , october 27 , 2023",2023-10-27
"on december the 27th , 2012",2012-12-27
"dated september 26 , 2008 .",2008-09-26
received on 2 april 2030,2030-04-02
"wednesday , april 28 , 1999",1999-04-28
14/3/2023,2023-03-14
"the 13th of july , 2018",2018-07-13
11/3/2028,2028-03-11
"dated february 1 , 2005 .",2005-02-01
friday the 19th of april 2030,2030-04-19
9/7/2006,2006-07-09
received on 20 august 1997,1997-08-20
"on august the 29th , 1990",1990-08-29
2030.11.06,2030-11-06
sunday the 20th of march 2022,2022-03-20
"the 22nd of may , 2009",2009-05-22
"may. 8, 2029",2029-05-08
"dated february 16 , 1996 .",1996-02-16
received on 18 december 2015,2015-12-18
jun 17 2017,2017-06-17
"sunday , november 24 , 1996",1996-11-24
"friday , january 20 , 1995",1995-01-20
27 jan 2029,2029-01-27
received on 3 february 1998,1998-02-03
"on december the 21st , 2018",2018-12-21
received on 14 september 1999,1999-09-14
"dated july 4 , 2017 .",2017-07-04
26/6/2009,2009-06-26
26-nov-2030,2030-11-26
friday the 7th of february 2025,2025-02-07
dec 2 1999,1999-12-02
saturday the 15th of july 2000,2000-07-15
jun 22 2002,2002-06-22
nov 29 2010,2010-11-29
received on 2 february 2027,2027-02-02
18/10/2022,2022-10-18
16 aug 2005,2005-08-16
"the 7th of march , 1993",1993-03-07
"jun. 20, 2013",2013-06-20
1-may-2013,2013-05-01
"on august the 9th , 2023",2023-08-09
24 may 2005,2005-05-24
26/6/1999,1999-06-26
"may. 19, 1995",1995-05-19
"the 5th of may , 1995",1995-05-05
12 sep 2024,2024-09-12
"the 29th of february , 2008",2008-02-29
received on 3 march 1998,1998-03-03
received on 2 june 1999,1999-06-02
2016.01.18,2016-01-18
16/12/1994,1994-12-16
"sep. 15, 2008",2008-09-15
received on 25 august 2017,2017-08-25
wednesday the 6th of june 2012,2012-06-06
"jun. 4, 2001",2001-06-04
received on 26 june 2002,2002-06-26
"dated december 30 , 2006 .",2006-12-30
26 feb 2001,2001-02-26
"the 17th of april , 2015",2015-04-17
"oct. 6, 2002",2002-10-06
"on october the 14th , 2013",2013-10-14
17 feb 2012,2012-02-17
2008.05.26,2008-05-26
sep 22 1998,1998-09-22
"on may the 25th , 2021",2021-05-25
"the 19th of june , 2012",2012-06-19
received on 4 january 1992,1992-01-04
friday the 31st of october 2008,2008-10-31
1/6/2029,2029-06-01
"dated march 19 , 2016 .",2016-03-19
10 oct 2028,2028-10-10
"saturday , february 26 , 2005",2005-02-26
saturday the 11th of july 2026,2026-07-11
"the 1st of february , 1995",1995-02-01
15/6/2006,2006-06-15
2010.04.12,2010-04-12
received on 11 december 2023,2023-12-11
nov 29 2029,2029-11-29
1999.10.10,1999-10-10
2/11/1992,1992-11-02
received on 29 september 2001,2001-09-29
"monday , january 19 , 2004",2004-01-19
17/2/2006,2006-02-17
received on 23 june 2013,2013-06-23
may 26 2027,2027-05-26
11/2/2017,2017-02-11
"dated july 13 , 2021 .",2021-07-13
2022.06.05,2022-06-05
16 mar 1990,1990-03-16
saturday the 22nd of march 2008,2008-03-22
"saturday , november 30 , 2030",2030-11-30
"dated december 30 , 1992 .",1992-12-30
dec 30 2005,2005-12-30
5-dec-2026,2026-12-05
wednesday the 20th of march 2002,2002-03-20
30 nov 2012,2012-11-30
9 may 2029,2029-05-09
friday the 25th of december 1992,1992-12-25
"jul. 2, 2028",2028-07-02
"dated january 27 , 1991 .",1991-01-27
6 jan 2020,2020-01-06
"the 17th of march , 2016",2016-03-17
received on 28 december 2029,2029-12-28
"wednesday , february 28 , 2001",2001-02-28
16/11/1991,1991-11-16
"on october the 12th , 2005",2005-10-12
12-dec-1998,1998-12-12
"monday , september 13 , 1999",1999-09-13
8 aug 1997,1997-08-08
14 aug 1999,1999-08-14
31 jan 2026,2026-01-31
"the 28th of september , 1997",1997-09-28
11-sep-2003,2003-09-11
8 jan 2022,2022-01-08
1991.01.07,1991-01-07
3-mar-1998,1998-03-03
31 mar 2028,2028-03-31
2027.10.01,2027-10-01
received on 27 august 2030,2030-08-27
dec 24 1992,1992-12-24
"dated june 25 , 1990 .",1990-06-25
"dated september 17 , 2029 .",2029-09-17
dec 29 2000,2000-12-29
"the 16th of april , 2024",2024-04-16
received on 16 march 2011,2011-03-16
"dated november 23 , 2009 .",2009-11-23
"wednesday , april 8 , 2020",2020-04-08
received on 24 january 2021,2021-01-24
"on april the 12th , 1992",1992-04-12
received on 27 july 1992,1992-07-27
received on 19 january 2006,2006-01-19
"the 4th of august , 2016",2016-08-04
"on may the 29th , 1992",1992-05-29
21-jul-2003,2003-07-21
26-jun-2017,2017-06-26
"feb. 12, 2002",2002-02-12
saturday the 1st of june 2002,2002-06-01
"friday , september 19 , 2008",2008-09-19
2027.12.02,2027-12-02
"on october the 14th , 1990",1990-10-14
"on january the 23rd , 1996",1996-01-23
2005.08.18,2005-08-18
"the 26th of november , 2002",2002-11-26
"the 2nd of september , 2027",2027-09-02
"wednesday , january 13 , 2027",2027-01-13
"aug. 28, 2020",2020-08-28
"thursday , december 4 , 2008",2008-12-04
"wednesday , december 10 , 2008",2008-12-10
saturday the 19th of october 2013,2013-10-19
14 feb 1994,1994-02-14
2006.04.23,2006-04-23
received on 28 february 2013,2013-02-28
18 dec 2024,2024-12-18
20 sep 1990,1990-09-20
18 aug 2005,2005-08-18
31 aug 1995,1995-08-31
received on 5 january 2002,2002-01-05
received on 30 may 2011,2011-05-30
"tuesday , april 24 , 2007",2007-04-24
4/10/2011,2011-10-04
"dated may 18 , 2017 .",2017-05-18
"on may the 14th , 2013",2013-05-14
"on march the 10th , 2021",2021-03-10
"feb. 3, 2003",2003-02-03
jan 21 1995,1995-01-21
"dated december 25 , 1991 .",1991-12-25
jul 5 2009,2009-07-05
1994.01.29,1994-01-29
28/4/1998,1998-04-28
"thursday , april 6 , 2006",2006-04-06
monday the 17th of september 2012,2012-09-17
"dated july 12 , 2022 .",2022-07-12
17 jul 2030,2030-07-17
"sunday , may 16 , 1993",1993-05-16
received on 5 september 2014,2014-09-05
may 20 2007,2007-05-20
"the 1st of may , 1997",1997-05-01
"friday , january 16 , 2026",2026-01-16
22/12/1996,1996-12-22
may 11 2008,2008-05-11
27-nov-2003,2003-11-27
1990.12.13,1990-12-13
"jan. 3, 2017",2017-01-03
4/11/1998,1998-11-04
1991.04.27,1991-04-27
11-apr-1996,1996-04-11
"dated august 21 , 2024 .",2024-08-21
"tuesday , march 26 , 2019",2019-03-26
"jul. 3, 2015",2015-07-03
2027.02.26,2027-02-26
thursday the 17th of march 1994,1994-03-17
8-apr-2030,2030-04-08
received on 20 august 1994,1994-08-20
2030.01.14,2030-01-14
1994.04.11,1994-04-11
21/5/2009,2009-05-21
"friday , december 28 , 2012",2012-12-28
"wednesday , february 28 , 2007",2007-02-28
26 apr 2001,2001-04-26
"dated november 30 , 2025 .",2025-11-30
sep 30 1997,1997-09-30
"wednesday , march 30 , 1994",1994-03-30
"the 19th of november , 2003",2003-11-19
"monday , july 22 , 2030",2030-07-22
"jul. 14, 1990",1990-07-14
"sunday , august 22 , 1999",1999-08-22
aug 30 1997,1997-08-30
"dated june 11 , 2026 .",2026-06-11
"may. 1, 1995",1995-05-01
"on november the 23rd , 2029",2029-11-23
25 jan 2007,2007-01-25
7/4/2007,2007-04-07
2012.03.25,2012-03-25
"the 23rd of september , 2022",2022-09-23
18/1/1996,1996-01-18
"dated july 12 , 2006 .",2006-07-12
1996.06.03,1996-06-03
8/12/2029,2029-12-08
jan 24 2002,2002-01-24
"on september the 14th , 2017",2017-09-14
"jul. 1, 2024",2024-07-01
16/12/2023,2023-12-16
2001.08.26,2001-08-26
"the 9th of april , 1990",1990-04-09
received on 6 june 1995,1995-06-06
22-aug-2023,2023-08-22
"on june the 28th , 1997",1997-06-28
may 13 2006,2006-05-13
"dated december 22 , 2014 .",2014-12-22
"dated january 9 , 2029 .",2029-01-09
20-aug-2002,2002-08-20
1994.06.04,1994-06-04
6-nov-2022,2022-11-06
received on 28 april 1990,1990-04-28
received on 6 march 2012,2012-03-06
received on 6 september 2025,2025-09-06
16 may 2025,2025-05-16
"on december the 29th , 2013",2013-12-29
12/1/2029,2029-01-12
26 feb 2019,2019-02-26
jun 7 1990,1990-06-07
"on august the 8th , 2001",2001-08-08
received on 6 october 2019,2019-10-06
"nov. 8, 2025",2025-11-08
1 may 2004,2004-05-01
"on march the 28th , 2024",2024-03-28
22-dec-1991,1991-12-22
"on june the 3rd , 2014",2014-06-03
saturday the 7th of september 2013,2013-09-07
received on 29 march 2000,2000-03-29
"on november the 15th , 2020",2020-11-15
21 jul 2026,2026-07-21
received on 4 june 2003,2003-06-04
apr 25 1998,1998-04-25
26/10/2003,2003-10-26
6-dec-2027,2027-12-06
mar 27 2003,2003-03-27
23/10/2028,2028-10-23
"aug. 13, 1999",1999-08-13
"dated october 26 , 1992 .",1992-10-26
"the 7th of july , 2029",2029-07-07
"on october the 29th , 1995",1995-10-29
22-apr-1999,1999-04-22
"dated april 11 , 2021 .",2021-04-11
20 apr 2024,2024-04-20
"sunday , october 10 , 2004",2004-10-10
"tuesday , august 17 , 2027",2027-08-17
"oct. 6, 2003",2003-10-06
"dated december 24 , 1997 .",1997-12-24
22-jun-2008,2008-06-22
"the 15th of october , 1994",1994-10-15
"thursday , september 9 , 1993",1993-09-09
"nov. 29, 2029",2029-11-29
"monday , september 2 , 2002",2002-09-02
nov 16 2019,2019-11-16
"apr. 12, 2023",2023-04-12
"on february the 13th , 2019",2019-02-13
1991.10.08,1991-10-08
"the 12th of march , 2007",2007-03-12
2020.01.09,2020-01-09
23-feb-2002,2002-02-23
"dec. 14, 2008",2008-12-14
25 jun 2018,2018-06-25
"wednesday , february 24 , 1993",1993-02-24
received on 7 september 2003,2003-09-07
received on 21 september 2008,2008-09-21
received on 29 january 1999,1999-01-29
23/6/2016,2016-06-23
2019.04.02,2019-04-02
2012.12.12,2012-12-12
"the 1st of august , 2018",2018-08-01
received on 10 may 1995,1995-05-10
2012.05.06,2012-05-06
28 sep 2012,2012-09-28
23 may 2002,2002-05-23
"on august the 4th , 2016",2016-08-04
received on 23 november 2001,2001-11-23
21/4/2017,2017-04-21
"dated august 19 , 2025 .",2025-08-19
saturday the 25th of november 2017,2017-11-25
16-apr-2016,2016-04-16
25/4/2011,2011-04-25
"wednesday , august 12 , 2015",2015-08-12
"on august the 30th , 2000",2000-08-30
"the 29th of december , 1994",1994-12-29
"on december the 30th , 2019",2019-12-30
"dated june 20 , 2000 .",2000-06-20
8/2/2017,2017-02-08
"the 10th of october , 2028",2028-10-10
"dated september 9 , 2020 .",2020-09-09
sunday the 3rd of january 1993,1993-01-03
"monday , august 13 , 2018",2018-08-13
"jul. 27, 2016",2016-07-27
"dated february 27 , 2021 .",2021-02-27
"jun. 24, 2006",2006-06-24
6 sep 2004,2004-09-06
tuesday the 17th of july 2001,2001-07-17
"dated october 1 , 1991 .",1991-10-01
received on 8 september 1996,1996-09-08
"dated july 28 , 2018 .",2018-07-28
28-sep-1996,1996-09-28
"mar. 28, 1991",1991-03-28
29/1/2013,2013-01-29
"feb. 15, 2013",2013-02-15
"on december the 21st , 2006",2006-12-21
"the 8th of february , 2023",2023-02-08
"on december the 31st , 2003",2003-12-31
"dated december 6 , 2010 .",2010-12-06
2008.07.25,2008-07-25
jan 7 2017,2017-01-07
"feb. 24, 2012",2012-02-24
"on march the 8th , 1997",1997-03-08
"jul. 11, 1994",1994-07-11
"may. 24, 2029",2029-05-24
8 may 2025,2025-05-08
28 mar 2021,2021-03-28
"tuesday , november 5 , 2002",2002-11-05
"dated march 7 , 2004 .",2004-03-07
15-nov-1993,1993-11-15
monday the 21st of february 2022,2022-02-21
9/7/2027,2027-07-09
"on may the 20th , 2018",2018-05-20
31-jan-1996,1996-01-31
27 feb 2029,2029-02-27
"dated may 27 , 2020 .",2020-05-27
"on april the 15th , 1995",1995-04-15
24 jun 2009,2009-06-24
19/11/2030,2030-11-19
"on may the 30th , 2029",2029-05-30
2028.02.17,2028-02-17
2/8/1990,1990-08-02
received on 13 april 2009,2009-04-13
15/1/2026,2026-01-15
tuesday the 6th of august 2002,2002-08-06
2005.03.27,2005-03-27
11/9/2027,2027-09-11
friday the 2nd of january 1998,1998-01-02
15-oct-2014,2014-10-15
17 sep 2013,2013-09-17
received on 27 march 2022,2022-03-27
7 aug 2003,2003-08-07
"on january the 15th , 1995",1995-01-15
tuesday the 5th of may 1998,1998-05-05
"dated november 1 , 2028 .",2028-11-01
25 dec 2022,2022-12-25
received on 19 january 2002,2002-01-19
oct 26 2010,2010-10-26
19/3/1990,1990-03-19
"dated may 12 , 2016 .",2016-05-12
21/9/2015,2015-09-21
"thursday , november 20 , 2025",2025-11-20
"on february the 28th , 2012",2012-02-28
received on 24 july 2013,2013-07-24
received on 9 july 2017,2017-07-09
received on 9 june 2005,2005-06-09
received on 16 may 1993,1993-05-16
received on 25 october 2004,2004-10-25
tuesday the 14th of november 1995,1995-11-14
"dated august 15 , 2009 .",2009-08-15
may 10 2010,2010-05-10
"saturday , june 9 , 2001",2001-06-09
nov 11 2023,2023-11-11
aug 22 2002,2002-08-22
sep 23 2026,2026-09-23
10 sep 2030,2030-09-10
"dated october 10 , 2015 .",2015-10-10
"dated september 9 , 2007 .",2007-09-09
16 feb 2015,2015-02-16
received on 7 may 1994,1994-05-07
"saturday , november 24 , 2007",2007-11-24
25-mar-2017,2017-03-25
"aug. 6, 2011",2011-08-06
27 jun 2020,2020-06-27
27 sep 2008,2008-09-27
9 aug 2018,2018-08-09
"aug. 27, 2006",2006-08-27
16/7/2028,2028-07-16
31-oct-1991,1991-10-31
dec 23 2002,2002-12-23
7/8/2000,2000-08-07
feb 4 2027,2027-02-04
"on december the 27th , 2011",2011-12-27
18 mar 2026,2026-03-18
2 sep 2020,2020-09-02
"mar. 4, 2021",2021-03-04
"the 24th of november , 2008",2008-11-24
"dated september 1 , 2030 .",2030-09-01
"monday , june 2 , 2008",2008-06-02
1 aug 1997,1997-08-01
20 sep 2025,2025-09-20
28/7/2007,2007-07-28
"the 9th of august , 2027",2027-08-09
"on april the 27th , 2022",2022-04-27
"on september the 17th , 1991",1991-09-17
20-sep-2014,2014-09-20
"on july the 11th , 2015",2015-07-11
"on may the 20th , 2022",2022-05-20
friday the 28th of january 2011,2011-01-28
"saturday , june 28 , 1997",1997-06-28
24-jul-2004,2004-07-24
"thursday , june 28 , 2007",2007-06-28
29 dec 2003,2003-12-29
tuesday the 20th of january 2015,2015-01-20
"on december the 7th , 1997",1997-12-07
26 apr 2011,2011-04-26
13 may 2014,2014-05-13
received on 16 april 1990,1990-04-16
2000.09.26,2000-09-26
"sep. 25, 1998",1998-09-25
sunday the 21st of december 2025,2025-12-21
6 jun 1998,1998-06-06
nov 20 2023,2023-11-20
27-jul-1999,1999-07-27
"dated january 3 , 2014 .",2014-01-03
15/4/2024,2024-04-15
11 apr 1994,1994-04-11
20 may 2024,2024-05-20
"sunday , january 24 , 2010",2010-01-24
"jan. 16, 2012",2012-01-16
"nov. 15, 2009",2009-11-15
"dated april 17 , 2016 .",2016-04-17
15/12/2028,2028-12-15
"the 17th of august , 1999",1999-08-17
"mar. 23, 2026",2026-03-23
16 may 1990,1990-05-16
"on march the 27th , 2018",2018-03-27
10 aug 1990,1990-08-10
"dated october 18 , 2021 .",2021-10-18
"sunday , december 10 , 2006",2006-12-10
2019.07.14,2019-07-14
"sep. 9, 2023",2023-09-09
"oct. 2, 1991",1991-10-02
2010.04.26,2010-04-26
received on 27 july 1992,1992-07-27
"feb. 22, 2004",2004-02-22
7-jun-2011,2011-06-07
"dated april 14 , 1993 .",1993-04-14
7 oct 2030,2030-10-07
1 sep 1999,1999-09-01
12-nov-2001,2001-11-12
"feb. 21, 2028",2028-02-21
"sunday , october 20 , 2024",2024-10-20
received on 3 november 2016,2016-11-03
"nov. 18, 2003",2003-11-18
9/10/1999,1999-10-09
20-oct-2015,2015-10-20
2014.04.30,2014-04-30
"wednesday , may 27 , 2026",2026-05-27
2012.12.21,2012-12-21
18/11/2014,2014-11-18
1994.06.22,1994-06-22
"dated april 15 , 2007 .",2007-04-15
received on 22 november 2002,2002-11-22
10-aug-2006,2006-08-10
oct 22 2002,2002-10-22
"dated october 15 , 2016 .",2016-10-15
jan 8 1991,1991-01-08
5 oct 2001,2001-10-05
31 dec 1997,1997-12-31
2005.01.19,2005-01-19
"dated march 9 , 2011 .",2011-03-09
1990.08.28,1990-08-28
"the 19th of january , 2029",2029-01-19
11-nov-2012,2012-11-11
13 oct 2014,2014-10-13
received on 19 february 2027,2027-02-19
"the 26th of november , 1993",1993-11-26
2-jul-1995,1995-07-02
"dated february 13 , 2006 .",2006-02-13
"jun. 14, 2020",2020-06-14
received on 12 july 2030,2030-07-12
may 27 2008,2008-05-27
2027.09.25,2027-09-25
27-feb-1997,1997-02-27
2028.11.27,2028-11-27
10/11/2028,2028-11-10
2002.01.04,2002-01-04
"dated july 20 , 2019 .",2019-07-20
received on 24 january 2019,2019-01-24
"dated november 4 , 2004 .",2004-11-04
14 apr 2028,2028-04-14
jun 27 1995,1995-06-27
26-oct-2002,2002-10-26
13/4/1992,1992-04-13
"dated february 21 , 2000 .",2000-02-21
thursday the 17th of july 2025,2025-07-17
jul 25 2018,2018-07-25
tuesday the 30th of december 2008,2008-12-30
2025.08.06,2025-08-06
"dated april 23 , 2010 .",2010-04-23
22/1/1991,1991-01-22
"nov. 18, 2007",2007-11-18
2024.10.03,2024-10-03
3/12/2013,2013-12-03
"dated january 12 , 2004 .",2004-01-12
2016.03.25,2016-03-25
4-nov-2015,2015-11-04
28/10/2006,2006-10-28
29-nov-2021,2021-11-29
"feb. 26, 2010",2010-02-26
"sunday , july 9 , 2028",2028-07-09
feb 5 2002,2002-02-05
received on 10 december 2025,2025-12-10
"monday , july 13 , 2009",2009-07-13
received on 11 february 2029,2029-02-11
"the 24th of november , 2013",2013-11-24
1-oct-2016,2016-10-01
friday the 3rd of february 2017,2017-02-03
"on march the 6th , 2008",2008-03-06
received on 12 june 1996,1996-06-12
friday the 29th of september 2017,2017-09-29
26 jan 2006,2006-01-26
2026.12.20,2026-12-20
"monday , january 19 , 2015",2015-01-19
received on 1 may 2012,2012-05-01
nov 16 1994,1994-11-16
sunday the 18th of july 1993,1993-07-18
received on 23 may 2004,2004-05-23
21-may-2027,2027-05-21
"on january the 2nd , 2030",2030-01-02
"on january the 4th , 2024",2024-01-04
received on 24 june 2009,2009-06-24
12 aug 2000,2000-08-12
"saturday , october 29 , 2016",2016-10-29
"on july the 2nd , 1999",1999-07-02
"dated september 10 , 2009 .",2009-09-10
7 apr 1992,1992-04-07
"feb. 22, 2023",2023-02-22
25 oct 2029,2029-10-25
2013.03.31,2013-03-31
saturday the 25th of august 2001,2001-08-25
received on 22 february 2001,2001-02-22
"monday , june 21 , 2010",2010-06-21
"on february the 10th , 1999",1999-02-10
"the 2nd of november , 1993",1993-11-02
"on october the 23rd , 1996",1996-10-23
"dated march 7 , 2028 .",2028-03-07
"friday , january 20 , 1995",1995-01-20
"dated may 22 , 2029 .",2029-05-22
friday the 13th of april 2029,2029-04-13
"saturday , july 18 , 2015",2015-07-18
11 feb 2029,2029-02-11
"oct. 8, 2027",2027-10-08
"on december the 14th , 2013",2013-12-14
23/11/1998,1998-11-23
5-jan-2003,2003-01-05
oct 29 1995,1995-10-29
"on march the 1st , 2030",2030-03-01
"tuesday , august 21 , 2001",2001-08-21
"jan. 1, 2010",2010-01-01
6 apr 2001,2001-04-06
1997.09.24,1997-09-24
"on april the 24th , 2002",2002-04-24
received on 17 august 2004,2004-08-17
"on april the 30th , 2021",2021-04-30
16-nov-2002,2002-11-16
2029.04.04,2029-04-04
1991.04.04,1991-04-04
"the 10th of june , 2027",2027-06-10
jan 13 2024,2024-01-13
5/2/2017,2017-02-05
20-apr-1991,1991-04-20
2005.08.11,2005-08-11
"the 30th of december , 2022",2022-12-30
"the 26th of april , 2007",2007-04-26
apr 14 2005,2005-04-14
oct 24 2005,2005-10-24
"may. 28, 1996",1996-05-28
nov 9 2011,2011-11-09
sunday the 16th of may 2027,2027-05-16
"dated may 21 , 2018 .",2018-05-21
2021.11.12,2021-11-12
17 aug 2012,2012-08-17
received on 8 january 2007,2007-01-08
4-oct-2005,2005-10-04
"the 6th of october , 1995",1995-10-06
jan 6 2005,2005-01-06
"thursday , november 21 , 1996",1996-11-21
"wednesday , december 3 , 2003",2003-12-03
14/1/1999,1999-01-14
received on 25 january 1999,1999-01-25
"jul. 30, 2006",2006-07-30
20-may-1999,1999-05-20
2027.07.06,2027-07-06
23/5/2019,2019-05-23
"feb. 15, 1993",1993-02-15
11-feb-2030,2030-02-11
19/4/1999,1999-04-19
"the 14th of december , 1996",1996-12-14
17-dec-2019,2019-12-17
"tuesday , june 6 , 2017",2017-06-06
"the 28th of september , 2010",2010-09-28
24 jul 2019,2019-07-24
1996.12.09,1996-12-09
"on december the 9th , 1999",1999-12-09
wednesday the 4th of september 2019,2019-09-04
2019.09.16,2019-09-16
23/11/1997,1997-11-23
"jan. 27, 2030",2030-01-27
22 mar 2006,2006-03-22
"the 27th of august , 2026",2026-08-27
2008.07.31,2008-07-31
"the 24th of june , 1994",1994-06-24
12 feb 1994,1994-02-12
received on 21 october 1993,1993-10-21
jul 28 2027,2027-07-28
"dated october 20 , 1990 .",1990-10-20
2-dec-2010,2010-12-02
friday the 27th of march 2020,2020-03-27
1993.06.05,1993-06-05
2006.11.30,2006-11-30
"the 5th of july , 2012",2012-07-05
"wednesday , september 4 , 1996",1996-09-04
"dated january 22 , 1992 .",1992-01-22
jul 24 1999,1999-07-24
received on 10 march 1996,1996-03-10
"on december the 15th , 2022",2022-12-15
"dated october 25 , 2002 .",2002-10-25
thursday the 14th of may 2020,2020-05-14
"jul. 8, 1990",1990-07-08
received on 11 february 2027,2027-02-11
wednesday the 19th of june 2002,2002-06-19
15/8/2007,2007-08-15
"the 6th of october , 2013",2013-10-06
2012.12.07,2012-12-07
"on november the 19th , 1990",1990-11-19
"dated october 15 , 2021 .",2021-10-15
"saturday , march 21 , 2009",2009-03-21
"the 17th of january , 1994",1994-01-17
1 feb 2013,2013-02-01
28 feb 2024,2024-02-28
1-feb-2028,2028-02-01
"mar. 19, 1997",1997-03-19
received on 21 october 2029,2029-10-21
"oct. 30, 2023",2023-10-30
1/4/1992,1992-04-01
13-sep-2027,2027-09-13
sunday the 14th of september 1997,1997-09-14
received on 17 may 1991,1991-05-17
26 sep 2019,2019-09-26
26-jun-2013,2013-06-26
jul 5 2011,2011-07-05
14 nov 2009,2009-11-14
"on december the 16th , 2016",2016-12-16
9 feb 1992,1992-02-09
"on january the 11th , 2011",2011-01-11
received on 15 august 2016,2016-08-15
15/2/1996,1996-02-15
"the 13th of march , 2029",2029-03-13
22/12/2005,2005-12-22
"friday , march 4 , 2011",2011-03-04
"jul. 21, 1993",1993-07-21
11 aug 2014,2014-08-11
received on 19 november 2020,2020-11-19
"on august the 18th , 2028",2028-08-18
"the 7th of november , 1991",1991-11-07
2014.09.04,2014-09-04
"apr. 5, 1992",1992-04-05
"the 23rd of august , 1994",1994-08-23
10/6/1998,1998-06-10
oct 31 2025,2025-10-31
"dated march 18 , 1998 .",1998-03-18
15-jan-2019,2019-01-15
1-sep-2003,2003-09-01
"apr. 6, 1995",1995-04-06
received on 19 august 1991,1991-08-19
sep 11 1991,1991-09-11
received on 12 june 1993,1993-06-12
"nov. 5, 2006",2006-11-05
"jan. 3, 2026",2026-01-03
"the 8th of march , 2012",2012-03-08
5-dec-2014,2014-12-05
feb 5 2026,2026-02-05
"friday , july 5 , 1996",1996-07-05
"the 11th of october , 2015",2015-10-11
tuesday the 28th of december 2004,2004-12-28
"on july the 25th , 2020",2020-07-25
2000.02.22,2000-02-22
16/12/2006,2006-12-16
2024.11.11,2024-11-11
22/5/2020,2020-05-22
friday the 11th of april 2003,2003-04-11
"dated august 17 , 2024 .",2024-08-17
received on 23 october 2012,2012-10-23
"on october the 1st , 2027",2027-10-01
"dated april 22 , 2023 .",2023-04-22
feb 10 2020,2020-02-10
nov 5 1993,1993-11-05
"the 25th of december , 2016",2016-12-25
apr 8 2021,2021-04-08
10 jan 2008,2008-01-10
19 feb 1992,1992-02-19
"sunday , june 2 , 2024",2024-06-02
"the 26th of march , 1999",1999-03-26
2006.05.16,2006-05-16
2010.12.27,2010-12-27
2002.03.24,2002-03-24
10/11/2025,2025-11-10
2/11/1997,1997-11-02
8-jan-2024,2024-01-08
1993.02.13,1993-02-13
nov 22 2017,2017-11-22
26/3/2020,2020-03-26
"the 10th of december , 2000",2000-12-10
31 dec 2016,2016-12-31
mar 24 2003,2003-03-24
9-nov-2011,2011-11-09
"the 27th of august , 2012",2012-08-27
"dated september 28 , 1990 .",1990-09-28
received on 29 october 2021,2021-10-29
14 mar 2006,2006-03-14
2010.12.05,2010-12-05
15/11/2009,2009-11-15
nov 21 2001,2001-11-21
"the 16th of december , 2011",2011-12-16
27 dec 2010,2010-12-27
"sep. 25, 2018",2018-09-25
received on 21 march 2001,2001-03-21
"nov. 1, 2021",2021-11-01
11-jan-2018,2018-01-11
4 feb 2012,2012-02-04
1/11/2027,2027-11-01
"dated december 18 , 2006 .",2006-12-18
"jan. 1, 2009",2009-01-01
"dated november 11 , 1991 .",1991-11-11
24/7/2011,2011-07-24
16 jun 2010,2010-06-16
"dated may 23 , 2005 .",2005-05-23
sunday the 8th of august 1999,1999-08-08
"on april the 21st , 1997",1997-04-21
7 jun 2004,2004-06-07
2021.05.21,2021-05-21
friday the 17th of october 2008,2008-10-17
"on january the 13th , 2025",2025-01-13
12/11/1995,1995-11-12
30/9/2014,2014-09-30
"on january the 28th , 1995",1995-01-28
12 aug 2017,2017-08-12
"dated january 17 , 2018 .",2018-01-17
19-jun-2015,2015-06-19
17/7/1994,1994-07-17
1996.02.25,1996-02-25
17 nov 2000,2000-11-17
"on june the 18th , 2010",2010-06-18
"dated april 18 , 1991 .",1991-04-18
2024.02.12,2024-02-12
"on november the 24th , 2028",2028-11-24
"dated august 17 , 2008 .",2008-08-17
apr 9 2024,2024-04-09
"on may the 8th , 2027",2027-05-08
dec 31 2011,2011-12-31
18/6/2006,2006-06-18
"the 24th of may , 2005",2005-05-24
monday the 23rd of january 2006,2006-01-23
dec 8 1996,1996-12-08
12/2/2022,2022-02-12
received on 20 may 1994,1994-05-20
saturday the 21st of january 2017,2017-01-21
"monday , march 4 , 2024",2024-03-04
"dated september 22 , 1990 .",1990-09-22
received on 10 september 2024,2024-09-10
6 jan 1996,1996-01-06
wednesday the 22nd of september 1999,1999-09-22
"dated march 1 , 2030 .",2030-03-01
"on december the 21st , 1990",1990-12-21
14-aug-2010,2010-08-14
"on march the 12th , 2026",2026-03-12
"dated september 25 , 2016 .",2016-09-25
"dated october 3 , 2028 .",2028-10-03
received on 27 august 1995,1995-08-27
"tuesday , october 28 , 2003",2003-10-28
tuesday the 11th of january 2011,2011-01-11
28/1/2013,2013-01-28
31 jul 2030,2030-07-31
1993.03.03,1993-03-03
2026.12.16,2026-12-16
14-oct-2025,2025-10-14
28/9/1998,1998-09-28
2021.11.28,2021-11-28
"dated june 15 , 2001 .",2001-06-15
wednesday the 25th of august 2010,2010-08-25
received on 7 september 2006,2006-09-07
"on august the 24th , 1995",1995-08-24
dec 9 2015,2015-12-09
1-dec-2026,2026-12-01
29-aug-1996,1996-08-29
received on 18 september 2008,2008-09-18
"the 23rd of february , 2002",2002-02-23
31/12/1993,1993-12-31
received on 16 may 2028,2028-05-16
"dated january 6 , 2006 .",2006-01-06
26 jul 2029,2029-07-26
2007.12.07,2007-12-07
"dec. 27, 2004",2004-12-27
31/3/1995,1995-03-31
"sunday , march 4 , 2029",2029-03-04
tuesday the 24th of september 1996,1996-09-24
"the 10th of august , 1998",1998-08-10
9/2/2024,2024-02-09
"the 22nd of march , 2020",2020-03-22
"on may the 16th , 2002",2002-05-16
16-nov-1999,1999-11-16
sunday the 23rd of february 1997,1997-02-23
"friday , april 19 , 1991",1991-04-19
feb 7 1993,1993-02-07
"sep. 25, 2002",2002-09-25
"feb. 4, 2016",2016-02-04
8/10/1998,1998-10-08
"feb. 22, 1997",1997-02-22
1-aug-2003,2003-08-01
thursday the 18th of april 2019,2019-04-18
6/1/2024,2024-01-06
received on 26 may 2012,2012-05-26
2002.04.03,2002-04-03
26/4/1992,1992-04-26
20 aug 1999,1999-08-20
wednesday the 18th of february 2015,2015-02-18
24 jun 2016,2016-06-24
11/10/1994,1994-10-11
14 sep 2002,2002-09-14
feb 20 1993,1993-02-20
"dated january 18 , 2005 .",2005-01-18
29-nov-1995,1995-11-29
6 jun 2008,2008-06-06
"dated january 12 , 2016 .",2016-01-12
"dated february 25 , 2001 .",2001-02-25
30 jan 2025,2025-01-30
14 apr 2008,2008-04-14
"tuesday , december 14 , 2010",2010-12-14
5 oct 2026,2026-10-05
thursday the 22nd of august 1991,1991-08-22
26-dec-2016,2016-12-26
"dated may 20 , 1998 .",1998-05-20
received on 13 june 2030,2030-06-13
1990.05.13,1990-05-13
received on 6 march 2010,2010-03-06
received on 29 september 2011,2011-09-29
"sunday , august 12 , 2001",2001-08-12
may 29 1997,1997-05-29
thursday the 11th of july 1991,1991-07-11
1993.05.30,1993-05-30
2017.07.11,2017-07-11
received on 14 october 2004,2004-10-14
mar 28 2011,2011-03-28
"the 12th of june , 1992",1992-06-12
may 26 2015,2015-05-26
1997.05.07,1997-05-07
2028.10.31,2028-10-31
20/5/2022,2022-05-20
26/5/2015,2015-05-26
7/7/2026,2026-07-07
8-apr-2000,2000-04-08
5 may 1998,1998-05-05
"dated december 18 , 1995 .",1995-12-18
"dated february 3 , 2011 .",2011-02-03
received on 12 september 2009,2009-09-12
9 oct 2027,2027-10-09
aug 16 1994,1994-08-16
"on january the 6th , 1999",1999-01-06
oct 20 2013,2013-10-20
thursday the 28th of january 1993,1993-01-28
"dated september 27 , 2028 .",2028-09-27
18/11/2006,2006-11-18
received on 15 november 2003,2003-11-15
"feb. 15, 2024",2024-02-15
received on 9 april 1999,1999-04-09
feb 18 2019,2019-02-18
"the 16th of may , 2009",2009-05-16
6 may 1995,1995-05-06
"may. 1, 2011",2011-05-01
thursday the 29th of april 2027,2027-04-29
"dated april 8 , 2030 .",2030-04-08
"on december the 15th , 1995",1995-12-15
2014.11.12,2014-11-12
"the 28th of july , 2021",2021-07-28
28-oct-2006,2006-10-28
"the 5th of july , 2005",2005-07-05
"wednesday , march 4 , 1992",1992-03-04
"apr. 1, 2018",2018-04-01
received on 6 march 2008,2008-03-06
"friday , january 5 , 2024",2024-01-05
2018.04.21,2018-04-21
received on 27 september 1992,1992-09-27
5/11/1996,1996-11-05
received on 19 october 2026,2026-10-19
jun 9 1995,1995-06-09
"thursday , october 24 , 2024",2024-10-24
"the 9th of june , 1990",1990-06-09
2022.04.20,2022-04-20
"jul. 11, 1997",1997-07-11
5 may 2005,2005-05-05
"the 3rd of november , 2006",2006-11-03
"dated july 21 , 2028 .",2028-07-21
received on 6 october 2010,2010-10-06
received on 4 november 2028,2028-11-04
"dated december 23 , 2017 .",2017-12-23
"saturday , june 1 , 1991",1991-06-01
"dated april 27 , 2025 .",2025-04-27
friday the 30th of december 2022,2022-12-30
10 jul 2029,2029-07-10
1995.07.10,1995-07-10
jul 31 2026,2026-07-31
"dec. 10, 2012",2012-12-10
"on february the 21st , 2022",2022-02-21
"the 17th of september , 1991",1991-09-17
14-oct-2016,2016-10-14
"sep. 17, 2016",2016-09-17
13 jul 2024,2024-07-13
aug 17 2015,2015-08-17
dec 11 2019,2019-12-11
2018.03.04,2018-03-04
"may. 21, 2030",2030-05-21
"jan. 2, 1998",1998-01-02
jul 24 2004,2004-07-24
"friday , april 26 , 1991",1991-04-26
13 mar 1992,1992-03-13
"on january the 24th , 1999",1999-01-24
"on september the 27th , 2020",2020-09-27
7/4/2026,2026-04-07
"wednesday , may 7 , 2003",2003-05-07
wednesday the 25th of august 1999,1999-08-25
"on september the 6th , 2022",2022-09-06
"on march the 13th , 2023",2023-03-13
"dated april 4 , 1997 .",1997-04-04
"apr. 11, 1992",1992-04-11
4-jul-2028,2028-07-04
monday the 14th of october 2002,2002-10-14
apr 15 2012,2012-04-15
22 nov 1990,1990-11-22
23 sep 2020,2020-09-23
2025.10.08,2025-10-08
"the 23rd of august , 2005",2005-08-23
23 sep 1992,1992-09-23
"the 15th of february , 2006",2006-02-15
"dated october 17 , 2019 .",2019-10-17
7 dec 1990,1990-12-07
"on october the 7th , 2000",2000-10-07
"the 1st of october , 2024",2024-10-01
"dated january 16 , 2009 .",2009-01-16
"the 14th of october , 1998",1998-10-14
2022.04.01,2022-04-01
"the 22nd of may , 2001",2001-05-22
27-jul-2000,2000-07-27
"dated march 2 , 2011 .",2011-03-02
"may. 3, 2005",2005-05-03
"dated january 28 , 2017 .",2017-01-28
"wednesday , june 2 , 2021",2021-06-02
29/7/2020,2020-07-29
16 oct 1993,1993-10-16
received on 28 december 2011,2011-12-28
"the 24th of april , 2026",2026-04-24
11-dec-2012,2012-12-11
jun 20 2027,2027-06-20
saturday the 14th of july 2001,2001-07-14
"thursday , july 14 , 2011",2011-07-14
jul 3 1990,1990-07-03
received on 7 january 1997,1997-01-07
received on 13 december 2000,2000-12-13
received on 30 june 1991,1991-06-30
"aug. 19, 2016",2016-08-19
26 dec 2003,2003-12-26
wednesday the 14th of december 1994,1994-12-14
"dated march 30 , 2002 .",2002-03-30
2018.10.04,2018-10-04
"on april the 5th , 2009",2009-04-05
21/6/2000,2000-06-21
4 apr 2000,2000-04-04
received on 21 july 1992,1992-07-21
jun 8 1995,1995-06-08
received on 20 september 1993,1993-09-20
received on 23 august 2013,2013-08-23
"the 25th of april , 2024",2024-04-25
friday the 2nd of march 2001,2001-03-02
"dated april 7 , 2015 .",2015-04-07
dec 14 2019,2019-12-14
"thursday , march 7 , 1996",1996-03-07
24 apr 2030,2030-04-24
"on july the 27th , 1990",1990-07-27
sunday the 23rd of october 2005,2005-10-23
30-oct-2028,2028-10-30
"saturday , may 30 , 2015",2015-05-30
2017.10.31,2017-10-31
20-dec-1997,1997-12-20
received on 12 april 2016,2016-04-12
"the 7th of february , 2025",2025-02-07
25/4/2010,2010-04-25
22-sep-2000,2000-09-22
sunday the 25th of november 2001,2001-11-25
18 may 2015,2015-05-18
2024.01.24,2024-01-24
"tuesday , january 7 , 1997",1997-01-07
sep 5 2011,2011-09-05
tuesday the 2nd of april 2019,2019-04-02
18 jun 2027,2027-06-18
18-may-1992,1992-05-18
"on february the 14th , 2001",2001-02-14
"the 22nd of december , 1997",1997-12-22
wednesday the 21st of february 2007,2007-02-21
"the 25th of march , 1998",1998-03-25
sep 8 2027,2027-09-08
21/7/1998,1998-07-21
"on june the 9th , 2023",2023-06-09
16 feb 2029,2029-02-16
28-mar-2009,2009-03-28
"on february the 2nd , 2018",2018-02-02
12/10/2030,2030-10-12
"dated january 30 , 2004 .",2004-01-30
"jul. 15, 2001",2001-07-15
"on february the 5th , 2010",2010-02-05
dec 15 2017,2017-12-15
1995.05.18,1995-05-18
5-jul-1997,1997-07-05
17/3/2007,2007-03-17
3 jun 1999,1999-06-03
received on 28 february 2008,2008-02-28
5/4/2014,2014-04-05
2000.07.12,2000-07-12
22/10/2030,2030-10-22
13 apr 2007,2007-04-13
"sunday , may 23 , 2027",2027-05-23
saturday the 12th of april 2014,2014-04-12
6-jan-2011,2011-01-06
dec 5 1990,1990-12-05
2021.09.15,2021-09-15
2019.08.24,2019-08-24
received on 4 august 2009,2009-08-04
10/12/2020,2020-12-10
mar 31 1994,1994-03-31
6/8/2018,2018-08-06
"nov. 23, 2020",2020-11-23
"apr. 8, 1993",1993-04-08
"jan. 6, 2027",2027-01-06
12/3/1991,1991-03-12
thursday the 22nd of august 1996,1996-08-22
1997.10.13,1997-10-13
"apr. 11, 2001",2001-04-11
"wednesday , june 10 , 1992",1992-06-10
wednesday the 22nd of august 2012,2012-08-22
"the 4th of april , 2001",2001-04-04
may 1 2003,2003-05-01
1991.06.21,1991-06-21
"dated august 1 , 2009 .",2009-08-01
10 dec 2009,2009-12-10
nov 13 2016,2016-11-13
"dated december 6 , 2010 .",2010-12-06
thursday the 25th of february 2016,2016-02-25
sep 15 1990,1990-09-15
"on august the 3rd , 2023",2023-08-03
"monday , october 4 , 1999",1999-10-04
2023.10.26,2023-10-26
7/12/2017,2017-12-07
thursday the 22nd of september 2016,2016-09-22
"feb. 14, 1995",1995-02-14
received on 30 march 2029,2029-03-30
nov 9 1991,1991-11-09
"the 16th of march , 1995",1995-03-16
"dated august 21 , 2019 .",2019-08-21
8 oct 2029,2029-10-08
"dated august 12 , 2027 .",2027-08-12
feb 6 2014,2014-02-06
mar 19 2030,2030-03-19
8 mar 2024,2024-03-08
"apr. 19, 2003",2003-04-19
oct 8 2021,2021-10-08
2-oct-2006,2006-10-02
"on september the 27th , 2030",2030-09-27
sep 20 2014,2014-09-20
received on 4 december 2022,2022-12-04
20 jul 2016,2016-07-20
oct 23 1996,1996-10-23
4/6/1995,1995-06-04
1/1/1993,1993-01-01
5 apr 2022,2022-04-05
"the 27th of march , 2008",2008-03-27
"the 7th of october , 2014",2014-10-07
sunday the 12th of september 2004,2004-09-12
"dated december 5 , 2004 .",2004-12-05
sunday the 5th of april 2020,2020-04-05
6 dec 2000,2000-12-06
"mar. 21, 2010",2010-03-21
14/10/2005,2005-10-14
9/11/2010,2010-11-09
wednesday the 20th of november 2013,2013-11-20
"dated october 17 , 1996 .",1996-10-17
"the 28th of october , 2027",2027-10-28
10 oct 2026,2026-10-10
"on june the 11th , 1994",1994-06-11
23-jul-2026,2026-07-23
friday the 13th of march 2015,2015-03-13
28-jul-1997,1997-07-28
"jul. 10, 2027",2027-07-10
6/8/2010,2010-08-06
"sunday , march 3 , 2024",2024-03-03
"the 9th of august , 2029",2029-08-09
received on 19 july 2017,2017-07-19
30 oct 2000,2000-10-30
"jan. 29, 2013",2013-01-29
"on october the 1st , 2013",2013-10-01
received on 10 october 1997,1997-10-10
received on 10 june 2018,2018-06-10
received on 11 march 2007,2007-03-11
nov 9 1996,1996-11-09
may 18 2024,2024-05-18
12/8/2001,2001-08-12
tuesday the 6th of march 2012,2012-03-06
7-nov-2001,2001-11-07
"feb. 6, 2005",2005-02-06
14-aug-1992,1992-08-14
"jul. 4, 1993",1993-07-04
thursday the 26th of february 2015,2015-02-26
received on 30 june 2010,2010-06-30
"mar. 6, 2017",2017-03-06
sunday the 17th of december 2023,2023-12-17
28-jan-2022,2022-01-28
2-may-1997,1997-05-02
2 nov 2010,2010-11-02
4 dec 2012,2012-12-04
mar 22 2015,2015-03-22
received on 16 september 2020,2020-09-16
"apr. 1, 1993",1993-04-01
"may. 12, 2001",2001-05-12
27/8/1994,1994-08-27
"dated january 24 , 1990 .",1990-01-24
15 may 2014,2014-05-15
"on february the 1st , 2016",2016-02-01
"the 16th of september , 2013",2013-09-16
received on 26 december 2030,2030-12-26
2025.10.16,2025-10-16
mar 23 2030,2030-03-23
1/1/1990,1990-01-01
15-nov-2023,2023-11-15
2003.01.26,2003-01-26
26/9/2022,2022-09-26
saturday the 22nd of september 1990,1990-09-22
"feb. 17, 1999",1999-02-17
2027.06.11,2027-06-11
28-sep-1996,1996-09-28
"mar. 6, 1993",1993-03-06
"dated june 10 , 1996 .",1996-06-10
17-may-2004,2004-05-17
"on december the 28th , 2003",2003-12-28
received on 14 may 2012,2012-05-14
"on may the 30th , 2018",2018-05-30
11/11/1994,1994-11-11
"dated june 22 , 2010 .",2010-06-22
1999.04.10,1999-04-10
11/9/2028,2028-09-11
"may. 21, 2000",2000-05-21
28 jun 2003,2003-06-28
sunday the 10th of august 2014,2014-08-10
14/3/2010,2010-03-14
26-apr-2017,2017-04-26
31 mar 1998,1998-03-31
5/3/2005,2005-03-05
4 dec 1993,1993-12-04
"the 4th of march , 2003",2003-03-04
"may. 25, 2030",2030-05-25
"on february the 29th , 2020",2020-02-29
sep 11 2015,2015-09-11
saturday the 3rd of september 1994,1994-09-03
"tuesday , may 29 , 2018",2018-05-29
feb 6 2024,2024-02-06
"the 29th of september , 2029",2029-09-29
"dated january 15 , 2024 .",2024-01-15
15-feb-2024,2024-02-15
10/6/2019,2019-06-10
"thursday , october 18 , 2001",2001-10-18
received on 25 december 1999,1999-12-25
jan 20 1999,1999-01-20
14/10/1993,1993-10-14
"on august the 1st , 1992",1992-08-01
nov 6 2027,2027-11-06
thursday the 11th of march 2004,2004-03-11
2004.02.23,2004-02-23
2012.05.23,2012-05-23
2013.09.06,2013-09-06
2 may 2007,2007-05-02
"on august the 11th , 2021",2021-08-11
"on january the 9th , 1991",1991-01-09
"the 15th of august , 2015",2015-08-15
"dated july 22 , 2029 .",2029-07-22
received on 8 august 2011,2011-08-08
20 apr 2001,2001-04-20
"wednesday , february 3 , 2010",2010-02-03
thursday the 29th of july 2004,2004-07-29
31/12/2013,2013-12-31
"wednesday , july 20 , 1994",1994-07-20
2027.10.09,2027-10-09
"dated august 31 , 2014 .",2014-08-31
16-jan-2027,2027-01-16
1/6/2027,2027-06-01
"feb. 25, 1991",1991-02-25
sunday the 18th of march 2029,2029-03-18
"on may the 7th , 2004",2004-05-07
21/8/2016,2016-08-21
2024.04.18,2024-04-18
"dec. 1, 2030",2030-12-01
26-jul-2018,2018-07-26
aug 16 2013,2013-08-16
"aug. 17, 2005",2005-08-17
"apr. 12, 2024",2024-04-12
21 dec 1995,1995-12-21
12-nov-2000,2000-11-12
"aug. 18, 1992",1992-08-18
2010.05.04,2010-05-04
15/6/2000,2000-06-15
19 nov 2028,2028-11-19
11 mar 2005,2005-03-11
"thursday , june 5 , 2003",2003-06-05
9 may 2001,2001-05-09
1992.02.15,1992-02-15
"saturday , july 13 , 2024",2024-07-13
"tuesday , march 14 , 2006",2006-03-14
18-jan-1993,1993-01-18
wednesday the 18th of august 1993,1993-08-18
received on 22 january 2029,2029-01-22
apr 21 2022,2022-04-21
21-sep-2012,2012-09-21
13-may-2028,2028-05-13
"on july the 5th , 2028",2028-07-05
received on 10 september 1993,1993-09-10
oct 7 2008,2008-10-07
"sunday , february 2 , 2003",2003-02-02
wednesday the 12th of may 1999,1999-05-12
received on 24 january 1996,1996-01-24
27 jul 1995,1995-07-27
16 jul 2024,2024-07-16
"on may the 11th , 1993",1993-05-11
21-aug-2027,2027-08-21
6/8/2009,2009-08-06
"the 21st of december , 1992",1992-12-21
thursday the 23rd of june 2005,2005-06-23
20/2/2013,2013-02-20
15-aug-1992,1992-08-15
13/4/2030,2030-04-13
2001.09.15,2001-09-15
"the 29th of november , 1995",1995-11-29
14-jan-2006,2006-01-14
"the 5th of may , 2006",2006-05-05
received on 4 october 2020,2020-10-04
saturday the 24th of august 2019,2019-08-24
"aug. 8, 1993",1993-08-08
2013.07.08,2013-07-08
"saturday , december 15 , 2007",2007-12-15
"friday , october 2 , 2009",2009-10-02
"on june the 19th , 2010",2010-06-19
18-sep-2007,2007-09-18
received on 6 december 2002,2002-12-06
"dated september 3 , 2012 .",2012-09-03
"on march the 18th , 2022",2022-03-18
"wednesday , may 30 , 1990",1990-05-30
"the 29th of january , 2000",2000-01-29
"the 25th of may , 2023",2023-05-25
received on 3 april 2012,2012-04-03
2002.07.06,2002-07-06
may 29 2000,2000-05-29
aug 8 2008,2008-08-08
"on december the 19th , 2026",2026-12-19
"on november the 10th , 2011",2011-11-10
"the 24th of december , 1993",1993-12-24
may 22 1997,1997-05-22
9 dec 2004,2004-12-09
"on november the 18th , 1997",1997-11-18
2011.06.13,2011-06-13
mar 7 1998,1998-03-07
"dated february 26 , 2005 .",2005-02-26
"sunday , december 31 , 2006",2006-12-31
wednesday the 3rd of february 2010,2010-02-03
"the 25th of january , 2022",2022-01-25
received on 17 may 2026,2026-05-17
3 mar 2015,2015-03-03
4/4/2001,2001-04-04
23-feb-2009,2009-02-23
2013.09.05,2013-09-05
18 oct 2030,2030-10-18
"sep. 26, 2019",2019-09-26
received on 22 march 2012,2012-03-22
"thursday , june 22 , 2028",2028-06-22
sunday the 26th of january 2003,2003-01-26
"friday , april 23 , 2004",2004-04-23
18/8/2026,2026-08-18
27 may 2020,2020-05-27
received on 26 may 2014,2014-05-26
4 nov 2024,2024-11-04
"on december the 10th , 2025",2025-12-10
1/2/2003,2003-02-01
thursday the 28th of march 2019,2019-03-28
29/12/1999,1999-12-29
jan 5 1994,1994-01-05
mar 26 1999,1999-03-26
thursday the 29th of march 2007,2007-03-29
25-nov-1996,1996-11-25
11 sep 2009,2009-09-11
"dated june 30 , 1991 .",1991-06-30
1994.02.12,1994-02-12
apr 20 1998,1998-04-20
received on 2 february 2020,2020-02-02
"dated may 24 , 1994 .",1994-05-24
2007.07.23,2007-07-23
27-dec-1999,1999-12-27
received on 26 october 2019,2019-10-26
"feb. 25, 1999",1999-02-25
"jan. 12, 2008",2008-01-12
"dated june 7 , 2029 .",2029-06-07
3 mar 2024,2024-03-03
"thursday , october 3 , 1991",1991-10-03
received on 25 december 2002,2002-12-25
"the 19th of may , 1995",1995-05-19
jan 11 1996,1996-01-11
received on 18 july 2019,2019-07-18
"nov. 17, 2009",2009-11-17
wednesday the 11th of september 2030,2030-09-11
"on may the 8th , 2027",2027-05-08
"dated december 5 , 2000 .",2000-12-05
"on november the 28th , 1993",1993-11-28
"on april the 18th , 2004",2004-04-18
"dated september 12 , 2024 .",2024-09-12
12/4/1996,1996-04-12
"sunday , february 15 , 2015",2015-02-15
"dated april 11 , 1999 .",1999-04-11
received on 11 december 1990,1990-12-11
"sep. 8, 2030",2030-09-08
"the 30th of march , 1995",1995-03-30
30/9/2004,2004-09-30
"on november the 30th , 1990",1990-11-30
received on 11 november 2020,2020-11-11
13/7/2001,2001-07-13
"wednesday , september 23 , 2020",2020-09-23
received on 28 february 2027,2027-02-28
jul 5 2014,2014-07-05
10-sep-2014,2014-09-10
"the 3rd of april , 2027",2027-04-03
"the 14th of august , 2006",2006-08-14
"sunday , may 9 , 1999",1999-05-09
saturday the 22nd of june 2024,2024-06-22
tuesday the 13th of november 2007,2007-11-13
aug 28 1997,1997-08-28
"on march the 24th , 2010",2010-03-24
16/6/1991,1991-06-16
"aug. 31, 2028",2028-08-31
oct 7 2021,2021-10-07
jul 16 2018,2018-07-16
received on 28 july 2002,2002-07-28
received on 20 july 2015,2015-07-20
"wednesday , july 1 , 2009",2009-07-01
sunday the 19th of december 2027,2027-12-19
15 jul 2013,2013-07-15
7 feb 2007,2007-02-07
"jul. 22, 2001",2001-07-22
feb 4 2008,2008-02-04
received on 28 october 1995,1995-10-28
received on 29 december 2023,2023-12-29
"on may the 2nd , 2016",2016-05-02
1996.09.26,1996-09-26
"mar. 28, 2006",2006-03-28
1/7/2019,2019-07-01
27/5/2020,2020-05-27
16/1/2014,2014-01-16
"tuesday , july 20 , 2010",2010-07-20
friday the 19th of march 1999,1999-03-19
tuesday the 29th of january 2002,2002-01-29
received on 20 august 2001,2001-08-20
"on january the 5th , 2012",2012-01-05
"monday , july 22 , 2024",2024-07-22
12/2/1994,1994-02-12
"thursday , may 11 , 2017",2017-05-11
9 mar 1999,1999-03-09
"the 18th of august , 2005",2005-08-18
"saturday , march 24 , 2029",2029-03-24
"the 5th of march , 2016",2016-03-05
"mar. 19, 2019",2019-03-19
2022.03.31,2022-03-31
1995.06.18,1995-06-18
"the 2nd of february , 2014",2014-02-02
1990.03.17,1990-03-17
received on 4 october 1992,1992-10-04
25/2/2009,2009-02-25
13 may 2009,2009-05-13
"saturday , october 15 , 2022",2022-10-15
"the 1st of january , 2002",2002-01-01
received on 5 april 1999,1999-04-05
received on 20 february 2005,2005-02-20
"dated november 22 , 2013 .",2013-11-22
12/6/1995,1995-06-12
"on april the 4th , 2015",2015-04-04
saturday the 27th of april 2019,2019-04-27
mar 9 2013,2013-03-09
"dated february 15 , 1994 .",1994-02-15
received on 16 november 2025,2025-11-16
2/6/2001,2001-06-02
24-sep-2004,2004-09-24
"sunday , april 12 , 2026",2026-04-12
"wednesday , january 7 , 2009",2009-01-07
28 jan 2013,2013-01-28
4/9/2025,2025-09-04
received on 6 december 2001,2001-12-06
received on 9 january 2022,2022-01-09
1991.05.26,1991-05-26
"friday , september 28 , 2012",2012-09-28
"the 25th of december , 2025",2025-12-25
saturday the 25th of february 2012,2012-02-25
"apr. 11, 2022",2022-04-11
2025.10.26,2025-10-26
"on june the 12th , 2024",2024-06-12
5 may 1990,1990-05-05
sunday the 26th of august 2007,2007-08-26
2024.11.13,2024-11-13
"wednesday , july 23 , 2025",2025-07-23
2029.09.05,2029-09-05
"aug. 25, 2026",2026-08-25
wednesday the 10th of august 2011,2011-08-10
"on january the 9th , 2027",2027-01-09
2011.07.15,2011-07-15
28 may 2026,2026-05-28
received on 10 april 2023,2023-04-10
30 jul 2013,2013-07-30
5 may 2024,2024-05-05
"friday , may 18 , 1990",1990-05-18
received on 17 november 2010,2010-11-17
received on 9 october 1991,1991-10-09
"the 19th of march , 2002",2002-03-19
9 dec 2000,2000-12-09
jul 19 2025,2025-07-19
"on february the 17th , 1993",1993-02-17
"monday , may 1 , 2023",2023-05-01
"the 22nd of june , 2024",2024-06-22
19/3/2004,2004-03-19
"sunday , may 14 , 1995",1995-05-14
"the 3rd of september , 2015",2015-09-03
"the 11th of march , 2030",2030-03-11
"dec. 15, 2013",2013-12-15
friday the 28th of may 2004,2004-05-28
14/1/2000,2000-01-14
saturday the 24th of october 2020,2020-10-24
thursday the 8th of october 1992,1992-10-08
thursday the 2nd of march 2017,2017-03-02
received on 7 august 2026,2026-08-07
oct 30 2023,2023-10-30
8 jun 2021,2021-06-08
26 feb 2005,2005-02-26
"oct. 16, 2027",2027-10-16
received on 6 february 2024,2024-02-06
"dated june 6 , 2004 .",2004-06-06
"apr. 22, 1993",1993-04-22
nov 30 1998,1998-11-30
"feb. 12, 1990",1990-02-12
17-aug-2010,2010-08-17
"saturday , september 17 , 1994",1994-09-17
"on november the 20th , 2004",2004-11-20
2 may 2015,2015-05-02
"on november the 19th , 1996",1996-11-19
"the 1st of february , 2018",2018-02-01
22-dec-2014,2014-12-22
6/8/2007,2007-08-06
"on august the 6th , 1993",1993-08-06
22-oct-2018,2018-10-22
28-jan-2005,2005-01-28
"on october the 18th , 1991",1991-10-18
"the 4th of june , 2010",2010-06-04
"the 3rd of june , 2010",2010-06-03
"sunday , june 29 , 2008",2008-06-29
"dated december 3 , 2000 .",2000-12-03
"dated march 26 , 1992 .",1992-03-26
2010.06.07,2010-06-07
"on october the 23rd , 2022",2022-10-23
"dated february 2 , 2010 .",2010-02-02
nov 2 2028,2028-11-02
"dated june 5 , 2026 .",2026-06-05
apr 25 2000,2000-04-25
23/7/2018,2018-07-23
12/6/2025,2025-06-12
received on 24 december 2007,2007-12-24
"thursday , april 29 , 1999",1999-04-29
wednesday the 10th of march 1999,1999-03-10
jun 30 2007,2007-06-30
"dated march 12 , 2028 .",2028-03-12
"on december the 3rd , 2001",2001-12-03
"dated april 12 , 1997 .",1997-04-12
jul 18 2015,2015-07-18
"jul. 16, 2027",2027-07-16
"dated january 29 , 2011 .",2011-01-29
"on april the 26th , 2005",2005-04-26
17 feb 2014,2014-02-17
"mar. 23, 1991",1991-03-23
2021.12.29,2021-12-29
7-apr-2006,2006-04-07
"apr. 3, 2026",2026-04-03
"on june the 16th , 1995",1995-06-16
2010.01.14,2010-01-14
27/3/2014,2014-03-27
"dated june 11 , 2000 .",2000-06-11
received on 31 august 2002,2002-08-31
saturday the 1st of february 2020,2020-02-01
"on february the 21st , 2010",2010-02-21
"nov. 16, 1993",1993-11-16
15-oct-2003,2003-10-15
"sunday , september 11 , 2022",2022-09-11
received on 2 september 2020,2020-09-02
feb 10 2010,2010-02-10
received on 12 january 2008,2008-01-12
"dated may 24 , 2007 .",2007-05-24
"mar. 28, 2001",2001-03-28
2011.06.20,2011-06-20
2003.12.11,2003-12-11
"on january the 20th , 2012",2012-01-20
"sunday , january 6 , 2030",2030-01-06
"on november the 18th , 2030",2030-11-18
8/3/2019,2019-03-08
26-apr-2028,2028-04-26
may 12 2001,2001-05-12
18 jan 2017,2017-01-18
jan 5 2030,2030-01-05
"on october the 11th , 2008",2008-10-11
received on 19 august 2019,2019-08-19
"dated may 6 , 2002 .",2002-05-06
"oct. 13, 2018",2018-10-13
"the 8th of july , 1994",1994-07-08
thursday the 22nd of november 2007,2007-11-22
feb 21 1995,1995-02-21
13 sep 2004,2004-09-13
2021.05.26,2021-05-26
24-may-1996,1996-05-24
"dated may 31 , 1990 .",1990-05-31
2018.02.15,2018-02-15
oct 8 2014,2014-10-08
2028.12.13,2028-12-13
"sep. 29, 2000",2000-09-29
25/4/2024,2024-04-25
"the 5th of august , 2000",2000-08-05
10-jul-1999,1999-07-10
"dated january 6 , 2002 .",2002-01-06
received on 4 july 2015,2015-07-04
12/10/2012,2012-10-12
21/5/2014,2014-05-21
10-feb-1993,1993-02-10
"the 20th of november , 2008",2008-11-20
apr 20 2024,2024-04-20
2002.08.16,2002-08-16
21/6/2028,2028-06-21
"dated march 10 , 2016 .",2016-03-10
2018.11.05,2018-11-05
"wednesday , november 11 , 2009",2009-11-11
"the 27th of march , 2003",2003-03-27
"dated june 10 , 2006 .",2006-06-10
5/1/2022,2022-01-05
monday the 13th of july 1992,1992-07-13
"the 11th of november , 2002",2002-11-11
23-mar-2001,2001-03-23
11-may-2012,2012-05-11
22-sep-1993,1993-09-22
"the 23rd of october , 2009",2009-10-23
3-feb-2000,2000-02-03
"on june the 3rd , 2000",2000-06-03
received on 9 june 1994,1994-06-09
29-may-1993,1993-05-29
received on 13 august 2027,2027-08-13
"friday , january 18 , 2008",2008-01-18
"friday , october 5 , 2029",2029-10-05
jan 20 2004,2004-01-20
"the 1st of december , 2000",2000-12-01
8 jul 1998,1998-07-08
"on september the 5th , 2017",2017-09-05
"tuesday , august 7 , 2012",2012-08-07
wednesday the 15th of september 1993,1993-09-15
"wednesday , april 28 , 2010",2010-04-28
"the 8th of august , 2000",2000-08-08
"on february the 23rd , 2012",2012-02-23
"thursday , november 19 , 2020",2020-11-19
"friday , april 29 , 2011",2011-04-29
"the 30th of october , 2005",2005-10-30
"apr. 6, 2001",2001-04-06
tuesday the 27th of january 1998,1998-01-27
"the 30th of january , 1993",1993-01-30
monday the 6th of january 2020,2020-01-06
2004.03.03,2004-03-03
"dated may 12 , 1992 .",1992-05-12
feb 13 1991,1991-02-13
sunday the 1st of march 2026,2026-03-01
"tuesday , march 25 , 2003",2003-03-25
"apr. 27, 2024",2024-04-27
jul 7 1993,1993-07-07
friday the 26th of january 1996,1996-01-26
"the 18th of july , 1994",1994-07-18
10-oct-2000,2000-10-10
"the 8th of july , 2011",2011-07-08
30 aug 2000,2000-08-30
"dated november 27 , 2004 .",2004-11-27
"dated january 30 , 1990 .",1990-01-30
received on 29 november 2014,2014-11-29
"wednesday , december 24 , 1997",1997-12-24
6/6/2011,2011-06-06
18/9/2011,2011-09-18
31 dec 2024,2024-12-31
25/5/2025,2025-05-25
received on 11 september 2025,2025-09-11
2023.10.15,2023-10-15
2-feb-2030,2030-02-02
received on 23 january 2010,2010-01-23
31/1/2002,2002-01-31
"the 17th of august , 2004",2004-08-17
received on 20 august 2028,2028-08-20
sep 15 2007,2007-09-15
9 jul 2006,2006-07-09
23/10/1993,1993-10-23
"dec. 11, 2021",2021-12-11
7/4/2022,2022-04-07
4-jan-1994,1994-01-04
28/11/2019,2019-11-28
received on 11 june 2012,2012-06-11
"dec. 19, 2023",2023-12-19
12-nov-2022,2022-11-12
"on december the 11th , 1996",1996-12-11
"aug. 30, 1991",1991-08-30
"the 14th of january , 2021",2021-01-14
13 jul 1999,1999-07-13
sunday the 2nd of february 2025,2025-02-02
25 apr 2017,2017-04-25
7/3/1993,1993-03-07
saturday the 10th of november 2029,2029-11-10
"on july the 27th , 2030",2030-07-27
received on 15 september 2002,2002-09-15
"on february the 28th , 1997",1997-02-28
"the 22nd of september , 2009",2009-09-22
"on may the 12th , 2012",2012-05-12
received on 14 january 2002,2002-01-14
friday the 27th of june 2003,2003-06-27
monday the 15th of february 2010,2010-02-15
"the 12th of december , 1993",1993-12-12
"saturday , january 7 , 2017",2017-01-07
5-jun-2009,2009-06-05
1992.01.07,1992-01-07
26 jun 2000,2000-06-26
"mar. 10, 2020",2020-03-10
12-feb-2008,2008-02-12
2027.08.23,2027-08-23
received on 16 september 1993,1993-09-16
"apr. 15, 1997",1997-04-15
22/1/1995,1995-01-22
received on 10 january 2009,2009-01-10
"jul. 27, 2019",2019-07-27
dec 23 2001,2001-12-23
"the 16th of october , 2001",2001-10-16
30/7/2018,2018-07-30
25 mar 2027,2027-03-25
received on 26 november 1993,1993-11-26
"dated april 10 , 1990 .",1990-04-10
"tuesday , april 16 , 2024",2024-04-16
"on november the 15th , 2020",2020-11-15
"wednesday , november 3 , 2027",2027-11-03
"on july the 22nd , 2003",2003-07-22
2012.04.28,2012-04-28
received on 28 july 2003,2003-07-28
10/4/2011,2011-04-10
"the 20th of march , 1996",1996-03-20
"dated april 27 , 2026 .",2026-04-27
"may. 15, 2026",2026-05-15
"sep. 4, 2016",2016-09-04
2028.05.24,2028-05-24
jun 20 2004,2004-06-20
"the 27th of may , 2017",2017-05-27
"tuesday , december 18 , 2029",2029-12-18
"on march the 16th , 1998",1998-03-16
"dated may 1 , 2002 .",2002-05-01
received on 10 july 1993,1993-07-10
"the 8th of november , 2017",2017-11-08
2013.06.26,2013-06-26
"oct. 1, 2014",2014-10-01
11 may 2019,2019-05-11
"on july the 1st , 2030",2030-07-01
"aug. 22, 1997",1997-08-22
23/6/1995,1995-06-23
"tuesday , september 17 , 2013",2013-09-17
jul 26 2025,2025-07-26
"nov. 1, 1993",1993-11-01
3 may 2027,2027-05-03
"dated march 11 , 2028 .",2028-03-11
"on july the 30th , 2026",2026-07-30
7/12/2016,2016-12-07
28-mar-2011,2011-03-28
2000.04.05,2000-04-05
feb 7 2030,2030-02-07
nov 16 2023,2023-11-16
"thursday , december 22 , 1994",1994-12-22
"the 10th of february , 1990",1990-02-10
"jun. 1, 2019",2019-06-01
"dec. 20, 1999",1999-12-20
"on july the 15th , 2026",2026-07-15
28/1/2001,2001-01-28
sunday the 18th of september 2016,2016-09-18
2001.02.14,2001-02-14
sunday the 7th of july 1996,1996-07-07
2-oct-2030,2030-10-02
wednesday the 11th of april 2012,2012-04-11
"dated february 2 , 2020 .",2020-02-02
received on 21 december 2017,2017-12-21
"apr. 30, 2013",2013-04-30
"the 4th of october , 2009",2009-10-04
"may. 15, 2029",2029-05-15
4-feb-2023,2023-02-04
oct 26 1992,1992-10-26
28 feb 2023,2023-02-28
"on november the 19th , 2009",2009-11-19
"on april the 2nd , 2011",2011-04-02
friday the 26th of august 2022,2022-08-26
"jun. 4, 2027",2027-06-04
feb 21 2006,2006-02-21
"oct. 30, 1999",1999-10-30
"on may the 10th , 2028",2028-05-10
2018.01.22,2018-01-22
"on july the 21st , 2013",2013-07-21
"jun. 21, 2018",2018-06-21
"monday , october 15 , 1990",1990-10-15
"feb. 11, 2015",2015-02-11
thursday the 25th of october 2012,2012-10-25
2026.10.26,2026-10-26
received on 16 march 2018,2018-03-16
15/11/2023,2023-11-15
wednesday the 9th of august 2017,2017-08-09
received on 13 june 2008,2008-06-13
jun 17 2018,2018-06-17
27 jun 2030,2030-06-27
thursday the 30th of july 2020,2020-07-30
22-jan-2001,2001-01-22
22 may 2012,2012-05-22
tuesday the 17th of december 2002,2002-12-17
2013.01.28,2013-01-28
"the 17th of december , 2028",2028-12-17
16 apr 1996,1996-04-16
"friday , november 1 , 2024",2024-11-01
received on 11 february 1990,1990-02-11
saturday the 26th of february 2000,2000-02-26
2020.09.17,2020-09-17
9 may 1998,1998-05-09
monday the 29th of september 2025,2025-09-29
sep 29 2007,2007-09-29
tuesday the 14th of january 2025,2025-01-14
"the 20th of september , 1995",1995-09-20
received on 21 august 2002,2002-08-21
"saturday , november 3 , 2001",2001-11-03
"dated december 26 , 1997 .",1997-12-26
"the 20th of may , 2026",2026-05-20
"oct. 29, 2028",2028-10-29
"jun. 3, 2009",2009-06-03
"dated february 11 , 2023 .",2023-02-11
11/8/2027,2027-08-11
received on 29 june 2001,2001-06-29
18 aug 2001,2001-08-18
"may. 3, 2017",2017-05-03
23 feb 2021,2021-02-23
2014.10.31,2014-10-31
jun 20 1990,1990-06-20
10 jan 2001,2001-01-10
14 dec 2029,2029-12-14
12 sep 2005,2005-09-12
"sunday , may 24 , 1998",1998-05-24
"jun. 30, 2027",2027-06-30
"the 14th of april , 2020",2020-04-14
saturday the 24th of october 1992,1992-10-24
6/9/2028,2028-09-06
20-nov-2001,2001-11-20
received on 22 january 1993,1993-01-22
2019.02.23,2019-02-23
sunday the 15th of october 2028,2028-10-15
"dated july 15 , 2002 .",2002-07-15
14 aug 2030,2030-08-14
received on 25 may 2003,2003-05-25
"feb. 5, 1994",1994-02-05
"on november the 21st , 2021",2021-11-21
2024.02.18,2024-02-18
26 jul 2018,2018-07-26
18/11/2007,2007-11-18
1999.05.09,1999-05-09
"the 25th of february , 1997",1997-02-25
monday the 23rd of april 2007,2007-04-23
1999.09.03,1999-09-03
2029.10.18,2029-10-18
15/2/1992,1992-02-15
12 nov 2023,2023-11-12
"the 3rd of november , 2023",2023-11-03
"dated august 20 , 2030 .",2030-08-20
19-apr-2011,2011-04-19
dec 11 2014,2014-12-11
tuesday the 29th of june 2010,2010-06-29
1992.01.20,1992-01-20
"dated november 23 , 2000 .",2000-11-23
received on 14 november 2026,2026-11-14
"on june the 7th , 2007",2007-06-07
jan 17 2003,2003-01-17
17/6/2015,2015-06-17
8 jun 2030,2030-06-08
"oct. 25, 2013",2013-10-25
12/2/2005,2005-02-12
nov 4 2019,2019-11-04
"on september the 8th , 1994",1994-09-08
"on august the 24th , 1996",1996-08-24
5-jul-1992,1992-07-05
"may. 29, 2002",2002-05-29
2000.11.08,2000-11-08
jul 14 2022,2022-07-14
"on may the 22nd , 2006",2006-05-22
received on 12 september 1995,1995-09-12
"jun. 29, 2000",2000-06-29
"oct. 14, 2018",2018-10-14
2018.03.30,2018-03-30
"dated december 25 , 1997 .",1997-12-25
wednesday the 13th of september 2006,2006-09-13
4 apr 2024,2024-04-04
received on 30 october 2022,2022-10-30
"apr. 20, 2021",2021-04-20
"on march the 25th , 2011",2011-03-25
1992.10.16,1992-10-16
15/10/2023,2023-10-15
"on july the 26th , 2020",2020-07-26
17/7/1991,1991-07-17
received on 13 april 2027,2027-04-13
27 jun 2012,2012-06-27
"on november the 18th , 2020",2020-11-18
received on 16 february 1990,1990-02-16
"jan. 28, 2025",2025-01-28
jul 13 1998,1998-07-13
"saturday , february 11 , 2017",2017-02-11
15/8/2021,2021-08-15
5/6/2008,2008-06-05
6-jun-2006,2006-06-06
received on 19 november 2006,2006-11-19
21 nov 2026,2026-11-21
friday the 28th of april 2000,2000-04-28
8/10/2004,2004-10-08
"oct. 17, 1999",1999-10-17
11/9/2006,2006-09-11
"aug. 11, 2020",2020-08-11
2011.04.26,2011-04-26
received on 6 december 2025,2025-12-06
"dated december 6 , 2018 .",2018-12-06
apr 6 2008,2008-04-06
"the 12th of june , 2021",2021-06-12
"dated february 21 , 2010 .",2010-02-21
received on 5 october 1998,1998-10-05
"dec. 24, 1999",1999-12-24
nov 28 2025,2025-11-28
received on 3 october 1990,1990-10-03
"jul. 18, 2014",2014-07-18
"the 21st of april , 1994",1994-04-21
received on 25 march 2006,2006-03-25
"on december the 15th , 2024",2024-12-15
"dated may 12 , 2026 .",2026-05-12
"aug. 7, 2024",2024-08-07
thursday the 16th of august 2007,2007-08-16
dec 2 2029,2029-12-02
"tuesday , january 10 , 2012",2012-01-10
received on 11 august 2016,2016-08-11
"the 9th of may , 2010",2010-05-09
"dated may 21 , 1992 .",1992-05-21
"on july the 18th , 2028",2028-07-18
tuesday the 15th of march 2005,2005-03-15
26-jun-2027,2027-06-26
dec 29 2007,2007-12-29
11 aug 1992,1992-08-11
"jul. 21, 2016",2016-07-21
received on 8 november 2023,2023-11-08
"friday , october 23 , 1992",1992-10-23
"monday , september 16 , 2019",2019-09-16
2028.08.11,2028-08-11
"saturday , august 6 , 2011",2011-08-06
2005.07.12,2005-07-12
friday the 29th of december 2017,2017-12-29
"on september the 9th , 1994",1994-09-09
"monday , july 20 , 2026",2026-07-20
"friday , april 12 , 1991",1991-04-12
4-jan-2013,2013-01-04
"monday , may 5 , 1997",1997-05-05
"jun. 10, 2009",2009-06-10
dec 22 2026,2026-12-22
jul 4 2027,2027-07-04
received on 18 april 2027,2027-04-18
30/11/2008,2008-11-30
received on 11 august 2001,2001-08-11
3/6/2023,2023-06-03
5-nov-2005,2005-11-05
tuesday the 4th of july 2028,2028-07-04
"the 16th of march , 2002",2002-03-16
sunday the 11th of january 2026,2026-01-11
27 aug 2028,2028-08-27
24-may-2025,2025-05-24
"on february the 7th , 2022",2022-02-07
"dated may 30 , 1998 .",1998-05-30
11/4/2002,2002-04-11
3/3/2000,2000-03-03
"dated november 29 , 2011 .",2011-11-29
2001.06.05,2001-06-05
2024.12.15,2024-12-15
"wednesday , october 7 , 2026",2026-10-07
1990.05.19,1990-05-19
2022.10.06,2022-10-06
nov 4 2016,2016-11-04
friday the 21st of october 1994,1994-10-21
"apr. 7, 2020",2020-04-07
23-sep-2008,2008-09-23
"sunday , november 28 , 1999",1999-11-28
"aug. 9, 2013",2013-08-09
"sunday , november 25 , 2001",2001-11-25
"tuesday , april 6 , 2004",2004-04-06
"friday , june 9 , 2017",2017-06-09
received on 16 march 1998,1998-03-16
9-aug-1990,1990-08-09
12/3/1998,1998-03-12
30-may-2030,2030-05-30
7/11/1995,1995-11-07
"on march the 20th , 2002",2002-03-20
"tuesday , november 26 , 2002",2002-11-26
"thursday , september 26 , 1996",1996-09-26
"the 2nd of november , 2000",2000-11-02
1994.10.17,1994-10-17
may 1 2026,2026-05-01
3-nov-2019,2019-11-03
"friday , october 11 , 2019",2019-10-11
jun 19 1998,1998-06-19
"jul. 5, 2008",2008-07-05
16-oct-2018,2018-10-16
"on september the 22nd , 1997",1997-09-22
received on 22 april 2024,2024-04-22
"the 23rd of november , 2008",2008-11-23
25 apr 2008,2008-04-25
jul 21 2014,2014-07-21
received on 21 december 2002,2002-12-21
"on january the 28th , 2005",2005-01-28
2 nov 2003,2003-11-02
5-jun-2007,2007-06-05
dec 3 1991,1991-12-03
2004.08.20,2004-08-20
5/4/2004,2004-04-05
"apr. 27, 2025",2025-04-27
29 aug 2001,2001-08-29
2 feb 1998,1998-02-02
29/3/2015,2015-03-29
"on november the 17th , 2004",2004-11-17
"sep. 9, 2022",2022-09-09
11 may 1993,1993-05-11
saturday the 1st of november 2025,2025-11-01
6-aug-1994,1994-08-06
received on 30 may 2002,2002-05-30
saturday the 8th of may 1999,1999-05-08
received on 19 july 2012,2012-07-19
received on 3 june 2010,2010-06-03
19 nov 2011,2011-11-19
"wednesday , august 4 , 2010",2010-08-04
"wednesday , september 13 , 2017",2017-09-13
received on 4 may 2008,2008-05-04
15/9/2030,2030-09-15
received on 17 november 2019,2019-11-17
"may. 27, 2011",2011-05-27
"on may the 27th , 2015",2015-05-27
"on november the 6th , 2005",2005-11-06
2023.11.24,2023-11-24
2019.04.23,2019-04-23
"dated march 18 , 2020 .",2020-03-18
"monday , december 14 , 2009",2009-12-14
6 dec 2030,2030-12-06
11-oct-2006,2006-10-11
"dated august 5 , 2030 .",2030-08-05
"dated april 14 , 2011 .",2011-04-14
"the 14th of july , 1999",1999-07-14
"sep. 26, 1994",1994-09-26
"dated january 25 , 2003 .",2003-01-25
12/12/2009,2009-12-12
jun 18 1991,1991-06-18
11/12/2026,2026-12-11
"sep. 4, 2013",2013-09-04
apr 26 2024,2024-04-26
1 aug 2006,2006-08-01
"the 28th of april , 1999",1999-04-28
12-jun-2013,2013-06-12
"dated april 11 , 2018 .",2018-04-11
"monday , february 17 , 2020",2020-02-17
21 sep 1999,1999-09-21
"the 16th of july , 2000",2000-07-16
wednesday the 1st of october 2014,2014-10-01
received on 1 march 2002,2002-03-01
thursday the 29th of june 2000,2000-06-29
jan 24 2023,2023-01-24
"the 25th of june , 2022",2022-06-25
sunday the 29th of november 1998,1998-11-29
feb 26 2012,2012-02-26
tuesday the 8th of july 2014,2014-07-08
11/8/2024,2024-08-11
27/12/1990,1990-12-27
19 jun 1996,1996-06-19
"the 17th of october , 1996",1996-10-17
thursday the 12th of september 1996,1996-09-12
"apr. 22, 2007",2007-04-22
"saturday , march 26 , 2016",2016-03-26
28 oct 2009,2009-10-28
"the 26th of may , 1992",1992-05-26
received on 19 september 2013,2013-09-19
12 nov 2014,2014-11-12
20-may-2005,2005-05-20
11 apr 2027,2027-04-11
12 oct 2016,2016-10-12
feb 19 2010,2010-02-19
"saturday , march 6 , 2027",2027-03-06
2025.12.25,2025-12-25
sunday the 27th of november 1994,1994-11-27
"saturday , july 27 , 1996",1996-07-27
"saturday , june 15 , 2019",2019-06-15
2/12/1997,1997-12-02
2001.07.20,2001-07-20
25-sep-2012,2012-09-25
"dated may 11 , 1997 .",1997-05-11
1 may 2029,2029-05-01
21-feb-2008,2008-02-21
"the 13th of february , 2012",2012-02-13
18 oct 2006,2006-10-18
2018.03.19,2018-03-19
"on april the 15th , 1991",1991-04-15
friday the 12th of december 2003,2003-12-12
"feb. 18, 2016",2016-02-18
aug 21 2025,2025-08-21
thursday the 31st of march 2011,2011-03-31
"the 7th of october , 2019",2019-10-07
2012.08.29,2012-08-29
"the 21st of august , 2020",2020-08-21
"thursday , june 17 , 1999",1999-06-17
thursday the 19th of october 2006,2006-10-19
"on august the 11th , 2029",2029-08-11
"monday , july 30 , 2001",2001-07-30
1994.06.15,1994-06-15
received on 15 september 2029,2029-09-15
"the 13th of september , 2006",2006-09-13
received on 1 june 1994,1994-06-01
"on may the 17th , 1994",1994-05-17
"friday , april 19 , 1996",1996-04-19
"tuesday , december 29 , 1998",1998-12-29
"the 14th of september , 2000",2000-09-14
"the 28th of february , 2015",2015-02-28
thursday the 2nd of september 2004,2004-09-02
apr 21 1990,1990-04-21
"on march the 16th , 2025",2025-03-16
"the 29th of june , 2021",2021-06-29
"jun. 22, 1998",1998-06-22
received on 7 october 1995,1995-10-07
jul 29 2029,2029-07-29
wednesday the 6th of november 2019,2019-11-06
sep 22 2023,2023-09-22
received on 20 december 2014,2014-12-20
received on 16 august 2009,2009-08-16
"on april the 22nd , 1996",1996-04-22
30-sep-2022,2022-09-30
"on november the 4th , 1991",1991-11-04
2005.02.08,2005-02-08
2007.03.13,2007-03-13
"the 7th of october , 1997",1997-10-07
13 aug 2000,2000-08-13
"on february the 9th , 2028",2028-02-09
"the 9th of april , 2002",2002-04-09
"the 12th of november , 2019",2019-11-12
"sunday , may 28 , 2028",2028-05-28
"on november the 12th , 2023",2023-11-12
1994.06.11,1994-06-11
7 nov 2024,2024-11-07
"the 10th of june , 2021",2021-06-10
sunday the 9th of may 2010,2010-05-09
"tuesday , june 23 , 2015",2015-06-23
2005.06.11,2005-06-11
29 jun 2017,2017-06-29
tuesday the 25th of august 2009,2009-08-25
"wednesday , july 4 , 2012",2012-07-04
1997.09.07,1997-09-07
"dated february 9 , 2019 .",2019-02-09
"dated march 31 , 2001 .",2001-03-31
received on 5 july 2016,2016-07-05
2003.01.24,2003-01-24
"tuesday , november 5 , 1991",1991-11-05
1-dec-2019,2019-12-01
"friday , november 4 , 2022",2022-11-04
nov 7 2001,2001-11-07
jan 12 2001,2001-01-12
saturday the 2nd of march 2030,2030-03-02
2003.07.31,2003-07-31
28-feb-2011,2011-02-28
"on october the 6th , 1998",1998-10-06
oct 22 2011,2011-10-22
1994.09.06,1994-09-06
"dated december 8 , 2009 .",2009-12-08
"dated february 4 , 2003 .",2003-02-04
"the 3rd of december , 2005",2005-12-03
2005.12.07,2005-12-07
feb 29 2020,2020-02-29
5/9/2000,2000-09-05
"dated june 18 , 2020 .",2020-06-18
"jan. 2, 1993",1993-01-02
"oct. 10, 2015",2015-10-10
"saturday , april 7 , 2018",2018-04-07
received on 21 december 1994,1994-12-21
1996.05.18,1996-05-18
28/9/2020,2020-09-28
received on 13 april 1999,1999-04-13
thursday the 8th of june 2023,2023-06-08
9 feb 1994,1994-02-09
2022.05.11,2022-05-11
1/7/2024,2024-07-01
"the 1st of february , 1991",1991-02-01
28-dec-2026,2026-12-28
24 jun 2012,2012-06-24
"saturday , january 10 , 2026",2026-01-10
"the 22nd of may , 2007",2007-05-22
23-may-2026,2026-05-23
1990.04.22,1990-04-22
"on august the 7th , 2021",2021-08-07
2000.07.18,2000-07-18
"saturday , december 16 , 2006",2006-12-16
received on 11 february 2008,2008-02-11
thursday the 1st of january 2009,2009-01-01
received on 18 december 1993,1993-12-18
may 4 1994,1994-05-04
27-mar-2021,2021-03-27
2008.05.02,2008-05-02
"may. 23, 2006",2006-05-23
"wednesday , may 19 , 1999",1999-05-19
"friday , october 8 , 2021",2021-10-08
"the 3rd of september , 2019",2019-09-03
thursday the 21st of november 2002,2002-11-21
10 jan 1992,1992-01-10
6 jul 2022,2022-07-06
9-jul-1997,1997-07-09
"on may the 5th , 2027",2027-05-05
25 oct 2022,2022-10-25
may 3 2001,2001-05-03
17/7/1990,1990-07-17
"monday , november 19 , 2018",2018-11-19
friday the 15th of october 2027,2027-10-15
23/6/1999,1999-06-23
"the 18th of october , 2003",2003-10-18
aug 5 2006,2006-08-05
monday the 29th of february 2016,2016-02-29
"sunday , april 8 , 2001",2001-04-08
received on 25 april 2011,2011-04-25
received on 28 february 2001,2001-02-28
received on 9 april 2022,2022-04-09
26-aug-2007,2007-08-26
"wednesday , july 21 , 2027",2027-07-21
12 mar 2010,2010-03-12
1998.09.25,1998-09-25
oct 13 1998,1998-10-13
"aug. 21, 2003",2003-08-21
"dated january 27 , 2010 .",2010-01-27
received on 18 december 1998,1998-12-18
"dated august 2 , 2019 .",2019-08-02
tuesday the 3rd of september 2030,2030-09-03
mar 12 2028,2028-03-12
28/10/1999,1999-10-28
received on 10 april 2000,2000-04-10
"saturday , november 21 , 2015",2015-11-21
"sep. 4, 2026",2026-09-04
"dated november 1 , 2011 .",2011-11-01
received on 6 october 2009,2009-10-06
"the 30th of may , 2016",2016-05-30
26 oct 2030,2030-10-26
29 may 2025,2025-05-29
"on december the 6th , 2013",2013-12-06
21/1/2003,2003-01-21
"dated november 11 , 2026 .",2026-11-11
mar 27 2020,2020-03-27
friday the 30th of april 1999,1999-04-30
received on 28 august 2023,2023-08-28
22 aug 2020,2020-08-22
2012.07.09,2012-07-09
"on may the 11th , 2030",2030-05-11
15 apr 2002,2002-04-15
"monday , august 29 , 2011",2011-08-29
12 apr 1992,1992-04-12
13-mar-2022,2022-03-13
25/8/2009,2009-08-25
"wednesday , november 28 , 2018",2018-11-28
"dated march 19 , 2018 .",2018-03-19
"aug. 31, 2017",2017-08-31
"tuesday , january 6 , 2009",2009-01-06
22/11/2026,2026-11-22
"tuesday , november 19 , 2013",2013-11-19
"nov. 5, 2029",2029-11-05
received on 30 september 2009,2009-09-30
2/10/2011,2011-10-02
2025.02.11,2025-02-11
"the 24th of october , 2028",2028-10-24
"dated july 13 , 2005 .",2005-07-13
received on 14 january 2026,2026-01-14
"sep. 9, 2020",2020-09-09
"friday , october 7 , 2005",2005-10-07
"on october the 9th , 2025",2025-10-09
2024.10.24,2024-10-24
"dated october 2 , 2014 .",2014-10-02
28-apr-1991,1991-04-28
"sunday , september 16 , 2012",2012-09-16
"friday , november 24 , 2017",2017-11-24
"on november the 16th , 2025",2025-11-16
1997.01.31,1997-01-31
"the 8th of september , 2022",2022-09-08
24 feb 2026,2026-02-24
saturday the 22nd of september 2012,2012-09-22
"dated january 12 , 2022 .",2022-01-12
"on april the 8th , 2019",2019-04-08
"the 2nd of october , 2009",2009-10-02
"thursday , july 8 , 2004",2004-07-08
5-mar-2029,2029-03-05
6/4/2003,2003-04-06
"dated july 28 , 2006 .",2006-07-28
"friday , january 15 , 2021",2021-01-15
"dated march 17 , 2000 .",2000-03-17
"on february the 23rd , 2019",2019-02-23
"thursday , december 15 , 1994",1994-12-15
"dated october 13 , 1990 .",1990-10-13
2003.03.26,2003-03-26
14 oct 2018,2018-10-14
21/7/2010,2010-07-21
"the 30th of march , 2008",2008-03-30
14/5/2004,2004-05-14
received on 11 september 2005,2005-09-11
15/7/2023,2023-07-15
jan 30 2021,2021-01-30
"on july the 9th , 2005",2005-07-09
received on 9 january 2000,2000-01-09
"jun. 17, 2029",2029-06-17
"dated january 24 , 1991 .",1991-01-24
4 may 1998,1998-05-04
5 sep 1991,1991-09-05
saturday the 19th of december 2015,2015-12-19
15/1/2013,2013-01-15
"dated march 16 , 2026 .",2026-03-16
"sunday , june 15 , 2008",2008-06-15
24-nov-1991,1991-11-24
"dec. 3, 2006",2006-12-03
"on march the 2nd , 2004",2004-03-02
1999.07.16,1999-07-16
"on may the 27th , 2025",2025-05-27
"the 16th of september , 2005",2005-09-16
wednesday the 13th of august 1997,1997-08-13
30-dec-2007,2007-12-30
6 jan 2023,2023-01-06
2028.06.19,2028-06-19
3 nov 2021,2021-11-03
28-apr-2017,2017-04-28
13/8/2007,2007-08-13
"dated november 18 , 2002 .",2002-11-18
"the 8th of july , 2017",2017-07-08
1990.07.28,1990-07-28
"dated april 15 , 2017 .",2017-04-15
"dated july 22 , 2005 .",2005-07-22
27/5/1991,1991-05-27
received on 12 february 2016,2016-02-12
received on 16 january 2009,2009-01-16
28-oct-2026,2026-10-28
jul 25 2027,2027-07-25
received on 15 november 1998,1998-11-15
jan 9 2019,2019-01-09
"the 7th of july , 1997",1997-07-07
"jan. 4, 1990",1990-01-04
25-jan-2030,2030-01-25
"on march the 20th , 2013",2013-03-20
"dated december 25 , 1995 .",1995-12-25
"on august the 26th , 1991",1991-08-26
2026.01.14,2026-01-14
"the 20th of july , 2014",2014-07-20
28-may-2016,2016-05-28
2028.02.08,2028-02-08
"jun. 8, 2014",2014-06-08
27/9/1990,1990-09-27
"the 3rd of february , 2001",2001-02-03
"dec. 25, 2020",2020-12-25
"oct. 24, 2025",2025-10-24
10 may 2005,2005-05-10
received on 13 october 2028,2028-10-13
"the 21st of july , 2008",2008-07-21
"the 20th of february , 1998",1998-02-20
received on 12 august 2008,2008-08-12
aug 12 2007,2007-08-12
2024.04.04,2024-04-04
"apr. 12, 1996",1996-04-12
"nov. 18, 2014",2014-11-18
2029.09.02,2029-09-02
"the 10th of december , 1991",1991-12-10
received on 27 march 2023,2023-03-27
2023.08.24,2023-08-24
"wednesday , december 30 , 2015",2015-12-30
2 feb 2003,2003-02-02
"jul. 30, 1995",1995-07-30
thursday the 8th of november 2012,2012-11-08
"on august the 11th , 2009",2009-08-11
"on august the 8th , 2018",2018-08-08
"sunday , april 14 , 2019",2019-04-14
2019.08.09,2019-08-09
mar 3 2005,2005-03-03
jun 4 1990,1990-06-04
1-dec-1992,1992-12-01
received on 12 february 2001,2001-02-12
9/10/2003,2003-10-09
"on june the 23rd , 2006",2006-06-23
12 aug 2014,2014-08-12
2000.02.18,2000-02-18
dec 7 2006,2006-12-07
"dated april 26 , 2022 .",2022-04-26
"wednesday , april 25 , 2012",2012-04-25
24/7/2029,2029-07-24
received on 19 august 2002,2002-08-19
"may. 28, 2021",2021-05-28
"dated october 9 , 1991 .",1991-10-09
"dated september 27 , 2030 .",2030-09-27
saturday the 25th of march 2028,2028-03-25
received on 31 march 2016,2016-03-31
"mar. 22, 2027",2027-03-22
"wednesday , december 31 , 2025",2025-12-31
11/5/2010,2010-05-11
9 aug 2015,2015-08-09
"the 24th of january , 2017",2017-01-24
25/5/2022,2022-05-25
"the 8th of august , 1994",1994-08-08
1993.08.17,1993-08-17
15 sep 2027,2027-09-15
sunday the 4th of december 2016,2016-12-04
"dec. 27, 2028",2028-12-27
2017.09.26,2017-09-26
"on january the 25th , 2007",2007-01-25
1994.11.21,1994-11-21
"the 20th of april , 1992",1992-04-20
12/4/2017,2017-04-12
"friday , march 6 , 2009",2009-03-06
"monday , august 26 , 2024",2024-08-26
18-oct-2014,2014-10-18
"friday , march 4 , 2016",2016-03-04
24/4/2029,2029-04-24
"the 26th of october , 1993",1993-10-26
7/6/2016,2016-06-07
2003.07.10,2003-07-10
1995.04.28,1995-04-28
5/3/2000,2000-03-05
"on november the 18th , 1993",1993-11-18
"on december the 21st , 2021",2021-12-21
8/5/2008,2008-05-08
1992.10.15,1992-10-15
sep 25 2003,2003-09-25
"wednesday , june 21 , 2023",2023-06-21
sep 12 2017,2017-09-12
"jun. 13, 2020",2020-06-13
sep 3 1994,1994-09-03
18/10/1991,1991-10-18
"jun. 21, 1999",1999-06-21
"on july the 29th , 2020",2020-07-29
"aug. 29, 2000",2000-08-29
"dated november 30 , 2030 .",2030-11-30
1994.02.25,1994-02-25
"dated october 20 , 2015 .",2015-10-20
"tuesday , march 10 , 1992",1992-03-10
"on july the 15th , 2020",2020-07-15
"the 16th of february , 2012",2012-02-16
"on february the 16th , 2001",2001-02-16
wednesday the 12th of july 2006,2006-07-12
"dated may 5 , 2017 .",2017-05-05
"dated may 2 , 2013 .",2013-05-02
13 oct 2023,2023-10-13
aug 6 2016,2016-08-06
2017.04.12,2017-04-12
"the 7th of november , 1998",1998-11-07
received on 21 january 2001,2001-01-21
received on 29 august 2027,2027-08-29
5-apr-2004,2004-04-05
"dated june 8 , 2000 .",2000-06-08
feb 6 2020,2020-02-06
received on 13 april 2021,2021-04-13
"on october the 5th , 1999",1999-10-05
3 jan 2004,2004-01-03
13 nov 1993,1993-11-13
"the 21st of january , 2012",2012-01-21
"dated february 3 , 2004 .",2004-02-03
"dated november 27 , 2006 .",2006-11-27
oct 30 2021,2021-10-30
"the 10th of june , 2025",2025-06-10
1991.07.01,1991-07-01
14/12/2024,2024-12-14
2023.02.11,2023-02-11
"dated june 20 , 2022 .",2022-06-20
24-jul-1995,1995-07-24
"dated december 19 , 2026 .",2026-12-19
received on 27 october 2026,2026-10-27
"dated january 11 , 1994 .",1994-01-11
jun 6 1993,1993-06-06
"on july the 9th , 2000",2000-07-09
22/11/2019,2019-11-22
1994.12.30,1994-12-30
aug 19 2019,2019-08-19
"on april the 2nd , 1991",1991-04-02
1997.09.28,1997-09-28
"oct. 8, 2018",2018-10-08
2009.10.11,2009-10-11
"on march the 14th , 1998",1998-03-14
may 28 2022,2022-05-28
"on january the 17th , 2028",2028-01-17
received on 22 november 2020,2020-11-22
monday the 26th of december 2022,2022-12-26
"thursday , november 3 , 2016",2016-11-03
"sunday , may 6 , 1990",1990-05-06
friday the 18th of august 2023,2023-08-18
15 may 2005,2005-05-15
"saturday , october 30 , 1993",1993-10-30
19/3/2007,2007-03-19
"the 10th of february , 2021",2021-02-10
"dated may 20 , 1991 .",1991-05-20
"thursday , june 5 , 1997",1997-06-05
"dated december 13 , 2007 .",2007-12-13
"feb. 7, 1993",1993-02-07
5/1/2009,2009-01-05
"friday , october 18 , 1996",1996-10-18
"dec. 1, 2005",2005-12-01
"dated june 20 , 2004 .",2004-06-20
received on 17 august 2027,2027-08-17
"the 22nd of january , 2011",2011-01-22
"dated october 4 , 1999 .",1999-10-04
"sunday , august 25 , 2013",2013-08-25
"on june the 14th , 1997",1997-06-14
"jan. 15, 1998",1998-01-15
21 jul 2001,2001-07-21
saturday the 14th of october 2006,2006-10-14
"on august the 20th , 2019",2019-08-20
"tuesday , december 17 , 1991",1991-12-17
"dated july 3 , 2017 .",2017-07-03
received on 26 july 1997,1997-07-26
30 jul 2025,2025-07-30
3 may 2009,2009-05-03
13/9/2012,2012-09-13
2026.07.27,2026-07-27
"saturday , september 17 , 1994",1994-09-17
"on october the 24th , 2030",2030-10-24
received on 19 july 1999,1999-07-19
saturday the 23rd of may 2026,2026-05-23
"aug. 23, 2017",2017-08-23
28 may 2021,2021-05-28
25/10/2028,2028-10-25
"the 24th of february , 2008",2008-02-24
"on july the 24th , 2002",2002-07-24
received on 24 november 2012,2012-11-24
"dated december 7 , 2016 .",2016-12-07
received on 24 april 1997,1997-04-24
"dated october 29 , 2013 .",2013-10-29
"friday , january 12 , 1996",1996-01-12
"on february the 2nd , 2007",2007-02-02
"monday , november 10 , 2008",2008-11-10
"wednesday , september 15 , 1999",1999-09-15
"may. 22, 2008",2008-05-22
5-apr-2026,2026-04-05
2014.02.23,2014-02-23
22-jan-1995,1995-01-22
aug 17 1998,1998-08-17
17/5/2001,2001-05-17
19/7/2014,2014-07-19
"may. 3, 1994",1994-05-03
"the 2nd of september , 2026",2026-09-02
27-mar-2006,2006-03-27
2022.02.06,2022-02-06
"tuesday , october 2 , 1990",1990-10-02
2001.07.09,2001-07-09
7-mar-2018,2018-03-07
"the 28th of february , 2026",2026-02-28
"on august the 30th , 2017",2017-08-30
"the 9th of february , 2000",2000-02-09
received on 20 july 1991,1991-07-20
nov 9 1998,1998-11-09
"tuesday , september 2 , 1997",1997-09-02
jan 5 2003,2003-01-05
"the 21st of september , 2016",2016-09-21
"sunday , september 2 , 1990",1990-09-02
"friday , january 6 , 2006",2006-01-06
tuesday the 15th of november 2011,2011-11-15
"dated july 23 , 2011 .",2011-07-23
"the 13th of december , 2004",2004-12-13
"on october the 7th , 2008",2008-10-07
"jan. 16, 1992",1992-01-16
2003.11.23,2003-11-23
dec 25 1997,1997-12-25
18/9/2008,2008-09-18
"nov. 29, 2027",2027-11-29
2019.06.25,2019-06-25
"the 20th of october , 1998",1998-10-20
"dated may 25 , 2005 .",2005-05-25
18/10/1997,1997-10-18
"the 29th of april , 2004",2004-04-29
"tuesday , may 30 , 2000",2000-05-30
"oct. 19, 1997",1997-10-19
monday the 4th of march 2002,2002-03-04
"on october the 17th , 2009",2009-10-17
"the 23rd of july , 2006",2006-07-23
17 apr 2005,2005-04-17
received on 27 january 2024,2024-01-27
9-apr-2017,2017-04-09
"jun. 14, 2012",2012-06-14
"jul. 20, 2029",2029-07-20
"monday , june 19 , 2028",2028-06-19
14-aug-2010,2010-08-14
wednesday the 2nd of february 2011,2011-02-02
received on 3 december 2026,2026-12-03
1998.11.24,1998-11-24
"oct. 9, 2012",2012-10-09
14/2/2010,2010-02-14
1990.07.30,1990-07-30
21/1/1995,1995-01-21
"on december the 27th , 2015",2015-12-27
2006.10.23,2006-10-23
"the 23rd of april , 2021",2021-04-23
22 jun 2011,2011-06-22
"on july the 29th , 2008",2008-07-29
2027.06.30,2027-06-30
"dated june 6 , 2024 .",2024-06-06
"the 22nd of october , 2013",2013-10-22
20 may 2000,2000-05-20
2024.06.02,2024-06-02
2027.06.18,2027-06-18
18/9/2025,2025-09-18
saturday the 4th of april 1998,1998-04-04
sep 14 2006,2006-09-14
dec 3 2021,2021-12-03
10 jul 2013,2013-07-10
"jul. 19, 2026",2026-07-19
"the 15th of december , 1999",1999-12-15
11/10/2019,2019-10-11
thursday the 24th of july 1997,1997-07-24
16-oct-1990,1990-10-16
31/12/1991,1991-12-31
8-jun-1997,1997-06-08
23/11/2004,2004-11-23
sep 8 2005,2005-09-08
10-aug-2003,2003-08-10
2006.09.02,2006-09-02
19-feb-2003,2003-02-19
"the 14th of november , 2005",2005-11-14
"the 30th of january , 2030",2030-01-30
"apr. 16, 2001",2001-04-16
5/6/1990,1990-06-05
2 nov 2007,2007-11-02
dec 23 1993,1993-12-23
"on may the 25th , 2002",2002-05-25
"mar. 2, 1993",1993-03-02
nov 17 2021,2021-11-17
7-jan-2025,2025-01-07
2026.05.29,2026-05-29
"on november the 12th , 1993",1993-11-12
received on 31 august 2027,2027-08-31
21/10/1993,1993-10-21
7-may-2021,2021-05-07
"dated october 4 , 2026 .",2026-10-04
1990.06.18,1990-06-18
"dated august 14 , 2005 .",2005-08-14
"the 8th of march , 2025",2025-03-08
1993.03.08,1993-03-08
1-may-2028,2028-05-01
"dec. 28, 2023",2023-12-28
"the 27th of february , 2028",2028-02-27
"on february the 26th , 2029",2029-02-26
"friday , august 27 , 2027",2027-08-27
"dated january 12 , 2020 .",2020-01-12
13-jan-2023,2023-01-13
friday the 13th of january 2023,2023-01-13
12/8/2010,2010-08-12
"dated june 11 , 2017 .",2017-06-11
nov 30 2017,2017-11-30
"on october the 10th , 2019",2019-10-10
received on 19 december 2002,2002-12-19
sunday the 22nd of august 1999,1999-08-22
"the 4th of july , 2004",2004-07-04
2021.06.25,2021-06-25
"the 10th of november , 2017",2017-11-10
"on february the 15th , 2027",2027-02-15
26/3/2002,2002-03-26
received on 2 august 2012,2012-08-02
"the 3rd of december , 1995",1995-12-03
"tuesday , august 6 , 2019",2019-08-06
"monday , september 4 , 1995",1995-09-04
1996.10.29,1996-10-29
received on 21 june 2014,2014-06-21
5 may 2013,2013-05-05
"on april the 7th , 2027",2027-04-07
20 apr 2011,2011-04-20
oct 12 1996,1996-10-12
jul 2 2010,2010-07-02
"saturday , may 16 , 2026",2026-05-16
"the 8th of may , 2014",2014-05-08
"tuesday , june 1 , 2010",2010-06-01
"monday , september 22 , 2003",2003-09-22
29/4/2001,2001-04-29
"on january the 7th , 2007",2007-01-07
"on december the 19th , 1994",1994-12-19
"on october the 13th , 1999",1999-10-13
received on 3 april 2017,2017-04-03
"may. 15, 2022",2022-05-15
thursday the 1st of december 2016,2016-12-01
"friday , september 7 , 2012",2012-09-07
24-aug-1998,1998-08-24
2009.01.15,2009-01-15
"on april the 5th , 2017",2017-04-05
"the 28th of october , 1997",1997-10-28
"nov. 20, 2029",2029-11-20
received on 16 september 2028,2028-09-16
saturday the 26th of september 1998,1998-09-26
"tuesday , december 23 , 2008",2008-12-23
2005.08.04,2005-08-04
14 may 1990,1990-05-14
received on 9 december 2023,2023-12-09
"on october the 30th , 1995",1995-10-30
7/8/2011,2011-08-07
sunday the 12th of december 2027,2027-12-12
18-dec-2002,2002-12-18
"may. 10, 1994",1994-05-10
"the 25th of may , 2021",2021-05-25
2008.03.11,2008-03-11
4-sep-1995,1995-09-04
2017.01.17,2017-01-17
6-dec-1997,1997-12-06
"sep. 26, 2003",2003-09-26
2019.06.15,2019-06-15
"dated october 23 , 1997 .",1997-10-23
"dated july 30 , 2030 .",2030-07-30
18-mar-2017,2017-03-18
"dated march 2 , 2028 .",2028-03-02
"on october the 1st , 2005",2005-10-01
"jun. 1, 2003",2003-06-01
received on 23 september 2004,2004-09-23
"on june the 28th , 2009",2009-06-28
"the 14th of december , 2022",2022-12-14
16/2/1990,1990-02-16
28 jun 2000,2000-06-28
"thursday , march 4 , 1993",1993-03-04
2027.10.13,2027-10-13
"on september the 7th , 2026",2026-09-07
nov 10 2018,2018-11-10
21 mar 2024,2024-03-21
24 oct 1999,1999-10-24
2004.12.03,2004-12-03
"sunday , december 15 , 2024",2024-12-15
received on 3 november 2008,2008-11-03
mar 18 2023,2023-03-18
13/10/2030,2030-10-13
"nov. 16, 1993",1993-11-16
24/2/1990,1990-02-24
received on 16 may 2022,2022-05-16
2021.06.10,2021-06-10
"aug. 13, 2002",2002-08-13
mar 7 2013,2013-03-07
"the 20th of february , 2003",2003-02-20
thursday the 11th of january 2018,2018-01-11
"monday , february 8 , 2016",2016-02-08
"wednesday , january 7 , 2015",2015-01-07
feb 12 2013,2013-02-12
2/12/2011,2011-12-02
"on december the 25th , 2006",2006-12-25
6-apr-2028,2028-04-06
"dated april 6 , 2011 .",2011-04-06
"dated april 16 , 1996 .",1996-04-16
"saturday , august 30 , 2014",2014-08-30
jul 10 2011,2011-07-10
14/10/2015,2015-10-14
"dated january 9 , 1993 .",1993-01-09
"dated march 23 , 2016 .",2016-03-23
"tuesday , december 11 , 2018",2018-12-11
"sunday , july 12 , 2026",2026-07-12
friday the 21st of august 2009,2009-08-21
"oct. 18, 2024",2024-10-18
17-oct-2001,2001-10-17
"thursday , april 6 , 2006",2006-04-06
"on october the 29th , 2009",2009-10-29
"saturday , april 5 , 2025",2025-04-05
12-apr-2012,2012-04-12
"sunday , august 11 , 1991",1991-08-11
received on 29 october 1993,1993-10-29
thursday the 18th of october 2007,2007-10-18
"mar. 10, 1998",1998-03-10
received on 22 september 2003,2003-09-22
"mar. 7, 1996",1996-03-07
tuesday the 24th of april 1990,1990-04-24
18-jul-2019,2019-07-18
"dated august 18 , 2002 .",2002-08-18
received on 3 january 2000,2000-01-03
wednesday the 10th of june 2020,2020-06-10
2005.01.18,2005-01-18
"dated february 12 , 2005 .",2005-02-12
"the 25th of november , 2010",2010-11-25
"dated march 12 , 2009 .",2009-03-12
11-oct-1994,1994-10-11
jul 10 2007,2007-07-10
"on april the 24th , 1994",1994-04-24
friday the 21st of october 2011,2011-10-21
mar 22 2019,2019-03-22
2-jul-2016,2016-07-02
"the 6th of november , 2001",2001-11-06
"apr. 15, 1995",1995-04-15
"the 3rd of december , 2015",2015-12-03
nov 25 2030,2030-11-25
"sunday , may 21 , 2006",2006-05-21
"may. 20, 2000",2000-05-20
2018.04.20,2018-04-20
"on june the 21st , 2013",2013-06-21
26/3/2027,2027-03-26
"tuesday , august 20 , 2030",2030-08-20
30-mar-1990,1990-03-30
received on 22 march 2012,2012-03-22
"on october the 15th , 2019",2019-10-15
"apr. 17, 2007",2007-04-17
thursday the 9th of february 2006,2006-02-09
wednesday the 7th of april 2027,2027-04-07
12 jul 2023,2023-07-12
"dated february 24 , 1991 .",1991-02-24
"sunday , january 12 , 1992",1992-01-12
"dated april 30 , 1998 .",1998-04-30
1996.01.31,1996-01-31
19/12/1996,1996-12-19
nov 27 2016,2016-11-27
"on october the 17th , 2007",2007-10-17
"dated april 30 , 2015 .",2015-04-30
2002.02.05,2002-02-05
"on december the 15th , 2028",2028-12-15
2003.08.21,2003-08-21
"on june the 10th , 2018",2018-06-10
"the 17th of march , 2000",2000-03-17
tuesday the 7th of september 2027,2027-09-07
9/2/1991,1991-02-09
"the 5th of november , 2026",2026-11-05
29 aug 2014,2014-08-29
"dated february 24 , 2022 .",2022-02-24
2030.03.09,2030-03-09
received on 17 february 2014,2014-02-17
sunday the 12th of april 2015,2015-04-12
30-sep-2018,2018-09-30
"sep. 16, 1999",1999-09-16
7-oct-2019,2019-10-07
received on 19 december 1995,1995-12-19
received on 18 october 1998,1998-10-18
"monday , june 19 , 2006",2006-06-19
9/12/2004,2004-12-09
"tuesday , july 11 , 2006",2006-07-11
"dated october 23 , 2030 .",2030-10-23
"the 21st of october , 1997",1997-10-21
"on march the 29th , 2012",2012-03-29
"the 4th of march , 2019",2019-03-04
"dated september 10 , 2013 .",2013-09-10
received on 4 may 1996,1996-05-04
tuesday the 19th of march 1991,1991-03-19
sunday the 23rd of april 2023,2023-04-23
"aug. 7, 1992",1992-08-07
2-feb-1994,1994-02-02
"on july the 17th , 2005",2005-07-17
"on january the 14th , 2015",2015-01-14
"monday , january 1 , 2001",2001-01-01
11/7/1995,1995-07-11
received on 29 april 1997,1997-04-29
sep 21 2024,2024-09-21
22/8/2026,2026-08-22
"dated november 20 , 2025 .",2025-11-20
thursday the 19th of june 2008,2008-06-19
2010.02.12,2010-02-12
"oct. 7, 2017",2017-10-07
"aug. 5, 2008",2008-08-05
may 9 2022,2022-05-09
"friday , july 13 , 2029",2029-07-13
9-mar-2011,2011-03-09
"monday , may 12 , 2025",2025-05-12
"the 19th of september , 2027",2027-09-19
"on december the 16th , 2029",2029-12-16
"dated december 7 , 2000 .",2000-12-07
24-dec-2002,2002-12-24
14 sep 2015,2015-09-14
"dated january 9 , 2009 .",2009-01-09
received on 15 september 2022,2022-09-15
27 sep 2028,2028-09-27
"the 17th of august , 2020",2020-08-17
oct 9 2013,2013-10-09
received on 2 august 2008,2008-08-02
29 apr 2005,2005-04-29
15/4/2028,2028-04-15
"the 26th of july , 2021",2021-07-26
4 dec 2024,2024-12-04
"mar. 29, 1990",1990-03-29
6 jun 2029,2029-06-06
"feb. 16, 2019",2019-02-16
received on 5 february 2015,2015-02-05
"sunday , august 15 , 2027",2027-08-15
received on 11 july 1999,1999-07-11
"the 26th of may , 2002",2002-05-26
"the 12th of november , 1997",1997-11-12
saturday the 30th of june 2012,2012-06-30
"the 5th of september , 2008",2008-09-05
2023.09.01,2023-09-01
"dated march 4 , 2017 .",2017-03-04
friday the 25th of november 2005,2005-11-25
sunday the 2nd of september 1990,1990-09-02
"saturday , may 25 , 1991",1991-05-25
15/9/2003,2003-09-15
"the 5th of november , 2014",2014-11-05
8-may-2027,2027-05-08
"tuesday , june 30 , 2026",2026-06-30
"the 28th of november , 1997",1997-11-28
"oct. 9, 1998",1998-10-09
10/11/2002,2002-11-10
22 jul 2013,2013-07-22
2 nov 2006,2006-11-02
friday the 23rd of july 2027,2027-07-23
dec 28 1999,1999-12-28
2013.12.06,2013-12-06
"apr. 26, 1999",1999-04-26
"dated september 6 , 1999 .",1999-09-06
received on 16 february 1990,1990-02-16
2022.07.16,2022-07-16
jul 4 2009,2009-07-04
sep 18 2002,2002-09-18
saturday the 20th of january 2001,2001-01-20
"dated may 3 , 2015 .",2015-05-03
received on 11 november 1999,1999-11-11
may 22 2014,2014-05-22
2011.09.15,2011-09-15
"tuesday , january 1 , 2008",2008-01-01
"on november the 9th , 2023",2023-11-09
apr 9 2001,2001-04-09
"the 20th of september , 2026",2026-09-20
oct 22 2007,2007-10-22
"on february the 17th , 1995",1995-02-17
1999.10.20,1999-10-20
"the 24th of november , 1992",1992-11-24
26/5/2015,2015-05-26
16 jun 2008,2008-06-16
"dated february 16 , 2021 .",2021-02-16
received on 3 june 2011,2011-06-03
received on 16 july 2026,2026-07-16
9 feb 2017,2017-02-09
18 jul 2015,2015-07-18
2030.01.14,2030-01-14
"on november the 28th , 2003",2003-11-28
"the 1st of november , 2024",2024-11-01
"saturday , september 19 , 2020",2020-09-19
2014.02.08,2014-02-08
24/3/2028,2028-03-24
29/8/2009,2009-08-29
"on november the 19th , 1993",1993-11-19
"on july the 31st , 2009",2009-07-31
received on 2 december 2014,2014-12-02
"the 4th of march , 2029",2029-03-04
feb 28 2014,2014-02-28
2-feb-2027,2027-02-02
"on april the 28th , 2002",2002-04-28
"sunday , june 23 , 1996",1996-06-23
"the 10th of august , 2002",2002-08-10
13/3/2003,2003-03-13
27 mar 2028,2028-03-27
received on 21 may 2007,2007-05-21
2027.12.25,2027-12-25
wednesday the 26th of september 2007,2007-09-26
2023.02.24,2023-02-24
"on october the 19th , 2002",2002-10-19
jan 27 2025,2025-01-27
14-aug-2010,2010-08-14
25-dec-2005,2005-12-25
15-aug-1997,1997-08-15
friday the 6th of april 1990,1990-04-06
"the 29th of december , 1997",1997-12-29
"on june the 19th , 2003",2003-06-19
"jan. 2, 2014",2014-01-02
3/10/2027,2027-10-03
"on march the 11th , 2012",2012-03-11
2015.05.30,2015-05-30
"dated may 28 , 2000 .",2000-05-28
"on march the 7th , 1995",1995-03-07
1992.11.03,1992-11-03
8-sep-2003,2003-09-08
"oct. 28, 2013",2013-10-28
19-jun-1994,1994-06-19
"oct. 11, 2010",2010-10-11
"the 20th of march , 1992",1992-03-20
"sep. 8, 2017",2017-09-08
"on march the 7th , 2017",2017-03-07
oct 6 2026,2026-10-06
"dated april 16 , 2007 .",2007-04-16
"friday , march 6 , 1998",1998-03-06
19-dec-2018,2018-12-19
received on 17 october 2027,2027-10-17
11-dec-2009,2009-12-11
"on november the 17th , 2029",2029-11-17
tuesday the 23rd of september 2014,2014-09-23
"dated march 18 , 2030 .",2030-03-18
"dated november 5 , 1997 .",1997-11-05
20-aug-2020,2020-08-20
oct 31 2019,2019-10-31
"friday , october 26 , 2012",2012-10-26
"on september the 30th , 2028",2028-09-30
"on december the 2nd , 2024",2024-12-02
"dated february 24 , 1994 .",1994-02-24
"dated march 9 , 2010 .",2010-03-09
12/6/2001,2001-06-12
"on january the 22nd , 2030",2030-01-22
"on july the 13th , 2026",2026-07-13
received on 27 september 2027,2027-09-27
received on 15 september 2013,2013-09-15
15 may 2012,2012-05-15
"aug. 24, 2004",2004-08-24
"friday , july 12 , 2002",2002-07-12
20 oct 2007,2007-10-20
9-jan-1993,1993-01-09
2009.06.20,2009-06-20
friday the 14th of april 2028,2028-04-14
"thursday , june 28 , 2012",2012-06-28
1997.05.15,1997-05-15
jan 15 2020,2020-01-15
"thursday , april 18 , 2030",2030-04-18
17-dec-2024,2024-12-17
"wednesday , december 4 , 1996",1996-12-04
26/11/1991,1991-11-26
"dated october 13 , 2009 .",2009-10-13
"the 11th of june , 1998",1998-06-11
wednesday the 29th of june 2011,2011-06-29
"the 10th of june , 2028",2028-06-10
29/4/2001,2001-04-29
2005.01.26,2005-01-26
1992.05.27,1992-05-27
"wednesday , august 7 , 2024",2024-08-07
"sunday , june 19 , 2011",2011-06-19
received on 27 september 2016,2016-09-27
received on 12 march 1994,1994-03-12
1-nov-2024,2024-11-01
26 apr 2010,2010-04-26
"wednesday , march 27 , 2002",2002-03-27
"on october the 11th , 1990",1990-10-11
22-jun-2005,2005-06-22
2018.04.14,2018-04-14
13 sep 2005,2005-09-13
23-jan-2015,2015-01-23
jul 31 2009,2009-07-31
jan 21 1998,1998-01-21
13 jan 1990,1990-01-13
sunday the 4th of september 2005,2005-09-04
9-sep-1999,1999-09-09
26 jul 2015,2015-07-26
2027.11.11,2027-11-11
21 aug 2007,2007-08-21
29 may 1992,1992-05-29
"dated may 2 , 2022 .",2022-05-02
"dated april 13 , 1996 .",1996-04-13
tuesday the 5th of june 2007,2007-06-05
"the 7th of july , 2002",2002-07-07
monday the 10th of august 2026,2026-08-10
"dated march 4 , 2006 .",2006-03-04
monday the 26th of may 2003,2003-05-26
1990.06.21,1990-06-21
"on december the 16th , 1990",1990-12-16
nov 22 2001,2001-11-22
12/12/1998,1998-12-12
"dated january 22 , 2005 .",2005-01-22
"the 2nd of november , 1999",1999-11-02
saturday the 27th of june 1992,1992-06-27
1992.09.30,1992-09-30
1994.02.21,1994-02-21
"on november the 14th , 1998",1998-11-14
25 nov 2024,2024-11-25
friday the 6th of january 2017,2017-01-06
monday the 16th of november 2009,2009-11-16
"may. 14, 2007",2007-05-14
"on february the 15th , 2030",2030-02-15
27-mar-2010,2010-03-27
"apr. 18, 2012",2012-04-18
8-sep-2001,2001-09-08
12/7/2030,2030-07-12
9-aug-2011,2011-08-09
"on february the 19th , 2021",2021-02-19
"on january the 6th , 2007",2007-01-06
"on july the 9th , 2008",2008-07-09
"on june the 17th , 2004",2004-06-17
2012.05.10,2012-05-10
2-jul-2007,2007-07-02
20 feb 2013,2013-02-20
feb 25 2015,2015-02-25
2 dec 2005,2005-12-02
"sep. 9, 1999",1999-09-09
28 dec 2014,2014-12-28
12/5/1995,1995-05-12
3-aug-2016,2016-08-03
"friday , october 19 , 2007",2007-10-19
"on november the 5th , 2013",2013-11-05
"the 13th of april , 1996",1996-04-13
"on november the 3rd , 2014",2014-11-03
feb 24 2022,2022-02-24
"saturday , may 11 , 1996",1996-05-11
sunday the 25th of february 1990,1990-02-25
2024.05.20,2024-05-20
"the 19th of august , 2016",2016-08-19
2028.08.26,2028-08-26
9/4/2009,2009-04-09
1998.02.24,1998-02-24
"the 26th of september , 2017",2017-09-26
26-nov-1998,1998-11-26
2014.02.07,2014-02-07
"dated august 16 , 1995 .",1995-08-16
"jun. 11, 1991",1991-06-11
sunday the 3rd of may 2009,2009-05-03
"jan. 15, 2001",2001-01-15
mar 7 2007,2007-03-07
7/5/2008,2008-05-07
jun 8 2013,2013-06-08
"oct. 23, 1999",1999-10-23
2027.11.18,2027-11-18
"thursday , august 30 , 2001",2001-08-30
29/6/2018,2018-06-29
1990.11.11,1990-11-11
2006.11.27,2006-11-27
"oct. 15, 1995",1995-10-15
"monday , april 10 , 2000",2000-04-10
"dec. 23, 2026",2026-12-23
"the 22nd of january , 2016",2016-01-22
received on 17 may 2000,2000-05-17
"on april the 22nd , 2004",2004-04-22
"the 29th of march , 1993",1993-03-29
12/7/2027,2027-07-12
21 feb 2020,2020-02-21
"thursday , june 21 , 2007",2007-06-21
"may. 4, 2012",2012-05-04
received on 30 december 2010,2010-12-30
monday the 3rd of march 2025,2025-03-03
"sep. 27, 2006",2006-09-27
"apr. 27, 2012",2012-04-27
2021.11.14,2021-11-14
"sep. 21, 2011",2011-09-21
"dated september 16 , 2027 .",2027-09-16
monday the 1st of july 2019,2019-07-01
received on 24 march 2028,2028-03-24
13/11/1999,1999-11-13
oct 10 2012,2012-10-10
"monday , january 3 , 1994",1994-01-03
"wednesday , may 12 , 2010",2010-05-12
"tuesday , may 20 , 2003",2003-05-20
received on 20 october 2018,2018-10-20
may 19 2014,2014-05-19
"dec. 18, 2027",2027-12-18
"on october the 9th , 2008",2008-10-09
received on 16 april 2006,2006-04-16
received on 2 may 2021,2021-05-02
1990.01.13,1990-01-13
9/5/2020,2020-05-09
"on february the 3rd , 2027",2027-02-03
"dated september 24 , 1990 .",1990-09-24
30/7/2010,2010-07-30
"may. 2, 2024",2024-05-02
21/7/1991,1991-07-21
may 5 2006,2006-05-05
"dated august 6 , 2009 .",2009-08-06
2 sep 2029,2029-09-02
jun 5 1992,1992-06-05
6/1/1992,1992-01-06
"sunday , november 14 , 1993",1993-11-14
18 may 2028,2028-05-18
"apr. 2, 1999",1999-04-02
"monday , september 18 , 2006",2006-09-18
"sep. 4, 2022",2022-09-04
1993.11.08,1993-11-08
2025.02.19,2025-02-19
8-sep-2027,2027-09-08
30-apr-1995,1995-04-30
"nov. 25, 1998",1998-11-25
2015.03.28,2015-03-28
2020.10.19,2020-10-19
"dated december 10 , 2006 .",2006-12-10
"saturday , february 4 , 2006",2006-02-04
received on 27 june 1999,1999-06-27
received on 26 september 1992,1992-09-26
"dated october 23 , 2006 .",2006-10-23
"on july the 14th , 2010",2010-07-14
"dated june 17 , 2029 .",2029-06-17
2022.04.27,2022-04-27
2025.01.16,2025-01-16
saturday the 9th of january 1993,1993-01-09
"mar. 27, 2027",2027-03-27
16-jun-2025,2025-06-16
"monday , august 31 , 2020",2020-08-31
11 apr 2007,2007-04-11
feb 1 2027,2027-02-01
"dated march 25 , 2001 .",2001-03-25
"on april the 23rd , 2013",2013-04-23
friday the 10th of november 2006,2006-11-10
"dated january 30 , 2011 .",2011-01-30
"the 9th of december , 2004",2004-12-09
16-aug-2030,2030-08-16
28 nov 2016,2016-11-28
"dated march 17 , 2020 .",2020-03-17
18 jul 2008,2008-07-18
thursday the 27th of february 1997,1997-02-27
17 sep 2021,2021-09-17
"dated december 1 , 2003 .",2003-12-01
jun 17 2019,2019-06-17
"on october the 30th , 2004",2004-10-30
received on 12 january 1997,1997-01-12
"on february the 13th , 1992",1992-02-13
"the 16th of june , 2011",2011-06-16
"on december the 12th , 2021",2021-12-12
"dated january 11 , 2022 .",2022-01-11
"apr. 26, 2016",2016-04-26
6-oct-2004,2004-10-06
4 feb 2007,2007-02-04
"on november the 7th , 2006",2006-11-07
1-jun-2015,2015-06-01
jun 19 2002,2002-06-19
nov 7 2027,2027-11-07
received on 21 october 1999,1999-10-21
friday the 7th of july 2006,2006-07-07
received on 3 september 2005,2005-09-03
jan 23 1995,1995-01-23
20-aug-2004,2004-08-20
"dated august 23 , 1991 .",1991-08-23
"dated april 5 , 2027 .",2027-04-05
"dated december 21 , 2014 .",2014-12-21
24 jul 2023,2023-07-24
received on 2 december 2017,2017-12-02
aug 18 2027,2027-08-18
"the 10th of november , 2019",2019-11-10
received on 9 april 2006,2006-04-09
1999.07.26,1999-07-26
"on april the 7th , 2023",2023-04-07
"dated may 6 , 2010 .",2010-05-06
"dated october 23 , 2009 .",2009-10-23
"dated november 16 , 2030 .",2030-11-16
2019.05.31,2019-05-31
29/10/2014,2014-10-29
28 jul 2023,2023-07-28
"the 8th of october , 1998",1998-10-08
"on september the 26th , 1992",1992-09-26
"sunday , march 12 , 2000",2000-03-12
"the 27th of september , 2002",2002-09-27
"the 12th of january , 2025",2025-01-12
"the 8th of august , 2029",2029-08-08
"dated march 17 , 2000 .",2000-03-17
sunday the 23rd of july 2023,2023-07-23
received on 30 december 2024,2024-12-30
apr 7 2030,2030-04-07
"the 1st of july , 2018",2018-07-01
16-jan-2018,2018-01-16
17 apr 2007,2007-04-17
13/8/2029,2029-08-13
"dated march 20 , 2016 .",2016-03-20
"on july the 21st , 2024",2024-07-21
9 jan 2016,2016-01-09
thursday the 22nd of november 2018,2018-11-22
"on october the 27th , 2011",2011-10-27
"tuesday , august 26 , 2003",2003-08-26
"jun. 14, 2019",2019-06-14
"dated august 13 , 2023 .",2023-08-13
"on october the 6th , 2019",2019-10-06
7 mar 2024,2024-03-07
28/1/2027,2027-01-28
received on 26 august 2028,2028-08-26
2008.04.15,2008-04-15
2023.09.24,2023-09-24
25 oct 2014,2014-10-25
1994.12.26,1994-12-26
wednesday the 1st of april 1998,1998-04-01
27-jul-2026,2026-07-27
24/9/1992,1992-09-24
"monday , may 16 , 2005",2005-05-16
"on july the 6th , 2020",2020-07-06
"dec. 14, 2003",2003-12-14
received on 29 march 2001,2001-03-29
2025.10.03,2025-10-03
2014.10.13,2014-10-13
received on 12 february 2023,2023-02-12
12/7/1994,1994-07-12
received on 6 october 2016,2016-10-06
received on 13 november 1991,1991-11-13
30-jun-2010,2010-06-30
"the 9th of september , 2020",2020-09-09
2010.01.04,2010-01-04
"saturday , august 19 , 2023",2023-08-19
"on august the 13th , 2018",2018-08-13
"jan. 5, 2011",2011-01-05
"on january the 15th , 1996",1996-01-15
"the 16th of march , 2020",2020-03-16
"the 13th of august , 2015",2015-08-13
received on 16 december 2017,2017-12-16
"dated january 2 , 2022 .",2022-01-02
aug 23 2016,2016-08-23
"dated july 3 , 1993 .",1993-07-03
"dated september 9 , 2006 .",2006-09-09
5 oct 2004,2004-10-05
27-mar-1996,1996-03-27
monday the 30th of may 2022,2022-05-30
received on 27 january 1996,1996-01-27
"dated july 19 , 2028 .",2028-07-19
received on 8 february 2005,2005-02-08
thursday the 4th of may 2028,2028-05-04
tuesday the 26th of february 2002,2002-02-26
13/12/2014,2014-12-13
tuesday the 9th of february 2016,2016-02-09
"the 17th of july , 2021",2021-07-17
"mar. 1, 2001",2001-03-01
"jan. 29, 2006",2006-01-29
jun 5 2013,2013-06-05
"jun. 3, 2002",2002-06-03
"the 26th of december , 2021",2021-12-26
23 jan 2019,2019-01-23
received on 3 september 2027,2027-09-03
25 oct 1996,1996-10-25
"dated july 7 , 2022 .",2022-07-07
"the 18th of february , 2018",2018-02-18
"aug. 4, 2027",2027-08-04
"the 5th of june , 1995",1995-06-05
"on march the 6th , 2016",2016-03-06
2007.07.19,2007-07-19
"dated february 21 , 2024 .",2024-02-21
"jan. 26, 2029",2029-01-26
2026.07.17,2026-07-17
friday the 5th of february 2016,2016-02-05
received on 7 february 2016,2016-02-07
received on 31 july 2008,2008-07-31
dec 21 2015,2015-12-21
2/10/2024,2024-10-02
"friday , february 26 , 2010",2010-02-26
10-jul-2004,2004-07-10
received on 31 october 2000,2000-10-31
"the 28th of may , 1998",1998-05-28
"may. 1, 2027",2027-05-01
"wednesday , january 8 , 2025",2025-01-08
"oct. 27, 2014",2014-10-27
received on 21 may 2023,2023-05-21
jan 27 2018,2018-01-27
"dated august 14 , 2011 .",2011-08-14
received on 24 may 1996,1996-05-24
tuesday the 3rd of june 2003,2003-06-03
6 feb 2026,2026-02-06
"monday , july 25 , 2005",2005-07-25
2002.09.11,2002-09-11
"on december the 25th , 2007",2007-12-25
received on 7 may 1998,1998-05-07
jun 7 2010,2010-06-07
tuesday the 8th of january 1991,1991-01-08
"sunday , june 19 , 2011",2011-06-19
3 sep 1995,1995-09-03
"tuesday , june 1 , 1999",1999-06-01
"sunday , july 18 , 2021",2021-07-18
2004.12.19,2004-12-19
jun 27 2029,2029-06-27
aug 13 1990,1990-08-13
sunday the 18th of january 2015,2015-01-18
received on 9 august 2016,2016-08-09
"dec. 1, 2001",2001-12-01
"wednesday , november 11 , 2026",2026-11-11
"saturday , may 7 , 2016",2016-05-07
jun 7 2000,2000-06-07
"jun. 23, 2005",2005-06-23
received on 11 august 2021,2021-08-11
2020.05.26,2020-05-26
received on 11 october 2007,2007-10-11
jul 12 1991,1991-07-12
"dated august 14 , 2013 .",2013-08-14
"on october the 7th , 2006",2006-10-07
"may. 28, 2011",2011-05-28
"on october the 20th , 1998",1998-10-20
"on february the 17th , 1998",1998-02-17
"dated march 10 , 1990 .",1990-03-10
"jul. 27, 2016",2016-07-27
"the 25th of february , 2012",2012-02-25
"dated november 1 , 1996 .",1996-11-01
"the 4th of april , 2018",2018-04-04
13/7/2021,2021-07-13
received on 21 september 2028,2028-09-21
"dated february 24 , 2006 .",2006-02-24
"wednesday , may 26 , 1999",1999-05-26
"dated october 25 , 2026 .",2026-10-25
2026.12.12,2026-12-12
26-sep-2004,2004-09-26
"the 5th of december , 2009",2009-12-05
"dec. 15, 2016",2016-12-15
"the 17th of september , 2018",2018-09-17
"thursday , september 19 , 2002",2002-09-19
"friday , october 9 , 2026",2026-10-09
dec 21 1994,1994-12-21
2027.07.01,2027-07-01
2025.04.15,2025-04-15
"dated august 20 , 1995 .",1995-08-20
"the 24th of december , 2010",2010-12-24
2028.05.09,2028-05-09
8 jun 2014,2014-06-08
"dated october 21 , 2021 .",2021-10-21
2018.02.10,2018-02-10
27-apr-2006,2006-04-27
monday the 3rd of may 2004,2004-05-03
received on 2 march 2023,2023-03-02
received on 3 november 2027,2027-11-03
2010.01.10,2010-01-10
"jun. 21, 2007",2007-06-21
"jun. 6, 1996",1996-06-06
monday the 20th of may 2030,2030-05-20
1997.02.28,1997-02-28
"dated june 29 , 2014 .",2014-06-29
23/3/2029,2029-03-23
received on 14 june 1990,1990-06-14
"on august the 20th , 2024",2024-08-20
"dated may 13 , 2026 .",2026-05-13
"the 6th of may , 2015",2015-05-06
"dated august 26 , 2026 .",2026-08-26
"friday , september 5 , 2025",2025-09-05
2008.05.17,2008-05-17
nov 19 2008,2008-11-19
"friday , may 5 , 2017",2017-05-05
"the 7th of may , 2006",2006-05-07
nov 28 2018,2018-11-28
"dated december 27 , 1993 .",1993-12-27
17-mar-2004,2004-03-17
21/7/1997,1997-07-21
jun 30 2011,2011-06-30
22-feb-2018,2018-02-22
"dated may 22 , 2025 .",2025-05-22
"friday , november 29 , 2019",2019-11-29
9 sep 2002,2002-09-09
monday the 28th of july 2025,2025-07-28
"monday , december 25 , 2028",2028-12-25
"the 5th of march , 1992",1992-03-05
"nov. 21, 2006",2006-11-21
1993.01.16,1993-01-16
1999.10.12,1999-10-12
tuesday the 18th of september 2007,2007-09-18
"on june the 8th , 1993",1993-06-08
thursday the 7th of december 1995,1995-12-07
"oct. 22, 2003",2003-10-22
2017.12.21,2017-12-21
2011.07.14,2011-07-14
14-sep-2002,2002-09-14
23-apr-2000,2000-04-23
"the 13th of march , 2020",2020-03-13
"on july the 17th , 1998",1998-07-17
"monday , may 13 , 2019",2019-05-13
"thursday , march 18 , 2021",2021-03-18
8/9/2028,2028-09-08
16 jul 2022,2022-07-16
5/1/2000,2000-01-05
"on july the 15th , 2030",2030-07-15
"tuesday , december 14 , 2004",2004-12-14
29 mar 2029,2029-03-29
1994.09.08,1994-09-08
"on november the 16th , 2008",2008-11-16
"on june the 12th , 2027",2027-06-12
"jan. 30, 1997",1997-01-30
"sunday , february 12 , 2012",2012-02-12
"dated march 12 , 2009 .",2009-03-12
"the 1st of january , 2005",2005-01-01
22 dec 2018,2018-12-22
22 oct 2010,2010-10-22
received on 6 june 2013,2013-06-06
"dated november 10 , 2004 .",2004-11-10
1 dec 2008,2008-12-01
"the 10th of april , 2019",2019-04-10
"jun. 2, 2026",2026-06-02
29 nov 1997,1997-11-29
"on april the 28th , 1993",1993-04-28
"mar. 24, 2026",2026-03-24
friday the 18th of may 2001,2001-05-18
may 13 2000,2000-05-13
"dated june 8 , 2029 .",2029-06-08
"dated july 30 , 2021 .",2021-07-30
2-jun-2000,2000-06-02
received on 21 april 2005,2005-04-21
23-may-1994,1994-05-23
"tuesday , march 31 , 2026",2026-03-31
thursday the 13th of april 2000,2000-04-13
7-may-1995,1995-05-07
11-feb-2017,2017-02-11
"on january the 26th , 2008",2008-01-26
"on may the 28th , 2005",2005-05-28
"friday , may 17 , 2024",2024-05-17
1997.07.16,1997-07-16
"dated december 27 , 2018 .",2018-12-27
"on july the 23rd , 1997",1997-07-23
"on march the 12th , 2013",2013-03-12
29 oct 2010,2010-10-29
"dated april 15 , 1996 .",1996-04-15
1994.09.16,1994-09-16
2022.01.24,2022-01-24
saturday the 21st of may 2022,2022-05-21
received on 1 november 1991,1991-11-01
received on 15 january 2008,2008-01-15
"jun. 23, 2027",2027-06-23
feb 12 2009,2009-02-12
"dated july 19 , 2026 .",2026-07-19
"on december the 7th , 2001",2001-12-07
8-sep-2018,2018-09-08
monday the 31st of march 2025,2025-03-31
"on march the 8th , 2017",2017-03-08
"the 29th of january , 2001",2001-01-29
saturday the 11th of april 1998,1998-04-11
"friday , october 7 , 1994",1994-10-07
20-may-2024,2024-05-20
"the 27th of august , 2015",2015-08-27
"jan. 27, 1992",1992-01-27
"dated may 28 , 2025 .",2025-05-28
received on 22 november 2023,2023-11-22
"on december the 26th , 2030",2030-12-26
2007.08.29,2007-08-29
"may. 25, 1998",1998-05-25
"dated may 16 , 2001 .",2001-05-16
"sunday , december 20 , 1998",1998-12-20
13 aug 2023,2023-08-13
"on may the 22nd , 2005",2005-05-22
"monday , january 17 , 2028",2028-01-17
may 19 1996,1996-05-19
received on 12 december 2014,2014-12-12
28 feb 2030,2030-02-28
received on 24 june 1996,1996-06-24
"feb. 19, 2025",2025-02-19
"wednesday , april 13 , 2016",2016-04-13
25 jan 2002,2002-01-25
received on 17 october 2021,2021-10-17
"the 24th of september , 2023",2023-09-24
"dated february 8 , 2009 .",2009-02-08
received on 14 april 2028,2028-04-14
17/7/2012,2012-07-17
"thursday , october 10 , 1996",1996-10-10
2017.07.26,2017-07-26
"dated february 8 , 1990 .",1990-02-08
dec 8 2006,2006-12-08
24/10/1999,1999-10-24
"oct. 5, 1991",1991-10-05
15/6/1998,1998-06-15
received on 2 september 1997,1997-09-02
"on august the 5th , 2013",2013-08-05
"dated november 7 , 1996 .",1996-11-07
2004.12.26,2004-12-26
monday the 10th of june 1996,1996-06-10
31 jan 1996,1996-01-31
"the 20th of november , 2012",2012-11-20
oct 16 1994,1994-10-16
"apr. 29, 2005",2005-04-29
"dated march 4 , 2020 .",2020-03-04
"dated june 2 , 1994 .",1994-06-02
9/11/1997,1997-11-09
"jun. 29, 2008",2008-06-29
received on 5 september 2003,2003-09-05
2017.09.15,2017-09-15
"dated november 28 , 1996 .",1996-11-28
"on august the 18th , 1995",1995-08-18
2018.03.30,2018-03-30
"sunday , may 30 , 2004",2004-05-30
received on 7 june 1993,1993-06-07
10 mar 2014,2014-03-10
2029.01.23,2029-01-23
"on october the 15th , 1996",1996-10-15
19-dec-2007,2007-12-19
22/7/2003,2003-07-22
"on august the 26th , 2013",2013-08-26
16 jun 2011,2011-06-16
received on 9 december 1995,1995-12-09
jun 11 1993,1993-06-11
received on 3 march 2002,2002-03-03
"oct. 22, 1994",1994-10-22
"the 13th of august , 2022",2022-08-13
"on july the 16th , 2021",2021-07-16
"thursday , june 27 , 2013",2013-06-27
7/9/1999,1999-09-07
28-jan-2010,2010-01-28
"thursday , june 21 , 2007",2007-06-21
14/12/2018,2018-12-14
"the 2nd of may , 1996",1996-05-02
5/12/1993,1993-12-05
wednesday the 10th of november 2004,2004-11-10
25 dec 1994,1994-12-25
"on february the 9th , 1998",1998-02-09
22-jun-2016,2016-06-22
"dated september 21 , 2023 .",2023-09-21
"the 28th of april , 2007",2007-04-28
received on 6 june 2022,2022-06-06
received on 7 april 2026,2026-04-07
wednesday the 7th of november 2018,2018-11-07
oct 24 1992,1992-10-24
"the 7th of october , 2004",2004-10-07
"dated january 7 , 2021 .",2021-01-07
1998.08.29,1998-08-29
"mar. 27, 1998",1998-03-27
"on october the 5th , 2004",2004-10-05
"wednesday , september 6 , 2023",2023-09-06
received on 18 july 2025,2025-07-18
17 apr 2029,2029-04-17
received on 31 december 2023,2023-12-31
2001.08.24,2001-08-24
"dec. 4, 1995",1995-12-04
"wednesday , february 3 , 2021",2021-02-03
dec 25 1999,1999-12-25
saturday the 9th of october 1999,1999-10-09
"wednesday , march 12 , 1997",1997-03-12
11 dec 1997,1997-12-11
"on september the 27th , 2029",2029-09-27
2013.11.14,2013-11-14
25/6/2023,2023-06-25
2023.12.31,2023-12-31
"monday , september 9 , 2002",2002-09-09
received on 6 july 2027,2027-07-06
2/10/1995,1995-10-02
20/3/1997,1997-03-20
12/10/2023,2023-10-12
18 apr 1997,1997-04-18
23-apr-2028,2028-04-23
"dated march 23 , 1994 .",1994-03-23
1/10/2028,2028-10-01
"on march the 12th , 1997",1997-03-12
"the 3rd of march , 1997",1997-03-03
"on july the 8th , 2009",2009-07-08
28 jul 1995,1995-07-28
sep 13 1992,1992-09-13
received on 26 december 2010,2010-12-26
2015.12.07,2015-12-07
12/11/2019,2019-11-12
"dated august 16 , 2002 .",2002-08-16
"dated december 23 , 2005 .",2005-12-23
wednesday the 28th of october 2026,2026-10-28
2019.08.12,2019-08-12
8 jun 1999,1999-06-08
2012.11.25,2012-11-25
"tuesday , august 29 , 2017",2017-08-29
8/5/2030,2030-05-08
received on 14 august 2016,2016-08-14
"the 25th of august , 2004",2004-08-25
received on 5 january 1994,1994-01-05
nov 8 2014,2014-11-08
14/8/2024,2024-08-14
feb 6 1993,1993-02-06
3-apr-2024,2024-04-03
4 oct 2026,2026-10-04
dec 4 2010,2010-12-04
"the 22nd of november , 2004",2004-11-22
30/12/2005,2005-12-30
23 sep 1996,1996-09-23
13 oct 2026,2026-10-13
25-feb-1993,1993-02-25
"the 3rd of december , 2011",2011-12-03
jul 16 2030,2030-07-16
"wednesday , july 9 , 2008",2008-07-09
sunday the 4th of august 2013,2013-08-04
thursday the 7th of november 2019,2019-11-07
jan 6 1991,1991-01-06
"sep. 19, 1993",1993-09-19
"dated july 17 , 2013 .",2013-07-17
"saturday , july 23 , 2022",2022-07-23
thursday the 7th of january 1993,1993-01-07
sunday the 19th of november 2028,2028-11-19
"on november the 23rd , 2022",2022-11-23
2022.10.15,2022-10-15
received on 6 march 2018,2018-03-06
received on 15 september 1998,1998-09-15
received on 3 july 2003,2003-07-03
22 sep 2018,2018-09-22
"the 14th of april , 2014",2014-04-14
"the 17th of february , 2025",2025-02-17
"dated august 11 , 1996 .",1996-08-11
3-jan-2023,2023-01-03
mar 18 2019,2019-03-18
2009.10.06,2009-10-06
2018.11.30,2018-11-30
aug 4 2000,2000-08-04
29-mar-1993,1993-03-29
8/5/2007,2007-05-08
30-dec-2009,2009-12-30
8/5/1998,1998-05-08
received on 23 june 2015,2015-06-23
"the 29th of april , 2003",2003-04-29
2022.05.22,2022-05-22
"apr. 3, 2018",2018-04-03
"feb. 4, 1992",1992-02-04
"dated february 20 , 2010 .",2010-02-20
received on 15 february 2027,2027-02-15
nov 18 1993,1993-11-18
17 sep 1999,1999-09-17
"oct. 17, 2012",2012-10-17
"the 4th of july , 2026",2026-07-04
20-jan-2012,2012-01-20
"the 12th of december , 2012",2012-12-12
14-nov-2002,2002-11-14
"on november the 4th , 1995",1995-11-04
2005.07.30,2005-07-30
apr 29 2028,2028-04-29
14/8/1995,1995-08-14
"the 20th of september , 1997",1997-09-20
17 jun 2008,2008-06-17
received on 3 june 2017,2017-06-03
jan 5 1995,1995-01-05
"the 27th of february , 2001",2001-02-27
2019.07.26,2019-07-26
"friday , may 25 , 2007",2007-05-25
6 aug 2013,2013-08-06
"on june the 26th , 2026",2026-06-26
"may. 26, 1990",1990-05-26
"dated january 9 , 2020 .",2020-01-09
27 dec 1995,1995-12-27
aug 16 2007,2007-08-16
2009.11.03,2009-11-03
mar 11 2023,2023-03-11
"the 21st of september , 2030",2030-09-21
1991.06.12,1991-06-12
24/4/1999,1999-04-24
monday the 25th of november 2030,2030-11-25
29 jul 2018,2018-07-29
"the 12th of october , 2017",2017-10-12
27/2/2021,2021-02-27
"dated august 21 , 2019 .",2019-08-21
"dated april 23 , 1995 .",1995-04-23
jan 8 2018,2018-01-08
received on 28 july 2023,2023-07-28
"sunday , march 29 , 2015",2015-03-29
monday the 10th of july 2028,2028-07-10
28 jan 2022,2022-01-28
2019.03.10,2019-03-10
1990.11.10,1990-11-10
received on 11 november 2012,2012-11-11
"dated january 21 , 1992 .",1992-01-21
19 oct 2007,2007-10-19
friday the 28th of june 2024,2024-06-28
2-jul-1999,1999-07-02
wednesday the 1st of april 1992,1992-04-01
thursday the 4th of july 2030,2030-07-04
"thursday , july 7 , 2011",2011-07-07
"monday , june 22 , 2020",2020-06-22
"the 16th of august , 2027",2027-08-16
may 2 1997,1997-05-02
22 feb 2005,2005-02-22
"nov. 12, 2007",2007-11-12
"the 19th of july , 1994",1994-07-19
25-jun-2013,2013-06-25
"the 23rd of september , 2025",2025-09-23
21-sep-2011,2011-09-21
"tuesday , february 1 , 2028",2028-02-01
sunday the 10th of december 2028,2028-12-10
28 nov 2021,2021-11-28
"dated march 23 , 2028 .",2028-03-23
19/9/2015,2015-09-19
"monday , december 31 , 2001",2001-12-31
"mar. 5, 2016",2016-03-05
7 apr 1996,1996-04-07
"friday , february 7 , 2025",2025-02-07
24-aug-1992,1992-08-24
"on may the 18th , 2014",2014-05-18
"dec. 21, 1990",1990-12-21
9/3/2011,2011-03-09
14-mar-2010,2010-03-14
received on 18 may 2009,2009-05-18
9-apr-2028,2028-04-09
mar 26 2005,2005-03-26
13-dec-1993,1993-12-13
17/1/1993,1993-01-17
tuesday the 13th of june 2017,2017-06-13
2025.05.16,2025-05-16
aug 3 2024,2024-08-03
2008.10.23,2008-10-23
21 jul 2014,2014-07-21
"on october the 23rd , 1995",1995-10-23
"tuesday , november 12 , 2002",2002-11-12
2 jul 1994,1994-07-02
"on september the 22nd , 2027",2027-09-22
30-jun-2029,2029-06-30
received on 9 march 2000,2000-03-09
17-oct-1990,1990-10-17
wednesday the 14th of february 2018,2018-02-14
"the 8th of august , 2018",2018-08-08
"apr. 19, 2013",2013-04-19
2022.12.08,2022-12-08
received on 8 august 1991,1991-08-08
jun 8 2022,2022-06-08
received on 28 march 2017,2017-03-28
1993.10.23,1993-10-23
oct 10 2027,2027-10-10
2030.08.03,2030-08-03
28/7/2002,2002-07-28
2019.03.15,2019-03-15
2014.01.04,2014-01-04
jan 30 2024,2024-01-30
"wednesday , april 5 , 2017",2017-04-05
17-jan-2022,2022-01-17
jul 24 2019,2019-07-24
"dated july 8 , 2025 .",2025-07-08
"the 31st of january , 2021",2021-01-31
sunday the 14th of february 2027,2027-02-14
1993.06.26,1993-06-26
2 jul 2000,2000-07-02
"saturday , september 4 , 1993",1993-09-04
saturday the 23rd of january 2027,2027-01-23
"saturday , april 14 , 2018",2018-04-14
1997.02.17,1997-02-17
"on november the 24th , 2021",2021-11-24
"the 2nd of march , 2009",2009-03-02
"on july the 18th , 1991",1991-07-18
friday the 7th of september 2029,2029-09-07
2009.03.28,2009-03-28
"the 27th of september , 1995",1995-09-27
17/6/1993,1993-06-17
28 jan 1995,1995-01-28
3-oct-2010,2010-10-03
"wednesday , january 22 , 2003",2003-01-22
2004.05.31,2004-05-31
dec 12 2025,2025-12-12
27-oct-1993,1993-10-27
28 nov 1991,1991-11-28
oct 15 2008,2008-10-15
apr 20 2029,2029-04-20
3 mar 1991,1991-03-03
7/7/2019,2019-07-07
20 sep 2005,2005-09-20
monday the 16th of september 1991,1991-09-16
"dated october 11 , 2024 .",2024-10-11
21-mar-2016,2016-03-21
31/12/2010,2010-12-31
"jan. 30, 1994",1994-01-30
"the 11th of november , 2006",2006-11-11
26/8/1996,1996-08-26
4-jan-2005,2005-01-04
"monday , january 18 , 2027",2027-01-18
"jun. 21, 2011",2011-06-21
"thursday , december 2 , 2004",2004-12-02
received on 31 december 1995,1995-12-31
"on may the 21st , 1992",1992-05-21
"aug. 1, 2005",2005-08-01
21 dec 2004,2004-12-21
"on july the 30th , 2009",2009-07-30
"thursday , january 8 , 1998",1998-01-08
26 aug 2023,2023-08-26
"dated july 31 , 2029 .",2029-07-31
2007.05.05,2007-05-05
24 feb 2024,2024-02-24
"dec. 14, 2001",2001-12-14
received on 23 may 1996,1996-05-23
8-sep-2022,2022-09-08
10/8/2010,2010-08-10
"on october the 2nd , 2030",2030-10-02
received on 30 october 2012,2012-10-30
received on 22 december 2016,2016-12-22
8/7/2010,2010-07-08
28-mar-1994,1994-03-28
2018.01.11,2018-01-11
"the 21st of december , 2001",2001-12-21
thursday the 2nd of december 1993,1993-12-02
monday the 2nd of april 2007,2007-04-02
2028.01.21,2028-01-21
31 may 2012,2012-05-31
"apr. 22, 1991",1991-04-22
17/12/2021,2021-12-17
"the 28th of march , 2025",2025-03-28
26-oct-2008,2008-10-26
saturday the 11th of february 2012,2012-02-11
22-apr-2020,2020-04-22
"on march the 31st , 2015",2015-03-31
"jul. 23, 1991",1991-07-23
jun 22 2004,2004-06-22
sep 11 2001,2001-09-11
"jun. 16, 2011",2011-06-16
thursday the 16th of august 2018,2018-08-16
18/12/2022,2022-12-18
27 sep 1994,1994-09-27
"the 29th of november , 2002",2002-11-29
19/9/1994,1994-09-19
"on december the 3rd , 1992",1992-12-03
26 nov 2002,2002-11-26
23/1/1999,1999-01-23
"on june the 29th , 2026",2026-06-29
8 jun 2010,2010-06-08
"dated march 1 , 1997 .",1997-03-01
received on 27 april 2000,2000-04-27
18 jun 1996,1996-06-18
"on january the 14th , 2007",2007-01-14
apr 21 1990,1990-04-21
"on january the 5th , 2025",2025-01-05
"oct. 30, 2021",2021-10-30
jun 15 2005,2005-06-15
2004.01.15,2004-01-15
"thursday , march 2 , 1995",1995-03-02
5-nov-2030,2030-11-05
"jun. 24, 1996",1996-06-24
"on april the 21st , 2013",2013-04-21
nov 10 2004,2004-11-10
14 nov 1996,1996-11-14
"on november the 7th , 2007",2007-11-07
31 mar 1999,1999-03-31
15/3/2008,2008-03-15
11 jun 1998,1998-06-11
1995.06.19,1995-06-19
"sunday , december 12 , 2027",2027-12-12
2012.08.29,2012-08-29
monday the 27th of december 1993,1993-12-27
"oct. 3, 1995",1995-10-03
1997.04.04,1997-04-04
17 jan 2011,2011-01-17
"the 26th of may , 2019",2019-05-26
"monday , october 30 , 2023",2023-10-30
"on may the 10th , 2013",2013-05-10
received on 20 august 2023,2023-08-20
15 mar 2019,2019-03-15
received on 10 january 1998,1998-01-10
may 5 2024,2024-05-05
jan 27 2013,2013-01-27
"on october the 6th , 2018",2018-10-06
"friday , september 18 , 1992",1992-09-18
"jul. 16, 2010",2010-07-16
"the 28th of october , 2011",2011-10-28
"dec. 17, 2023",2023-12-17
"dated november 15 , 1993 .",1993-11-15
received on 28 march 2029,2029-03-28
"sunday , may 27 , 2018",2018-05-27
1998.08.12,1998-08-12
"on january the 3rd , 1999",1999-01-03
1991.10.23,1991-10-23
30-jul-2001,2001-07-30
"dated july 15 , 2028 .",2028-07-15
"wednesday , september 1 , 2027",2027-09-01
"sunday , september 15 , 2013",2013-09-15
"aug. 17, 2020",2020-08-17
wednesday the 10th of october 2012,2012-10-10
sunday the 25th of january 1998,1998-01-25
21 apr 1995,1995-04-21
may 17 1996,1996-05-17
1990.04.29,1990-04-29
"on may the 18th , 1993",1993-05-18
"the 9th of july , 1997",1997-07-09
received on 14 november 2004,2004-11-14
2029.08.16,2029-08-16
dec 25 1996,1996-12-25
14 jan 2002,2002-01-14
received on 29 july 2017,2017-07-29
2023.02.27,2023-02-27
27 may 2028,2028-05-27
23-aug-2023,2023-08-23
"sunday , may 21 , 2023",2023-05-21
24-aug-1992,1992-08-24
20-dec-2029,2029-12-20
sunday the 26th of january 2020,2020-01-26
"on july the 10th , 2004",2004-07-10
"jun. 5, 1990",1990-06-05
"on march the 5th , 2021",2021-03-05
20/12/2027,2027-12-20
"the 20th of november , 2004",2004-11-20
"dated february 20 , 2029 .",2029-02-20
2019.04.13,2019-04-13
9 jan 2022,2022-01-09
"on june the 6th , 2016",2016-06-06
"dated may 24 , 2023 .",2023-05-24
19 jun 1996,1996-06-19
"sunday , january 3 , 2027",2027-01-03
"dated june 18 , 1996 .",1996-06-18
"saturday , november 9 , 2019",2019-11-09
2028.09.05,2028-09-05
28-apr-1995,1995-04-28
20-sep-2025,2025-09-20
wednesday the 26th of april 2028,2028-04-26
"thursday , august 13 , 2009",2009-08-13
"the 1st of february , 2024",2024-02-01
"saturday , december 6 , 2014",2014-12-06
8/3/2009,2009-03-08
nov 7 2014,2014-11-07
received on 2 november 2005,2005-11-02
mar 12 2019,2019-03-12
"feb. 2, 2008",2008-02-02
"dated january 7 , 2008 .",2008-01-07
"the 2nd of january , 2023",2023-01-02
"dec. 6, 1996",1996-12-06
mar 13 2011,2011-03-13
"jun. 25, 2026",2026-06-25
2018.12.13,2018-12-13
received on 1 february 2009,2009-02-01
received on 22 january 1992,1992-01-22
wednesday the 27th of november 2002,2002-11-27
"nov. 16, 2000",2000-11-16
"dated october 17 , 2015 .",2015-10-17
2026.11.26,2026-11-26
"jul. 3, 2016",2016-07-03
"on november the 18th , 2017",2017-11-18
"on july the 17th , 2007",2007-07-17
4-sep-1997,1997-09-04
wednesday the 24th of october 2007,2007-10-24
"dated june 11 , 2017 .",2017-06-11
"dated august 6 , 1994 .",1994-08-06
15/12/2003,2003-12-15
received on 12 january 2026,2026-01-12
received on 19 april 1998,1998-04-19
wednesday the 25th of may 2005,2005-05-25
"the 22nd of march , 2004",2004-03-22
27/10/2026,2026-10-27
1-jun-2000,2000-06-01
saturday the 15th of february 2025,2025-02-15
"sep. 13, 1990",1990-09-13
5/2/2028,2028-02-05
"on july the 3rd , 2025",2025-07-03
2013.09.17,2013-09-17
"on april the 13th , 2022",2022-04-13
oct 6 2015,2015-10-06
"oct. 2, 1991",1991-10-02
aug 28 2029,2029-08-28
"the 17th of may , 1990",1990-05-17
"dated march 13 , 2010 .",2010-03-13
"apr. 6, 2006",2006-04-06
23/6/2028,2028-06-23
friday the 17th of october 2014,2014-10-17
"nov. 5, 2030",2030-11-05
thursday the 15th of september 2005,2005-09-15
"on january the 18th , 2021",2021-01-18
"oct. 26, 2019",2019-10-26
2016.12.12,2016-12-12
"the 3rd of december , 2013",2013-12-03
28/1/2016,2016-01-28
"on may the 6th , 2021",2021-05-06
16-dec-2015,2015-12-16
nov 23 2004,2004-11-23
24/9/2004,2004-09-24
"sunday , august 5 , 2029",2029-08-05
"dated april 26 , 2026 .",2026-04-26
"on march the 1st , 2014",2014-03-01
sunday the 14th of january 2029,2029-01-14
14/10/2009,2009-10-14
received on 12 september 2013,2013-09-12
26-jul-2018,2018-07-26
2013.05.10,2013-05-10
"aug. 6, 2015",2015-08-06
received on 21 october 2005,2005-10-21
"the 23rd of march , 2000",2000-03-23
23/9/2003,2003-09-23
"the 12th of october , 2026",2026-10-12
"the 8th of july , 2019",2019-07-08
30-aug-2022,2022-08-30
"the 17th of february , 2027",2027-02-17
15/9/1995,1995-09-15
"the 22nd of october , 2002",2002-10-22
"on april the 10th , 2029",2029-04-10
"on october the 1st , 2019",2019-10-01
feb 6 1991,1991-02-06
"tuesday , april 15 , 2014",2014-04-15
"tuesday , june 12 , 2007",2007-06-12
2012.06.23,2012-06-23
"saturday , october 6 , 1990",1990-10-06
5-feb-2008,2008-02-05
10-sep-1996,1996-09-10
sunday the 20th of december 1998,1998-12-20
feb 2 1991,1991-02-02
monday the 15th of august 2022,2022-08-15
"dec. 2, 1992",1992-12-02
17 jan 2021,2021-01-17
"dated september 20 , 2009 .",2009-09-20
"on november the 2nd , 2009",2009-11-02
jun 19 2009,2009-06-19
received on 15 july 1997,1997-07-15
2029.07.14,2029-07-14
monday the 17th of april 2006,2006-04-17
received on 17 july 2015,2015-07-17
"on june the 30th , 1997",1997-06-30
"dated may 13 , 1999 .",1999-05-13
15 jun 2030,2030-06-15
1-aug-1998,1998-08-01
"on september the 11th , 2010",2010-09-11
"friday , june 21 , 2013",2013-06-21
14 sep 2017,2017-09-14
"on july the 30th , 2025",2025-07-30
1994.04.03,1994-04-03
received on 19 january 1999,1999-01-19
18 dec 2000,2000-12-18
saturday the 20th of july 2024,2024-07-20
received on 6 september 2001,2001-09-06
received on 4 july 2001,2001-07-04
friday the 24th of june 1994,1994-06-24
"sunday , may 12 , 2030",2030-05-12
apr 1 2006,2006-04-01
"thursday , april 21 , 1994",1994-04-21
"thursday , august 2 , 2012",2012-08-02
received on 24 november 2027,2027-11-24
"dated january 21 , 2018 .",2018-01-21
"on july the 17th , 2011",2011-07-17
"the 30th of april , 1993",1993-04-30
24/2/2000,2000-02-24
wednesday the 31st of march 2021,2021-03-31
2019.04.02,2019-04-02
received on 4 may 2023,2023-05-04
"dec. 5, 2003",2003-12-05
20-jun-1998,1998-06-20
"thursday , april 1 , 2027",2027-04-01
"nov. 9, 1992",1992-11-09
4 nov 1992,1992-11-04
31-mar-2023,2023-03-31
saturday the 11th of november 1995,1995-11-11
11-jun-1991,1991-06-11
13 feb 2010,2010-02-13
2012.09.11,2012-09-11
"on september the 10th , 2013",2013-09-10
22-aug-2002,2002-08-22
tuesday the 16th of august 2005,2005-08-16
23/8/2008,2008-08-23
monday the 28th of november 2005,2005-11-28
saturday the 30th of january 2021,2021-01-30
"the 22nd of january , 2008",2008-01-22
received on 1 june 1993,1993-06-01
30-sep-1995,1995-09-30
22-feb-2004,2004-02-22
19-feb-2019,2019-02-19
"nov. 5, 1998",1998-11-05
received on 27 august 2009,2009-08-27
2012.10.14,2012-10-14
1995.02.12,1995-02-12
21 oct 1997,1997-10-21
"dated april 20 , 1991 .",1991-04-20
"the 16th of july , 2017",2017-07-16
nov 14 2027,2027-11-14
"dated february 6 , 2001 .",2001-02-06
22/8/2008,2008-08-22
"dated october 28 , 2015 .",2015-10-28
received on 15 february 2015,2015-02-15
aug 25 2029,2029-08-25
received on 29 december 1995,1995-12-29
8-may-2018,2018-05-08
2012.02.06,2012-02-06
27 jan 2023,2023-01-27
2000.06.23,2000-06-23
"wednesday , august 10 , 2016",2016-08-10
"friday , may 9 , 2014",2014-05-09
"sunday , september 16 , 2018",2018-09-16
received on 23 may 1994,1994-05-23
26/5/2001,2001-05-26
received on 10 february 2004,2004-02-10
2029.10.07,2029-10-07
14 jul 2000,2000-07-14
"on january the 5th , 2019",2019-01-05
"sep. 24, 2016",2016-09-24
2006.11.11,2006-11-11
"aug. 17, 1990",1990-08-17
"dated march 24 , 1998 .",1998-03-24
"wednesday , december 16 , 2026",2026-12-16
"on december the 28th , 1994",1994-12-28
"dated november 9 , 1995 .",1995-11-09
"the 13th of july , 2001",2001-07-13
21-mar-1999,1999-03-21
nov 18 2018,2018-11-18
received on 9 october 1997,1997-10-09
9/2/2005,2005-02-09
wednesday the 6th of august 2003,2003-08-06
"sep. 30, 2019",2019-09-30
2001.11.03,2001-11-03
14-aug-2027,2027-08-14
"the 1st of august , 2024",2024-08-01
received on 18 june 2005,2005-06-18
"wednesday , april 30 , 2014",2014-04-30
"jul. 13, 2029",2029-07-13
"friday , october 4 , 2002",2002-10-04
"thursday , april 9 , 2015",2015-04-09
"feb. 24, 1991",1991-02-24
"dec. 8, 2004",2004-12-08
received on 12 july 1990,1990-07-12
2/9/2002,2002-09-02
"dated march 20 , 2012 .",2012-03-20
"on november the 1st , 2019",2019-11-01
"feb. 15, 2017",2017-02-15
"the 28th of august , 1990",1990-08-28
"dec. 3, 2008",2008-12-03
3-mar-2007,2007-03-03
"saturday , january 13 , 1990",1990-01-13
"the 13th of july , 1990",1990-07-13
7-dec-2017,2017-12-07
"on march the 7th , 1994",1994-03-07
"on may the 23rd , 2009",2009-05-23
"on november the 4th , 2022",2022-11-04
received on 4 november 1994,1994-11-04
"dated april 1 , 2023 .",2023-04-01
dec 29 2009,2009-12-29
2018.10.13,2018-10-13
1993.01.16,1993-01-16
2019.04.14,2019-04-14
2006.04.23,2006-04-23
31 aug 1999,1999-08-31
saturday the 16th of december 2006,2006-12-16
received on 28 january 2023,2023-01-28
oct 13 1991,1991-10-13
monday the 4th of august 2003,2003-08-04
"the 7th of august , 1998",1998-08-07
"friday , march 26 , 2021",2021-03-26
"dated december 15 , 2020 .",2020-12-15
received on 20 december 2001,2001-12-20
28/6/1996,1996-06-28
"sunday , january 4 , 2004",2004-01-04
"monday , july 20 , 2015",2015-07-20
sunday the 7th of february 2010,2010-02-07
"sunday , november 8 , 2009",2009-11-08
"on may the 9th , 2019",2019-05-09
7 mar 2027,2027-03-07
2022.06.19,2022-06-19
15 nov 2007,2007-11-15
12/2/2016,2016-02-12
2017.02.21,2017-02-21
2021.12.18,2021-12-18
"wednesday , january 23 , 1991",1991-01-23
"nov. 5, 2003",2003-11-05
mar 7 2016,2016-03-07
2/1/2013,2013-01-02
"aug. 2, 2016",2016-08-02
4-apr-1997,1997-04-04
"on january the 12th , 2004",2004-01-12
8-sep-2016,2016-09-08
received on 27 october 2011,2011-10-27
may 7 2003,2003-05-07
wednesday the 17th of july 2030,2030-07-17
"the 10th of march , 2008",2008-03-10
16-feb-2004,2004-02-16
2013.05.29,2013-05-29
22/12/1995,1995-12-22
oct 15 2025,2025-10-15
17-sep-2008,2008-09-17
received on 14 october 2006,2006-10-14
29 jul 1992,1992-07-29
"dated october 30 , 2013 .",2013-10-30
"aug. 20, 2030",2030-08-20
"tuesday , july 18 , 2023",2023-07-18
30 apr 2012,2012-04-30
15-aug-2029,2029-08-15
30 jun 1999,1999-06-30
1992.01.27,1992-01-27
received on 27 september 2017,2017-09-27
"the 10th of june , 2026",2026-06-10
"the 31st of july , 2026",2026-07-31
"may. 21, 2010",2010-05-21
"jan. 28, 2006",2006-01-28
"on august the 13th , 2005",2005-08-13
2 feb 2024,2024-02-02
"dated july 12 , 2016 .",2016-07-12
jan 15 1990,1990-01-15
"saturday , february 27 , 2027",2027-02-27
11/11/2013,2013-11-11
sunday the 18th of september 2011,2011-09-18
"on june the 21st , 1991",1991-06-21
"dated january 28 , 2016 .",2016-01-28
"wednesday , august 18 , 2004",2004-08-18
"friday , october 30 , 2009",2009-10-30
1993.03.25,1993-03-25
sep 12 2019,2019-09-12
2011.10.04,2011-10-04
20 nov 1998,1998-11-20
received on 27 september 2028,2028-09-27
21 sep 2013,2013-09-21
"jul. 22, 2015",2015-07-22
"jan. 17, 2024",2024-01-17
"saturday , april 30 , 2022",2022-04-30
1994.11.26,1994-11-26
"dated november 7 , 2002 .",2002-11-07
aug 24 2024,2024-08-24
"dated november 26 , 2030 .",2030-11-26
29/4/2025,2025-04-29
"sunday , january 10 , 2021",2021-01-10
"may. 15, 2027",2027-05-15
received on 17 june 2018,2018-06-17
"jun. 16, 1996",1996-06-16
23-jun-2005,2005-06-23
monday the 4th of september 2000,2000-09-04
wednesday the 15th of march 2023,2023-03-15
friday the 7th of april 2000,2000-04-07
"on april the 10th , 2017",2017-04-10
9-jul-2000,2000-07-09
26 apr 1994,1994-04-26
2026.02.14,2026-02-14
"sunday , december 9 , 2007",2007-12-09
21 dec 2000,2000-12-21
19-nov-1999,1999-11-19
received on 13 june 2000,2000-06-13
22-apr-2028,2028-04-22
17/2/2010,2010-02-17
"friday , june 27 , 1997",1997-06-27
26-feb-2004,2004-02-26
"the 9th of april , 2023",2023-04-09
"the 13th of september , 2020",2020-09-13
"the 13th of december , 2029",2029-12-13
sep 15 2017,2017-09-15
"on september the 2nd , 2003",2003-09-02
"dated december 10 , 2010 .",2010-12-10
received on 25 june 1999,1999-06-25
11-oct-2018,2018-10-11
2025.05.17,2025-05-17
received on 19 august 2013,2013-08-19
"monday , march 18 , 2024",2024-03-18
"dated may 6 , 1992 .",1992-05-06
17/8/2001,2001-08-17
1 aug 2016,2016-08-01
30-mar-2024,2024-03-30
received on 6 may 2023,2023-05-06
"the 11th of april , 2021",2021-04-11
"on september the 24th , 2014",2014-09-24
sunday the 13th of april 2025,2025-04-13
7-jun-2030,2030-06-07
"on may the 10th , 1995",1995-05-10
"may. 15, 2029",2029-05-15
"dated july 19 , 2013 .",2013-07-19
"on december the 16th , 2009",2009-12-16
apr 10 2019,2019-04-10
saturday the 16th of april 2022,2022-04-16
5/5/1993,1993-05-05
30-apr-2010,2010-04-30
"on december the 4th , 2008",2008-12-04
28 apr 2012,2012-04-28
"friday , august 11 , 2028",2028-08-11
1995.05.23,1995-05-23
may 10 1992,1992-05-10
received on 3 june 2007,2007-06-03
"on september the 5th , 2007",2007-09-05
17-feb-1991,1991-02-17
"sunday , february 2 , 1997",1997-02-02
friday the 23rd of march 2012,2012-03-23
4 dec 1990,1990-12-04
1 nov 2024,2024-11-01
"the 14th of november , 1992",1992-11-14
sunday the 8th of june 2014,2014-06-08
"the 20th of february , 2020",2020-02-20
received on 30 april 1991,1991-04-30
2030.12.19,2030-12-19
"jul. 16, 2027",2027-07-16
10-jul-2012,2012-07-10
"the 6th of july , 1994",1994-07-06
22-nov-2030,2030-11-22
1995.02.19,1995-02-19
30/10/2005,2005-10-30
received on 1 november 2006,2006-11-01
"on march the 3rd , 1992",1992-03-03
"thursday , march 14 , 2013",2013-03-14
"the 12th of february , 1998",1998-02-12
monday the 9th of february 2015,2015-02-09
jan 20 2023,2023-01-20
1-sep-1991,1991-09-01
wednesday the 5th of march 2025,2025-03-05
"aug. 28, 2005",2005-08-28
"the 5th of february , 2006",2006-02-05
27-nov-2012,2012-11-27
"the 30th of december , 1998",1998-12-30
13-jul-2014,2014-07-13
jun 27 1990,1990-06-27
2025.12.27,2025-12-27
"saturday , november 18 , 2028",2028-11-18
17-nov-2005,2005-11-17
"monday , august 15 , 1994",1994-08-15
31-jan-1990,1990-01-31
"on march the 19th , 2028",2028-03-19
received on 8 december 2016,2016-12-08
friday the 24th of august 2018,2018-08-24
27 nov 2004,2004-11-27
received on 9 july 2013,2013-07-09
"thursday , december 17 , 2015",2015-12-17
"dec. 12, 2007",2007-12-12
28-aug-2026,2026-08-28
26-jun-2022,2022-06-26
15 sep 2013,2013-09-15
14/7/1992,1992-07-14
"dec. 14, 2012",2012-12-14
monday the 12th of march 2007,2007-03-12
1/10/2006,2006-10-01
3-jan-2004,2004-01-03
15 mar 2024,2024-03-15
"tuesday , december 14 , 2010",2010-12-14
"dated january 31 , 2011 .",2011-01-31
received on 17 december 2000,2000-12-17
sunday the 25th of april 2004,2004-04-25
"may. 22, 2002",2002-05-22
dec 30 2020,2020-12-30
"thursday , august 23 , 2029",2029-08-23
"dated january 24 , 1996 .",1996-01-24
received on 23 july 2007,2007-07-23
"dated january 28 , 1990 .",1990-01-28
28/6/1991,1991-06-28
received on 11 february 2027,2027-02-11
oct 13 2001,2001-10-13
"the 26th of january , 1993",1993-01-26
may 28 1993,1993-05-28
"dec. 7, 2022",2022-12-07
2029.09.18,2029-09-18
"on january the 5th , 2016",2016-01-05
"dated december 14 , 2014 .",2014-12-14
received on 5 september 2014,2014-09-05
20 sep 2008,2008-09-20
dec 14 2026,2026-12-14
14-may-1991,1991-05-14
23-mar-2015,2015-03-23
sunday the 19th of october 2025,2025-10-19
"jun. 10, 2009",2009-06-10
thursday the 27th of july 2028,2028-07-27
"the 26th of february , 2028",2028-02-26
jul 14 1998,1998-07-14
received on 26 june 2012,2012-06-26
received on 28 july 2000,2000-07-28
"dated may 26 , 2011 .",2011-05-26
received on 5 january 2030,2030-01-05
"on march the 8th , 1995",1995-03-08
16/2/1999,1999-02-16
received on 10 february 2004,2004-02-10
received on 15 october 2027,2027-10-15
"on march the 25th , 2010",2010-03-25
"on december the 19th , 1995",1995-12-19
14-may-2024,2024-05-14
received on 23 december 2025,2025-12-23
"dated june 5 , 1995 .",1995-06-05
"on june the 27th , 1994",1994-06-27
"tuesday , july 29 , 2025",2025-07-29
"on march the 23rd , 2004",2004-03-23
4/10/1992,1992-10-04
2/9/2005,2005-09-02
"the 10th of march , 1996",1996-03-10
1993.10.28,1993-10-28
"jul. 16, 2004",2004-07-16
"dated july 25 , 1994 .",1994-07-25
"on september the 17th , 2029",2029-09-17
sunday the 2nd of november 2025,2025-11-02
29/5/1995,1995-05-29
24-jul-2017,2017-07-24
received on 17 november 2015,2015-11-17
"nov. 9, 2020",2020-11-09
wednesday the 6th of june 2012,2012-06-06
"aug. 2, 1994",1994-08-02
"dated december 14 , 1991 .",1991-12-14
tuesday the 29th of october 2019,2019-10-29
friday the 1st of november 2013,2013-11-01
7-mar-2017,2017-03-07
2001.04.03,2001-04-03
29 may 2008,2008-05-29
27/6/2011,2011-06-27
sep 15 2026,2026-09-15
"dated december 10 , 2028 .",2028-12-10
"on february the 16th , 2028",2028-02-16
oct 6 2027,2027-10-06
29/7/2001,2001-07-29
received on 13 may 2000,2000-05-13
"oct. 12, 1993",1993-10-12
"the 4th of january , 2006",2006-01-04
25/8/2004,2004-08-25
14-jun-1996,1996-06-14
"dated march 20 , 2025 .",2025-03-20
25-mar-2000,2000-03-25
received on 25 august 2019,2019-08-25
received on 15 march 2014,2014-03-15
mar 11 2020,2020-03-11
"monday , april 13 , 2015",2015-04-13
"monday , may 15 , 2000",2000-05-15
feb 19 2007,2007-02-19
10-jan-2007,2007-01-10
feb 24 2016,2016-02-24
4 jun 2017,2017-06-04
"wednesday , may 22 , 2019",2019-05-22
2002.01.06,2002-01-06
8 nov 2029,2029-11-08
"friday , september 23 , 1994",1994-09-23
12 oct 1991,1991-10-12
sunday the 13th of april 2008,2008-04-13
9/1/1999,1999-01-09
"dated october 30 , 2026 .",2026-10-30
9 apr 2022,2022-04-09
2029.03.30,2029-03-30
"the 18th of june , 2028",2028-06-18
"sunday , february 10 , 2019",2019-02-10
"on january the 30th , 2016",2016-01-30
19/3/1997,1997-03-19
jul 7 2027,2027-07-07
received on 13 september 1990,1990-09-13
"on november the 17th , 1999",1999-11-17
"tuesday , august 10 , 2004",2004-08-10
sunday the 2nd of december 1990,1990-12-02
"on august the 26th , 2001",2001-08-26
apr 7 2011,2011-04-07
18-mar-2025,2025-03-18
"dated march 19 , 2026 .",2026-03-19
feb 6 2006,2006-02-06
monday the 18th of january 2021,2021-01-18
jun 11 2009,2009-06-11
"wednesday , july 29 , 2015",2015-07-29
"on february the 15th , 2016",2016-02-15
"tuesday , march 10 , 2009",2009-03-10
24/6/2009,2009-06-24
"dated september 3 , 2021 .",2021-09-03
wednesday the 3rd of january 2024,2024-01-03
3/6/2004,2004-06-03
26 nov 2023,2023-11-26
"friday , september 22 , 1995",1995-09-22
8-oct-1998,1998-10-08
wednesday the 27th of december 2028,2028-12-27
"dated february 5 , 2027 .",2027-02-05
31 jul 2013,2013-07-31
"feb. 20, 1999",1999-02-20
"on april the 7th , 2017",2017-04-07
"the 10th of december , 2009",2009-12-10
"dated june 23 , 1992 .",1992-06-23
received on 2 may 1999,1999-05-02
"jun. 5, 1994",1994-06-05
"jun. 9, 2021",2021-06-09
1997.08.21,1997-08-21
"may. 10, 2004",2004-05-10
saturday the 15th of june 2013,2013-06-15
tuesday the 2nd of october 2018,2018-10-02
2025.11.29,2025-11-29
"apr. 19, 2021",2021-04-19
"nov. 25, 2024",2024-11-25
"the 25th of april , 2005",2005-04-25
"the 2nd of april , 2001",2001-04-02
"aug. 17, 2003",2003-08-17
2000.03.28,2000-03-28
"the 19th of october , 2008",2008-10-19
nov 27 2023,2023-11-27
friday the 22nd of september 2000,2000-09-22
2000.11.21,2000-11-21
25-mar-2019,2019-03-25
8-jan-2021,2021-01-08
8/5/1999,1999-05-08
"friday , august 7 , 1998",1998-08-07
9/3/1991,1991-03-09
mar 28 2026,2026-03-28
sunday the 30th of december 2012,2012-12-30
"jul. 29, 2006",2006-07-29
"the 24th of november , 1992",1992-11-24
2/1/2010,2010-01-02
received on 5 december 2002,2002-12-05
2/6/2010,2010-06-02
"on july the 25th , 2017",2017-07-25
received on 11 april 2012,2012-04-11
saturday the 8th of august 2026,2026-08-08
nov 28 1996,1996-11-28
"the 22nd of november , 2001",2001-11-22
12-feb-2014,2014-02-12
sunday the 11th of may 2003,2003-05-11
25/9/2019,2019-09-25
"the 15th of january , 2026",2026-01-15
"on september the 5th , 2028",2028-09-05
"on september the 17th , 2022",2022-09-17
aug 30 1999,1999-08-30
"the 25th of june , 2026",2026-06-25
2008.02.21,2008-02-21
18/12/1994,1994-12-18
"the 30th of august , 1993",1993-08-30
may 26 2029,2029-05-26
jun 9 2028,2028-06-09
29 may 1990,1990-05-29
received on 18 march 2006,2006-03-18
"the 19th of may , 2015",2015-05-19
28 apr 2018,2018-04-28
"the 30th of april , 2027",2027-04-30
dec 25 2013,2013-12-25
5 jul 2023,2023-07-05
"the 2nd of july , 2010",2010-07-02
31/3/2014,2014-03-31
2 may 2030,2030-05-02
sep 15 2015,2015-09-15
3/9/2014,2014-09-03
saturday the 11th of september 2004,2004-09-11
apr 4 2019,2019-04-04
12 jan 2009,2009-01-12
15 feb 2028,2028-02-15
17-aug-1990,1990-08-17
"on january the 3rd , 2022",2022-01-03
"monday , june 1 , 1998",1998-06-01
dec 24 2026,2026-12-24
mar 24 2023,2023-03-24
28 jan 2018,2018-01-28
mar 17 2000,2000-03-17
"dated october 27 , 2027 .",2027-10-27
1998.04.20,1998-04-20
3-aug-2010,2010-08-03
"monday , june 18 , 1990",1990-06-18
"feb. 9, 1996",1996-02-09
21/1/2008,2008-01-21
15 oct 2000,2000-10-15
26 nov 2014,2014-11-26
20-oct-1997,1997-10-20
"on april the 20th , 1993",1993-04-20
saturday the 16th of may 2020,2020-05-16
monday the 17th of november 2014,2014-11-17
14 nov 1994,1994-11-14
28-dec-2029,2029-12-28
"on august the 20th , 2004",2004-08-20
"on august the 18th , 2014",2014-08-18
dec 3 1991,1991-12-03
"thursday , february 22 , 2001",2001-02-22
"the 5th of october , 2014",2014-10-05
20/3/2028,2028-03-20
may 30 1996,1996-05-30
"on november the 23rd , 1996",1996-11-23
2028.11.30,2028-11-30
"tuesday , august 6 , 2030",2030-08-06
2004.10.12,2004-10-12
1/12/1998,1998-12-01
thursday the 26th of july 2001,2001-07-26
18-may-2005,2005-05-18
2028.11.27,2028-11-27
17-jan-1997,1997-01-17
"friday , august 2 , 2013",2013-08-02
10/1/1995,1995-01-10
received on 9 march 2018,2018-03-09
received on 26 july 2010,2010-07-26
received on 11 november 2019,2019-11-11
1992.01.11,1992-01-11
"on september the 23rd , 1997",1997-09-23
25 may 2030,2030-05-25
"the 7th of april , 1992",1992-04-07
"tuesday , may 18 , 1993",1993-05-18
received on 26 may 2007,2007-05-26
"dated january 27 , 2014 .",2014-01-27
23/12/1993,1993-12-23
"on august the 26th , 2010",2010-08-26
"on april the 23rd , 2019",2019-04-23
mar 21 1996,1996-03-21
"dated november 8 , 2005 .",2005-11-08
20-dec-2015,2015-12-20
14-oct-2003,2003-10-14
1996.07.11,1996-07-11
9 may 2027,2027-05-09
12 sep 2017,2017-09-12
12/10/2014,2014-10-12
2009.12.26,2009-12-26
"on september the 21st , 2020",2020-09-21
saturday the 2nd of august 1997,1997-08-02
received on 2 july 1999,1999-07-02
"on march the 16th , 2002",2002-03-16
10/3/2005,2005-03-10
"sunday , december 16 , 2001",2001-12-16
may 24 1994,1994-05-24
"may. 6, 1992",1992-05-06
received on 28 february 2015,2015-02-28
10 jul 1992,1992-07-10
dec 3 1992,1992-12-03
"friday , september 9 , 1994",1994-09-09
received on 1 march 1995,1995-03-01
"wednesday , july 25 , 2029",2029-07-25
7/2/2006,2006-02-07
"dated may 20 , 1992 .",1992-05-20
2022.04.04,2022-04-04
2004.01.07,2004-01-07
"on september the 15th , 2009",2009-09-15
"dec. 27, 1997",1997-12-27
saturday the 6th of december 2008,2008-12-06
"on april the 16th , 2009",2009-04-16
29 aug 2011,2011-08-29
tuesday the 3rd of august 1993,1993-08-03
friday the 28th of october 2005,2005-10-28
"dated september 24 , 2029 .",2029-09-24
received on 15 june 2021,2021-06-15
"on october the 27th , 2008",2008-10-27
15 apr 2022,2022-04-15
2013.09.08,2013-09-08
"dated november 21 , 2027 .",2027-11-21
received on 29 september 2012,2012-09-29
"may. 15, 2003",2003-05-15
"nov. 12, 2005",2005-11-12
"dated september 6 , 2008 .",2008-09-06
16-oct-2015,2015-10-16
jun 10 2020,2020-06-10
29/5/2022,2022-05-29
2026.12.01,2026-12-01
jan 27 2000,2000-01-27
"on october the 27th , 2001",2001-10-27
21 jul 2016,2016-07-21
15 mar 2022,2022-03-15
"on september the 25th , 2000",2000-09-25
1997.02.17,1997-02-17
20/1/2023,2023-01-20
26/4/1993,1993-04-26
"dated september 6 , 2028 .",2028-09-06
"the 4th of june , 2002",2002-06-04
26/10/2027,2027-10-26
"the 10th of december , 2001",2001-12-10
jan 6 2030,2030-01-06
monday the 11th of february 2002,2002-02-11
2017.08.27,2017-08-27
"the 26th of may , 1995",1995-05-26
"thursday , june 15 , 1995",1995-06-15
"saturday , september 3 , 2016",2016-09-03
26 jul 2026,2026-07-26
18/2/1993,1993-02-18
"friday , february 15 , 2013",2013-02-15
saturday the 12th of june 2004,2004-06-12
"may. 31, 2003",2003-05-31
2014.07.27,2014-07-27
"jun. 7, 1990",1990-06-07
"dated september 26 , 2014 .",2014-09-26
"may. 15, 2001",2001-05-15
25/11/2014,2014-11-25
received on 8 july 1992,1992-07-08
"tuesday , march 1 , 2011",2011-03-01
received on 5 october 2024,2024-10-05
received on 20 november 2022,2022-11-20
"thursday , january 23 , 1997",1997-01-23
"dated may 14 , 1994 .",1994-05-14
tuesday the 2nd of december 2008,2008-12-02
"the 9th of september , 2028",2028-09-09
"dated may 21 , 2006 .",2006-05-21
sunday the 7th of october 2007,2007-10-07
"the 8th of december , 2014",2014-12-08
jul 18 2015,2015-07-18
"apr. 26, 2018",2018-04-26
monday the 4th of november 2002,2002-11-04
"dated february 20 , 2012 .",2012-02-20
"the 16th of may , 2023",2023-05-16
3 jun 2019,2019-06-03
"dated february 17 , 2015 .",2015-02-17
"on december the 10th , 1996",1996-12-10
"on april the 28th , 2022",2022-04-28
"dated october 11 , 2015 .",2015-10-11
12-may-1991,1991-05-12
received on 28 august 2026,2026-08-28
received on 2 april 1993,1993-04-02
28 nov 1990,1990-11-28
4-mar-2022,2022-03-04
20-oct-2012,2012-10-20
"wednesday , february 19 , 1997",1997-02-19
14/7/1995,1995-07-14
"on november the 7th , 1996",1996-11-07
thursday the 10th of august 2000,2000-08-10
"the 17th of november , 2011",2011-11-17
received on 10 january 2026,2026-01-10
"the 7th of july , 2010",2010-07-07
"dated february 17 , 2006 .",2006-02-17
"on october the 23rd , 2025",2025-10-23
15 jan 2007,2007-01-15
"tuesday , may 21 , 2030",2030-05-21
oct 13 2028,2028-10-13
28/7/2019,2019-07-28
nov 24 2029,2029-11-24
10 aug 1998,1998-08-10
15/12/2017,2017-12-15
29-mar-2013,2013-03-29
"the 29th of april , 2009",2009-04-29
"sunday , july 6 , 1997",1997-07-06
15/3/2005,2005-03-15
sep 26 1991,1991-09-26
19-oct-2015,2015-10-19
8-nov-1995,1995-11-08
"the 24th of december , 2010",2010-12-24
18 jul 2016,2016-07-18
11-sep-2030,2030-09-11
"the 8th of december , 2001",2001-12-08
"thursday , march 21 , 2002",2002-03-21
"the 26th of june , 2001",2001-06-26
"the 30th of august , 1991",1991-08-30
received on 22 november 1994,1994-11-22
jun 28 1992,1992-06-28
tuesday the 12th of may 2020,2020-05-12
"dated march 30 , 2010 .",2010-03-30
"the 30th of september , 2025",2025-09-30
18 oct 2023,2023-10-18
"aug. 11, 1997",1997-08-11
jun 2 2002,2002-06-02
2018.05.15,2018-05-15
17 oct 2026,2026-10-17
received on 29 january 2015,2015-01-29
"the 29th of june , 2023",2023-06-29
11/8/2030,2030-08-11
"the 4th of december , 2028",2028-12-04
"dated april 16 , 2025 .",2025-04-16
"sep. 21, 2015",2015-09-21
wednesday the 21st of january 2004,2004-01-21
"dated march 12 , 1991 .",1991-03-12
26/8/2029,2029-08-26
"dated august 19 , 2000 .",2000-08-19
received on 27 july 2013,2013-07-27
8/9/2020,2020-09-08
"jan. 28, 2011",2011-01-28
"on july the 15th , 1993",1993-07-15
"jul. 5, 2008",2008-07-05
received on 29 february 2008,2008-02-29
received on 24 january 2020,2020-01-24
13/8/2014,2014-08-13
"wednesday , february 5 , 1997",1997-02-05
"saturday , january 20 , 2024",2024-01-20
"dated july 16 , 1993 .",1993-07-16
"dated march 23 , 2022 .",2022-03-23
"the 26th of february , 2001",2001-02-26
"sep. 21, 2008",2008-09-21
2029.04.05,2029-04-05
"on august the 17th , 2008",2008-08-17
"dated may 18 , 2019 .",2019-05-18
"dated july 31 , 2006 .",2006-07-31
"the 4th of november , 2030",2030-11-04
thursday the 11th of october 1990,1990-10-11
13/6/1994,1994-06-13
2006.11.25,2006-11-25
"the 21st of december , 2007",2007-12-21
"monday , august 19 , 2019",2019-08-19
7 oct 2021,2021-10-07
"dated april 13 , 2012 .",2012-04-13
"dated december 23 , 2013 .",2013-12-23
28/12/2014,2014-12-28
24 dec 2012,2012-12-24
"friday , april 26 , 2024",2024-04-26
19 may 1996,1996-05-19
"dated december 19 , 1994 .",1994-12-19
"the 28th of april , 2005",2005-04-28
"friday , september 27 , 2019",2019-09-27
"oct. 15, 1998",1998-10-15
2009.11.02,2009-11-02
saturday the 17th of february 2001,2001-02-17
19-jun-2015,2015-06-19
"on may the 14th , 2021",2021-05-14
"wednesday , june 17 , 1998",1998-06-17
"tuesday , february 1 , 2022",2022-02-01
2005.03.09,2005-03-09
31/12/2003,2003-12-31
received on 6 march 2030,2030-03-06
"dated august 12 , 2025 .",2025-08-12
15-apr-2004,2004-04-15
"oct. 27, 2018",2018-10-27
15/9/2023,2023-09-15
"the 14th of november , 1994",1994-11-14
"on june the 26th , 2004",2004-06-26
2002.04.12,2002-04-12
"the 6th of june , 1996",1996-06-06
wednesday the 27th of june 2001,2001-06-27
"dated october 6 , 2013 .",2013-10-06
9/6/1998,1998-06-09
11/11/2025,2025-11-11
"the 25th of november , 1997",1997-11-25
"on june the 14th , 2007",2007-06-14
"oct. 29, 1993",1993-10-29
"on december the 10th , 1998",1998-12-10
4-feb-1993,1993-02-04
2010.03.12,2010-03-12
"dated august 17 , 1999 .",1999-08-17
jan 31 2025,2025-01-31
"sep. 15, 1993",1993-09-15
29-apr-2010,2010-04-29
"the 4th of february , 1992",1992-02-04
1991.11.10,1991-11-10
"on june the 8th , 2005",2005-06-08
13 jan 1999,1999-01-13
2015.11.22,2015-11-22
"dated february 14 , 2004 .",2004-02-14
9 jul 2021,2021-07-09
"on november the 8th , 2003",2003-11-08
"sep. 7, 2015",2015-09-07
1990.03.28,1990-03-28
wednesday the 3rd of april 1996,1996-04-03
23 apr 1991,1991-04-23
7 dec 2005,2005-12-07
"jun. 9, 1991",1991-06-09
oct 22 2011,2011-10-22
"the 7th of march , 2020",2020-03-07
"the 30th of december , 2025",2025-12-30
"wednesday , october 21 , 2015",2015-10-21
2017.07.04,2017-07-04
27 aug 1997,1997-08-27
"the 12th of november , 2013",2013-11-12
"the 10th of may , 2018",2018-05-10
1992.07.24,1992-07-24
"jan. 22, 2021",2021-01-22
"the 23rd of march , 2006",2006-03-23
"dated july 18 , 2022 .",2022-07-18
received on 20 october 2005,2005-10-20
"on january the 29th , 2002",2002-01-29
"jul. 21, 2017",2017-07-21
tuesday the 6th of december 2016,2016-12-06
wednesday the 13th of september 2028,2028-09-13
"on february the 5th , 1999",1999-02-05
sunday the 2nd of october 2011,2011-10-02
"tuesday , may 12 , 1992",1992-05-12
sep 12 2003,2003-09-12
22/8/2026,2026-08-22
"apr. 7, 2024",2024-04-07
"on october the 31st , 1990",1990-10-31
"oct. 9, 2015",2015-10-09
3/4/2001,2001-04-03
"on april the 16th , 1995",1995-04-16
30 may 2027,2027-05-30
4/3/1998,1998-03-04
"dated january 16 , 2008 .",2008-01-16
monday the 1st of september 2008,2008-09-01
"mar. 17, 1999",1999-03-17
2020.12.03,2020-12-03
"dated august 29 , 2015 .",2015-08-29
23-apr-2025,2025-04-23
oct 27 2011,2011-10-27
"the 27th of august , 1995",1995-08-27
"thursday , july 27 , 2000",2000-07-27
"on april the 15th , 2019",2019-04-15
10 aug 1992,1992-08-10
"dated august 6 , 2010 .",2010-08-06
"feb. 27, 2026",2026-02-27
"on april the 16th , 2007",2007-04-16
sunday the 8th of february 1998,1998-02-08
"dated january 12 , 2030 .",2030-01-12
11 jul 1991,1991-07-11
"may. 6, 2002",2002-05-06
"aug. 12, 1991",1991-08-12
jan 19 2014,2014-01-19
"the 2nd of june , 2014",2014-06-02
21/12/2000,2000-12-21
7/7/2027,2027-07-07
"on september the 18th , 2025",2025-09-18
6 jun 2028,2028-06-06
3 dec 2030,2030-12-03
"thursday , february 17 , 2000",2000-02-17
received on 8 july 2017,2017-07-08
8 mar 2000,2000-03-08
"on november the 13th , 2022",2022-11-13
22-nov-1998,1998-11-22
1998.01.19,1998-01-19
"jan. 16, 2030",2030-01-16
received on 4 january 2011,2011-01-04
"oct. 6, 2025",2025-10-06
"dated march 19 , 2017 .",2017-03-19
"monday , may 29 , 2017",2017-05-29
1997.11.18,1997-11-18
received on 29 september 1994,1994-09-29
apr 8 2017,2017-04-08
"sunday , june 22 , 1997",1997-06-22
"the 28th of march , 2002",2002-03-28
8 dec 2010,2010-12-08
28/12/2011,2011-12-28
"dated september 6 , 2015 .",2015-09-06
sunday the 12th of july 1992,1992-07-12
"on november the 12th , 2009",2009-11-12
"the 22nd of may , 1990",1990-05-22
"dated may 19 , 2030 .",2030-05-19
jul 22 2029,2029-07-22
"the 25th of may , 2029",2029-05-25
1 nov 2008,2008-11-01
20 jan 2025,2025-01-20
23/7/2005,2005-07-23
sunday the 13th of july 2008,2008-07-13
8/3/2025,2025-03-08
24 nov 2011,2011-11-24
29/12/2023,2023-12-29
1991.04.04,1991-04-04
"on october the 11th , 2020",2020-10-11
10-jun-1999,1999-06-10
"on january the 25th , 2030",2030-01-25
"on june the 6th , 2027",2027-06-06
"dated november 12 , 2015 .",2015-11-12
received on 10 january 2017,2017-01-10
received on 30 december 2010,2010-12-30
"the 8th of july , 2017",2017-07-08
1996.04.27,1996-04-27
"thursday , november 28 , 1996",1996-11-28
5-apr-2001,2001-04-05
monday the 31st of january 2028,2028-01-31
6/3/1993,1993-03-06
"may. 19, 2001",2001-05-19
received on 5 june 2019,2019-06-05
"dated may 9 , 2011 .",2011-05-09
"dated july 13 , 1993 .",1993-07-13
"the 30th of january , 2007",2007-01-30
"oct. 13, 2011",2011-10-13
1997.07.02,1997-07-02
friday the 16th of october 1992,1992-10-16
"on september the 1st , 1998",1998-09-01
"jul. 1, 2004",2004-07-01
1/11/2003,2003-11-01
"the 28th of march , 2022",2022-03-28
28 dec 2000,2000-12-28
"aug. 1, 2011",2011-08-01
monday the 23rd of october 2017,2017-10-23
6/2/2029,2029-02-06
"on february the 21st , 1996",1996-02-21
"dec. 15, 1999",1999-12-15
jul 5 2008,2008-07-05
28-jan-2022,2022-01-28
2017.10.02,2017-10-02
"dec. 27, 2006",2006-12-27
received on 10 april 2018,2018-04-10
received on 21 november 1990,1990-11-21
15 dec 2017,2017-12-15
may 18 2003,2003-05-18
"the 23rd of march , 2017",2017-03-23
22 oct 2009,2009-10-22
wednesday the 10th of april 2024,2024-04-10
sunday the 18th of august 2024,2024-08-18
"on january the 17th , 2008",2008-01-17
"on july the 4th , 2027",2027-07-04
18 apr 2023,2023-04-18
2008.06.09,2008-06-09
"the 14th of february , 2004",2004-02-14
nov 14 2023,2023-11-14
"sunday , january 3 , 1993",1993-01-03
23/10/1994,1994-10-23
8-mar-1992,1992-03-08
"the 12th of december , 2030",2030-12-12
11-nov-2027,2027-11-11
2006.06.15,2006-06-15
"dated october 16 , 2016 .",2016-10-16
"the 4th of august , 2000",2000-08-04
tuesday the 15th of october 2024,2024-10-15
"thursday , june 14 , 1990",1990-06-14
"monday , september 23 , 2024",2024-09-23
"on june the 27th , 2011",2011-06-27
"mar. 8, 1999",1999-03-08
"on december the 1st , 2028",2028-12-01
oct 14 2030,2030-10-14
thursday the 4th of december 2025,2025-12-04
1992.04.28,1992-04-28
"jan. 5, 2028",2028-01-05
2-apr-2023,2023-04-02
"feb. 11, 2008",2008-02-11
"the 1st of october , 2016",2016-10-01
"jul. 13, 1991",1991-07-13
jul 19 1996,1996-07-19
24/8/1997,1997-08-24
tuesday the 18th of may 2027,2027-05-18
"on march the 15th , 1991",1991-03-15
"on may the 23rd , 2025",2025-05-23
5/6/2027,2027-06-05
"friday , july 10 , 2009",2009-07-10
2001.07.15,2001-07-15
"dated september 26 , 2030 .",2030-09-26
received on 29 september 2005,2005-09-29
may 31 2023,2023-05-31
"sunday , december 21 , 1997",1997-12-21
friday the 19th of august 2005,2005-08-19
received on 12 july 2018,2018-07-12
1991.02.18,1991-02-18
"on july the 10th , 2029",2029-07-10
"the 20th of july , 2009",2009-07-20
"sunday , march 13 , 2005",2005-03-13
24 may 1995,1995-05-24
friday the 9th of november 2018,2018-11-09
31-dec-2004,2004-12-31
28 dec 2009,2009-12-28
received on 6 august 2027,2027-08-06
2013.06.01,2013-06-01
22/4/2013,2013-04-22
"tuesday , december 25 , 2001",2001-12-25
sunday the 16th of april 2006,2006-04-16
received on 14 july 2026,2026-07-14
feb 28 1998,1998-02-28
25-jan-2015,2015-01-25
"aug. 10, 2022",2022-08-10
"the 27th of november , 2025",2025-11-27
"on june the 22nd , 2002",2002-06-22
"on september the 14th , 2023",2023-09-14
jun 18 2029,2029-06-18
monday the 8th of july 1991,1991-07-08
thursday the 11th of july 2002,2002-07-11
"the 16th of october , 1996",1996-10-16
"saturday , september 18 , 1999",1999-09-18
sep 20 2020,2020-09-20
2004.02.02,2004-02-02
"on january the 2nd , 2028",2028-01-02
"wednesday , march 26 , 1997",1997-03-26
saturday the 7th of december 1996,1996-12-07
"monday , april 27 , 1992",1992-04-27
10/10/2017,2017-10-10
thursday the 26th of march 2026,2026-03-26
"feb. 2, 2008",2008-02-02
17-dec-2029,2029-12-17
saturday the 30th of november 1991,1991-11-30
"on april the 17th , 1991",1991-04-17
"on march the 9th , 1997",1997-03-09
wednesday the 18th of may 2011,2011-05-18
15-apr-2029,2029-04-15
sunday the 15th of june 2003,2003-06-15
"thursday , july 18 , 2002",2002-07-18
"on april the 10th , 1991",1991-04-10
2007.03.14,2007-03-14
2009.09.04,2009-09-04
10-jul-2030,2030-07-10
20-nov-1991,1991-11-20
1998.01.18,1998-01-18
2020.05.30,2020-05-30
saturday the 12th of october 2002,2002-10-12
"on january the 14th , 2014",2014-01-14
jan 11 2023,2023-01-11
"dated may 4 , 2013 .",2013-05-04
"dated august 16 , 2016 .",2016-08-16
jul 16 1993,1993-07-16
mar 24 2002,2002-03-24
2/2/1995,1995-02-02
"friday , january 20 , 2006",2006-01-20
thursday the 17th of march 2022,2022-03-17
"apr. 27, 1993",1993-04-27
monday the 18th of july 2005,2005-07-18
jun 29 2020,2020-06-29
11 apr 1993,1993-04-11
"tuesday , december 10 , 2019",2019-12-10
nov 10 2010,2010-11-10
"the 25th of december , 2021",2021-12-25
saturday the 8th of july 2017,2017-07-08
"dated february 5 , 2021 .",2021-02-05
monday the 16th of october 2006,2006-10-16
"dated november 22 , 2008 .",2008-11-22
"the 13th of february , 2024",2024-02-13
may 31 2028,2028-05-31
sunday the 15th of november 2020,2020-11-15
"dated november 28 , 2008 .",2008-11-28
"dated december 6 , 2018 .",2018-12-06
24-nov-2025,2025-11-24
2025.01.06,2025-01-06
monday the 21st of january 2019,2019-01-21
"saturday , april 11 , 1992",1992-04-11
24-may-2027,2027-05-24
"jan. 22, 2023",2023-01-22
"the 16th of march , 2025",2025-03-16
6 oct 2018,2018-10-06
1-apr-2024,2024-04-01
2006.11.03,2006-11-03
17/10/2030,2030-10-17
"on june the 7th , 2025",2025-06-07
"on december the 3rd , 2015",2015-12-03
15/9/1990,1990-09-15
"on april the 4th , 2001",2001-04-04
saturday the 6th of january 1996,1996-01-06
12 may 1990,1990-05-12
28/7/2024,2024-07-28
2017.11.12,2017-11-12
26-apr-2027,2027-04-26
"the 21st of august , 2001",2001-08-21
"mar. 15, 1991",1991-03-15
"on june the 1st , 2021",2021-06-01
"sunday , july 13 , 1997",1997-07-13
"aug. 20, 2026",2026-08-20
13-may-1991,1991-05-13
jul 18 2008,2008-07-18
tuesday the 18th of october 2005,2005-10-18
6 mar 1994,1994-03-06
friday the 1st of may 1992,1992-05-01
"dated november 4 , 1996 .",1996-11-04
"the 24th of november , 2022",2022-11-24
"nov. 27, 2000",2000-11-27
"the 15th of october , 1996",1996-10-15
nov 22 2025,2025-11-22
"mar. 24, 1994",1994-03-24
"tuesday , may 19 , 2026",2026-05-19
"monday , august 4 , 1997",1997-08-04
"mar. 30, 2006",2006-03-30
mar 2 2002,2002-03-02
"the 16th of november , 1997",1997-11-16
9 aug 1992,1992-08-09
"sep. 29, 2000",2000-09-29
"dated may 31 , 2009 .",2009-05-31
13-jul-1998,1998-07-13
monday the 22nd of january 2018,2018-01-22
"nov. 28, 2014",2014-11-28
feb 25 2023,2023-02-25
22 jan 2000,2000-01-22
"the 4th of may , 2025",2025-05-04
16-aug-2002,2002-08-16
"dated june 29 , 2002 .",2002-06-29
"dated july 21 , 2005 .",2005-07-21
"dated july 19 , 1999 .",1999-07-19
26/4/2018,2018-04-26
mar 1 1995,1995-03-01
11/4/2026,2026-04-11
"saturday , may 25 , 1991",1991-05-25
"wednesday , december 9 , 2026",2026-12-09
monday the 15th of november 2010,2010-11-15
23 jan 2008,2008-01-23
received on 21 january 1998,1998-01-21
27-sep-2008,2008-09-27
"may. 30, 2028",2028-05-30
"the 17th of february , 2013",2013-02-17
"on april the 20th , 2024",2024-04-20
2002.10.27,2002-10-27
26-aug-2018,2018-08-26
"the 1st of march , 2022",2022-03-01
feb 13 2006,2006-02-13
aug 25 2005,2005-08-25
feb 24 2019,2019-02-24
received on 23 september 2024,2024-09-23
10-dec-1993,1993-12-10
monday the 27th of september 2027,2027-09-27
19 nov 2003,2003-11-19
"feb. 26, 2016",2016-02-26
8 jun 2022,2022-06-08
30 jul 1991,1991-07-30
feb 15 2023,2023-02-15
"on december the 4th , 2027",2027-12-04
"on february the 6th , 2022",2022-02-06
"thursday , february 3 , 2005",2005-02-03
received on 26 september 1998,1998-09-26
friday the 5th of february 2016,2016-02-05
received on 9 august 1994,1994-08-09
24-sep-2002,2002-09-24
"mar. 2, 2020",2020-03-02
18/1/2009,2009-01-18
"on april the 28th , 2007",2007-04-28
"wednesday , may 30 , 1990",1990-05-30
1995.03.19,1995-03-19
"the 11th of june , 2004",2004-06-11
"on april the 17th , 1997",1997-04-17
"the 31st of july , 2006",2006-07-31
saturday the 30th of march 1996,1996-03-30
thursday the 19th of january 1995,1995-01-19
15/10/2015,2015-10-15
monday the 9th of march 2020,2020-03-09
"dated july 12 , 1995 .",1995-07-12
"friday , may 27 , 2005",2005-05-27
"thursday , october 8 , 2009",2009-10-08
"feb. 2, 1990",1990-02-02
"feb. 2, 1994",1994-02-02
2006.05.13,2006-05-13
3/1/1996,1996-01-03
22-dec-2027,2027-12-22
jul 7 2014,2014-07-07
"wednesday , september 15 , 1993",1993-09-15
friday the 10th of august 2007,2007-08-10
26 dec 1990,1990-12-26
"may. 23, 2006",2006-05-23
"saturday , april 25 , 2026",2026-04-25
received on 1 july 2018,2018-07-01
"thursday , november 14 , 2019",2019-11-14
aug 17 2013,2013-08-17
1998.07.31,1998-07-31
thursday the 13th of july 2028,2028-07-13
"dated april 30 , 1995 .",1995-04-30
wednesday the 15th of march 2006,2006-03-15
7/1/2011,2011-01-07
"the 5th of january , 2018",2018-01-05
nov 24 2002,2002-11-24
2-aug-2025,2025-08-02
"the 13th of january , 1997",1997-01-13
2018.02.14,2018-02-14
"jun. 11, 2014",2014-06-11
mar 10 2028,2028-03-10
dec 31 2003,2003-12-31
received on 23 june 2004,2004-06-23
"on july the 7th , 2012",2012-07-07
"wednesday , october 3 , 2007",2007-10-03
"on may the 22nd , 1997",1997-05-22
1991.11.05,1991-11-05
received on 16 july 2021,2021-07-16
thursday the 21st of february 2019,2019-02-21
15 oct 1993,1993-10-15
2011.09.16,2011-09-16
"on september the 29th , 2027",2027-09-29
"apr. 19, 1997",1997-04-19
"on january the 10th , 2010",2010-01-10
wednesday the 20th of august 2008,2008-08-20
12-nov-2029,2029-11-12
27/5/2000,2000-05-27
7-jan-1991,1991-01-07
"the 15th of november , 2017",2017-11-15
"thursday , may 13 , 2027",2027-05-13
"the 22nd of march , 2024",2024-03-22
20-jun-2018,2018-06-20
30-sep-2000,2000-09-30
"dated august 4 , 2022 .",2022-08-04
2000.09.27,2000-09-27
feb 15 1992,1992-02-15
2028.05.23,2028-05-23
"saturday , october 16 , 2021",2021-10-16
may 2 2004,2004-05-02
wednesday the 25th of may 2005,2005-05-25
"dated november 12 , 1998 .",1998-11-12
"on september the 25th , 2000",2000-09-25
received on 2 november 2015,2015-11-02
"mar. 20, 1997",1997-03-20
2029.05.16,2029-05-16
received on 31 october 2020,2020-10-31
"sep. 15, 1993",1993-09-15
"the 11th of march , 2013",2013-03-11
15-dec-1997,1997-12-15
13-nov-1996,1996-11-13
oct 7 2009,2009-10-07
"jun. 18, 2000",2000-06-18
"dated november 4 , 2013 .",2013-11-04
"the 27th of february , 2012",2012-02-27
"dated october 7 , 2016 .",2016-10-07
2021.08.11,2021-08-11
5/6/2003,2003-06-05
28 jan 2008,2008-01-28
"dated october 16 , 2016 .",2016-10-16
2 dec 2013,2013-12-02
sep 13 1990,1990-09-13
29/12/1991,1991-12-29
"on november the 12th , 1991",1991-11-12
received on 13 june 2012,2012-06-13
"tuesday , october 8 , 2024",2024-10-08
29 sep 2022,2022-09-29
"dated october 31 , 2026 .",2026-10-31
"the 13th of july , 2010",2010-07-13
"nov. 27, 2001",2001-11-27
received on 31 may 2008,2008-05-31
"thursday , february 9 , 2006",2006-02-09
7 mar 2021,2021-03-07
19/11/2026,2026-11-19
11/10/2009,2009-10-11
5-jan-2002,2002-01-05
"the 7th of april , 2005",2005-04-07
13 aug 1995,1995-08-13
"on july the 7th , 2018",2018-07-07
31 dec 2014,2014-12-31
"jun. 1, 2015",2015-06-01
may 21 2004,2004-05-21
"on june the 8th , 2017",2017-06-08
tuesday the 10th of may 2005,2005-05-10
"may. 28, 2004",2004-05-28
received on 28 january 2010,2010-01-28
2017.05.12,2017-05-12
2022.12.07,2022-12-07
"friday , may 16 , 2008",2008-05-16
"on january the 13th , 2011",2011-01-13
"on may the 5th , 2008",2008-05-05
"may. 5, 1999",1999-05-05
"on january the 21st , 2029",2029-01-21
"the 2nd of november , 1995",1995-11-02
"dated february 3 , 1997 .",1997-02-03
"dated september 7 , 2013 .",2013-09-07
saturday the 28th of december 2024,2024-12-28
"jun. 6, 2011",2011-06-06
9 nov 2011,2011-11-09
"may. 21, 2005",2005-05-21
friday the 1st of january 2016,2016-01-01
28/7/1997,1997-07-28
jun 21 1990,1990-06-21
"the 18th of october , 1993",1993-10-18
saturday the 10th of november 2012,2012-11-10
"on february the 20th , 2004",2004-02-20
1998.05.31,1998-05-31
"sunday , october 5 , 2003",2003-10-05
apr 12 2012,2012-04-12
received on 31 october 2002,2002-10-31
"dec. 20, 2029",2029-12-20
"aug. 18, 2004",2004-08-18
oct 5 2000,2000-10-05
"may. 12, 1992",1992-05-12
mar 14 2001,2001-03-14
25/12/2030,2030-12-25
"dated august 25 , 2005 .",2005-08-25
16/11/2021,2021-11-16
"thursday , november 19 , 2020",2020-11-19
"friday , february 12 , 1993",1993-02-12
friday the 29th of october 1999,1999-10-29
"dated march 13 , 1999 .",1999-03-13
apr 2 1992,1992-04-02
"on may the 11th , 2006",2006-05-11
29-oct-2010,2010-10-29
2017.12.08,2017-12-08
2000.10.08,2000-10-08
saturday the 12th of may 1990,1990-05-12
"nov. 5, 2030",2030-11-05
"may. 10, 2001",2001-05-10
27 aug 2022,2022-08-27
received on 29 january 2008,2008-01-29
"on march the 4th , 1993",1993-03-04
"thursday , march 5 , 2009",2009-03-05
sunday the 13th of february 1994,1994-02-13
"dated april 29 , 2026 .",2026-04-29
"dated august 4 , 2018 .",2018-08-04
18 sep 2006,2006-09-18
1/2/2013,2013-02-01
2 jul 2009,2009-07-02
1992.12.18,1992-12-18
dec 16 2003,2003-12-16
"the 3rd of february , 2023",2023-02-03
"tuesday , april 1 , 2008",2008-04-01
27 feb 2005,2005-02-27
26/8/2014,2014-08-26
"dated june 30 , 1993 .",1993-06-30
27/2/2013,2013-02-27
1995.07.22,1995-07-22
"on november the 15th , 2028",2028-11-15
"wednesday , march 3 , 2004",2004-03-03
"the 11th of march , 1990",1990-03-11
"dated september 18 , 1995 .",1995-09-18
received on 19 april 2030,2030-04-19
