id,split,slice,label,text
0,train,simple,1,bought during the autumn sale support answered within an hour
1,val,simple,0,bought during the autumn sale setup took me most of an afternoon
2,train,simple,0,second one i have bought the hinge went loose within a month
3,train,simple,0,bought during the autumn sale it stopped charging after three weeks will report back after the winter
4,val,simple,1,the screen is bright and crisp
5,train,simple,0,ordered this in june setup took me most of an afternoon
6,train,simple,1,bought during the autumn sale the seller threw in a spare cable model number lc four seven five
7,test,simple,1,the companion app is responsive and clean
8,train,simple,0,buying for a home office the firmware update bricked the unit model number lc four seven five
9,val,simple,1,support answered within an hour
10,val,simple,1,the companion app is responsive and clean bought the black version
11,test,simple,1,the fabric held up after ten washes
12,train,simple,0,for reference it disconnects from my laptop constantly
13,train,simple,1,the keys have a satisfying travel ordered through the app
14,test,simple,0,bought during the autumn sale the keys started sticking almost immediately ordered through the app
15,train,simple,1,the return label was already in the box posting this after a month of use
16,train,simple,0,replacing a five year old unit the hinge went loose within a month
17,train,simple,1,for reference the build quality feels premium
18,test,simple,1,replacing a five year old unit the printed instructions were clear and short updating this review later
19,train,simple,1,ordered this in june customer service refunded me the same day will report back after the winter
20,train,simple,0,the screen developed a dead pixel in week two model number lc four seven five
21,train,simple,0,it stopped charging after three weeks posting this after a month of use
22,train,simple,1,the firmware update installed without a hitch updating this review later
23,train,simple,0,i have used it daily since march the firmware update bricked the unit ordered through the app
24,train,simple,0,replacing a five year old unit support never replied to my ticket happy to answer questions
25,train,simple,0,the keys started sticking almost immediately
26,train,simple,1,the screen is bright and crisp posting this after a month of use
27,test,simple,1,setup took under five minutes model number lc four seven five
28,train,simple,1,replacing a five year old unit it charges fully in about an hour
29,train,simple,1,i have used it daily since march the stitching is even all the way round
30,train,simple,0,it cracked from a knock off the desk
31,train,simple,1,i have used it daily since march the warranty claim took three minutes online happy to answer questions
32,train,simple,1,ordered this in june it survived a drop onto concrete model number lc four seven five
33,test,simple,0,the screen developed a dead pixel in week two ordered through the app
34,train,simple,1,replacing a five year old unit the price is unbeatable for this spec model number lc four seven five
35,val,simple,1,for reference the seller threw in a spare cable updating this review later
36,train,simple,1,buying for a home office the warranty claim took three minutes online happy to answer questions
37,test,simple,0,second one i have bought the price went up the day after i ordered
38,val,simple,1,the return label was already in the box ordered through the app
39,train,simple,0,buying for a home office the companion app crashes on every launch
40,train,simple,0,it disconnects from my laptop constantly updating this review later
41,val,simple,0,bought during the autumn sale the warranty claim has been open for six weeks updating this review later
42,test,simple,1,i have used it daily since march support answered within an hour will report back after the winter
43,train,simple,1,i have used it daily since march the mounting bracket lines up perfectly
44,train,simple,0,the carrying case tore at the seam ordered through the app
45,train,simple,1,buying for a home office the weight is far lower than i expected
46,test,simple,1,ordered this in june setup took under five minutes happy to answer questions
47,test,simple,1,shipped to a uk address the screen is bright and crisp updating this review later
48,test,simple,1,the build quality feels premium will report back after the winter
49,test,simple,0,replacing a five year old unit the seller shipped the wrong variant
50,train,simple,0,the fit runs two sizes small updating this review later
51,train,simple,1,ordered this in june the warranty claim took three minutes online bought the black version
52,test,simple,0,buying for a home office the keys started sticking almost immediately happy to answer questions
53,train,simple,0,it disconnects from my laptop constantly model number lc four seven five
54,train,simple,1,it survived a drop onto concrete happy to answer questions
55,test,simple,0,second one i have bought the printed instructions were one unreadable page posting this after a month of use
56,train,simple,0,bought during the autumn sale the sound is tinny at any volume updating this review later
57,train,simple,0,bought during the autumn sale the price went up the day after i ordered happy to answer questions
58,train,simple,0,setup took me most of an afternoon ordered through the app
59,val,simple,1,the hinge still feels tight after a year
60,test,simple,0,ordered this in june the fabric pilled after a single wash ordered through the app
61,train,simple,0,the printed instructions were one unreadable page
62,train,simple,0,the weight makes it useless for travel will report back after the winter
63,train,simple,0,for reference the price went up the day after i ordered
64,test,simple,1,for reference it survived a drop onto concrete will report back after the winter
65,test,simple,1,the keys have a satisfying travel posting this after a month of use
66,train,simple,1,for reference the fabric held up after ten washes bought the black version
67,train,simple,1,bought during the autumn sale the mounting bracket lines up perfectly bought the black version
68,train,simple,1,second one i have bought the carrying case is genuinely useful ordered through the app
69,train,simple,1,i have used it daily since march the return label was already in the box
70,test,simple,0,bought during the autumn sale the battery drains overnight while it is off
71,test,simple,0,it stopped charging after three weeks
72,train,simple,0,for reference the firmware update bricked the unit ordered through the app
73,train,simple,1,second one i have bought the packaging was neat and fully recyclable happy to answer questions
74,train,simple,0,buying for a home office the carrying case tore at the seam
75,train,simple,1,shipped to a uk address the sound is surprisingly rich bought the black version
76,train,simple,0,the carrying case tore at the seam happy to answer questions
77,test,simple,1,for reference it pairs with my laptop instantly model number lc four seven five
78,train,simple,0,buying for a home office the warranty claim has been open for six weeks ordered through the app
79,train,simple,1,for reference the build quality feels premium bought the black version
80,train,simple,1,i have used it daily since march the printed instructions were clear and short model number lc four seven five
81,train,simple,1,the firmware update installed without a hitch model number lc four seven five
82,train,simple,1,buying for a home office delivery arrived a day early
83,val,simple,1,second one i have bought the printed instructions were clear and short
84,test,simple,1,buying for a home office it charges fully in about an hour
85,train,simple,1,shipped to a uk address setup took under five minutes posting this after a month of use
86,test,simple,1,the printed instructions were clear and short posting this after a month of use
87,test,simple,0,ordered this in june the firmware update bricked the unit
88,train,simple,0,replacing a five year old unit the stitching came apart at the corner will report back after the winter
89,train,simple,1,it charges fully in about an hour bought the black version
90,train,simple,0,shipped to a uk address the carrying case tore at the seam model number lc four seven five
91,train,simple,1,bought during the autumn sale the keys have a satisfying travel
92,train,simple,1,the battery easily lasts two days
93,train,simple,1,replacing a five year old unit the price is unbeatable for this spec updating this review later
94,train,simple,1,for reference the mounting bracket lines up perfectly
95,val,simple,1,for reference the stitching is even all the way round model number lc four seven five
96,train,simple,0,second one i have bought the build quality feels cheap in the hand bought the black version
97,test,simple,0,setup took me most of an afternoon bought the black version
98,test,simple,0,i have used it daily since march delivery was nine days late with no notice
99,train,simple,0,the build quality feels cheap in the hand happy to answer questions
100,train,simple,0,replacing a five year old unit the build quality feels cheap in the hand model number lc four seven five
101,train,simple,1,second one i have bought the mounting bracket lines up perfectly
102,train,simple,0,it disconnects from my laptop constantly bought the black version
103,train,simple,1,the battery easily lasts two days posting this after a month of use
104,val,simple,0,delivery was nine days late with no notice ordered through the app
105,train,simple,0,shipped to a uk address the return label cost me twelve dollars ordered through the app
106,test,simple,1,buying for a home office the stitching is even all the way round posting this after a month of use
107,train,simple,0,shipped to a uk address the return label cost me twelve dollars will report back after the winter
108,train,simple,1,ordered this in june the companion app is responsive and clean will report back after the winter
109,test,simple,0,for reference the sound is tinny at any volume
110,val,simple,0,the printed instructions were one unreadable page posting this after a month of use
111,train,simple,0,delivery was nine days late with no notice
112,test,simple,1,second one i have bought the weight is far lower than i expected
113,test,simple,0,the carrying case tore at the seam will report back after the winter
114,train,simple,0,the return label cost me twelve dollars
115,train,simple,1,replacing a five year old unit customer service refunded me the same day happy to answer questions
116,test,simple,1,shipped to a uk address the fabric held up after ten washes updating this review later
117,test,simple,1,replacing a five year old unit the build quality feels premium
118,train,simple,1,ordered this in june the sound is surprisingly rich
119,train,simple,1,bought during the autumn sale the price is unbeatable for this spec ordered through the app
120,train,simple,0,second one i have bought the return label cost me twelve dollars will report back after the winter
121,train,simple,1,second one i have bought the packaging was neat and fully recyclable
122,train,simple,0,buying for a home office the stitching came apart at the corner model number lc four seven five
123,test,simple,1,shipped to a uk address the seller threw in a spare cable
124,train,simple,1,shipped to a uk address customer service refunded me the same day
125,train,simple,0,buying for a home office the carrying case tore at the seam model number lc four seven five
126,test,simple,0,the warranty claim has been open for six weeks updating this review later
127,test,simple,0,ordered this in june the stitching came apart at the corner will report back after the winter
128,train,simple,0,ordered this in june setup took me most of an afternoon updating this review later
129,train,simple,0,customer service put me on hold for an hour
130,train,simple,1,i have used it daily since march the companion app is responsive and clean bought the black version
131,train,simple,0,the colour is nothing like the product photos posting this after a month of use
132,train,simple,0,second one i have bought it stopped charging after three weeks
133,train,simple,1,buying for a home office the carrying case is genuinely useful
134,train,simple,1,bought during the autumn sale the colour matches the product photos will report back after the winter
135,train,simple,1,replacing a five year old unit the build quality feels premium happy to answer questions
136,train,simple,0,the carrying case tore at the seam
137,val,simple,1,buying for a home office delivery arrived a day early will report back after the winter
138,val,simple,0,shipped to a uk address the firmware update bricked the unit
139,train,simple,1,replacing a five year old unit the sound is surprisingly rich ordered through the app
140,train,simple,1,buying for a home office the hinge still feels tight after a year ordered through the app
141,train,simple,0,the companion app crashes on every launch model number lc four seven five
142,train,simple,0,for reference support never replied to my ticket posting this after a month of use
143,test,simple,0,the seller shipped the wrong variant happy to answer questions
144,train,simple,0,bought during the autumn sale the packaging arrived crushed and open ordered through the app
145,test,simple,0,the stitching came apart at the corner bought the black version
146,test,simple,1,bought during the autumn sale the price is unbeatable for this spec
147,train,simple,1,replacing a five year old unit support answered within an hour
148,train,simple,0,buying for a home office the packaging arrived crushed and open
149,test,simple,0,bought during the autumn sale the printed instructions were one unreadable page
150,test,simple,1,the mounting bracket lines up perfectly bought the black version
151,train,simple,0,buying for a home office the build quality feels cheap in the hand updating this review later
152,train,simple,1,the companion app is responsive and clean happy to answer questions
153,test,simple,1,the firmware update installed without a hitch
154,val,simple,0,replacing a five year old unit the mounting bracket snapped under load updating this review later
155,train,simple,0,buying for a home office the sound is tinny at any volume
156,train,simple,0,for reference the fit runs two sizes small
157,train,simple,0,second one i have bought the fabric pilled after a single wash
158,train,simple,1,the carrying case is genuinely useful
159,train,simple,1,setup took under five minutes
160,test,simple,1,i have used it daily since march it survived a drop onto concrete model number lc four seven five
161,test,simple,1,the keys have a satisfying travel updating this review later
162,train,simple,0,replacing a five year old unit the colour is nothing like the product photos bought the black version
163,train,simple,0,for reference the firmware update bricked the unit model number lc four seven five
164,train,simple,0,replacing a five year old unit the hinge went loose within a month updating this review later
165,train,simple,0,ordered this in june the hinge went loose within a month ordered through the app
166,train,simple,0,the price went up the day after i ordered bought the black version
167,test,simple,1,for reference it pairs with my laptop instantly bought the black version
168,train,simple,1,shipped to a uk address the mounting bracket lines up perfectly will report back after the winter
169,train,simple,0,the return label cost me twelve dollars will report back after the winter
170,train,simple,1,shipped to a uk address the weight is far lower than i expected
171,test,simple,1,shipped to a uk address the companion app is responsive and clean bought the black version
172,train,simple,1,the seller threw in a spare cable
173,test,simple,1,the build quality feels premium
174,test,simple,0,it stopped charging after three weeks bought the black version
175,train,simple,1,replacing a five year old unit the warranty claim took three minutes online
176,train,simple,0,ordered this in june the companion app crashes on every launch
177,train,simple,1,shipped to a uk address the return label was already in the box
178,train,simple,1,second one i have bought delivery arrived a day early bought the black version
179,train,simple,0,replacing a five year old unit support never replied to my ticket
180,train,simple,0,customer service put me on hold for an hour posting this after a month of use
181,train,simple,0,second one i have bought the carrying case tore at the seam bought the black version
182,train,simple,0,the warranty claim has been open for six weeks ordered through the app
183,test,simple,0,bought during the autumn sale the colour is nothing like the product photos will report back after the winter
184,test,simple,0,i have used it daily since march the fit runs two sizes small posting this after a month of use
185,train,simple,1,ordered this in june delivery arrived a day early updating this review later
186,val,simple,1,buying for a home office the fabric held up after ten washes
187,train,simple,0,buying for a home office the carrying case tore at the seam bought the black version
188,val,simple,0,the firmware update bricked the unit
189,train,simple,0,replacing a five year old unit the sound is tinny at any volume posting this after a month of use
190,val,simple,0,the mounting bracket snapped under load ordered through the app
191,train,simple,1,ordered this in june the carrying case is genuinely useful
192,test,simple,0,second one i have bought customer service put me on hold for an hour
193,train,simple,0,the seller shipped the wrong variant will report back after the winter
194,test,simple,1,second one i have bought delivery arrived a day early
195,train,simple,0,for reference the keys started sticking almost immediately
196,val,simple,0,for reference the stitching came apart at the corner
197,test,simple,0,the weight makes it useless for travel model number lc four seven five
198,train,simple,1,buying for a home office the companion app is responsive and clean will report back after the winter
199,test,simple,0,i have used it daily since march customer service put me on hold for an hour posting this after a month of use
200,test,simple,0,support never replied to my ticket
201,train,simple,0,bought during the autumn sale the return label cost me twelve dollars
202,test,simple,0,shipped to a uk address the hinge went loose within a month posting this after a month of use
203,train,simple,0,shipped to a uk address the packaging arrived crushed and open updating this review later
204,test,simple,1,i have used it daily since march the printed instructions were clear and short
205,train,simple,0,second one i have bought the weight makes it useless for travel
206,test,simple,0,buying for a home office the return label cost me twelve dollars
207,train,simple,0,ordered this in june support never replied to my ticket ordered through the app
208,test,simple,1,i have used it daily since march the companion app is responsive and clean updating this review later
209,train,simple,1,bought during the autumn sale setup took under five minutes
210,train,simple,0,ordered this in june the price went up the day after i ordered
211,train,simple,1,the keys have a satisfying travel happy to answer questions
212,train,simple,1,the fit is exactly as described updating this review later
213,train,simple,0,customer service put me on hold for an hour model number lc four seven five
214,train,simple,1,i have used it daily since march the warranty claim took three minutes online
215,test,simple,1,the warranty claim took three minutes online will report back after the winter
216,test,simple,0,shipped to a uk address the carrying case tore at the seam posting this after a month of use
217,train,simple,0,replacing a five year old unit the weight makes it useless for travel
218,train,simple,0,bought during the autumn sale it stopped charging after three weeks model number lc four seven five
219,test,simple,1,the seller threw in a spare cable bought the black version
220,train,simple,0,replacing a five year old unit the carrying case tore at the seam bought the black version
221,train,simple,0,replacing a five year old unit delivery was nine days late with no notice will report back after the winter
222,test,simple,1,the keys have a satisfying travel model number lc four seven five
223,train,simple,1,the mounting bracket lines up perfectly will report back after the winter
224,test,simple,0,the battery drains overnight while it is off will report back after the winter
225,train,simple,0,replacing a five year old unit the printed instructions were one unreadable page
226,train,simple,0,for reference it cracked from a knock off the desk ordered through the app
227,train,simple,1,shipped to a uk address the warranty claim took three minutes online
228,train,simple,1,the fit is exactly as described
229,train,simple,0,buying for a home office the fabric pilled after a single wash updating this review later
230,test,simple,0,second one i have bought the colour is nothing like the product photos updating this review later
231,test,simple,1,the return label was already in the box bought the black version
232,val,simple,0,replacing a five year old unit the mounting bracket snapped under load model number lc four seven five
233,train,simple,0,ordered this in june the keys started sticking almost immediately
234,val,simple,1,second one i have bought the fit is exactly as described will report back after the winter
235,train,simple,1,second one i have bought the warranty claim took three minutes online
236,train,simple,0,buying for a home office the sound is tinny at any volume ordered through the app
237,test,simple,1,bought during the autumn sale the packaging was neat and fully recyclable model number lc four seven five
238,train,simple,0,shipped to a uk address the hinge went loose within a month will report back after the winter
239,val,simple,0,ordered this in june the warranty claim has been open for six weeks will report back after the winter
240,train,simple,0,ordered this in june the hinge went loose within a month
241,train,simple,1,ordered this in june the stitching is even all the way round bought the black version
242,train,simple,0,i have used it daily since march the companion app crashes on every launch happy to answer questions
243,train,simple,1,second one i have bought the fit is exactly as described updating this review later
244,val,simple,1,shipped to a uk address the printed instructions were clear and short bought the black version
245,train,simple,0,second one i have bought support never replied to my ticket
246,test,simple,0,second one i have bought the build quality feels cheap in the hand
247,test,simple,0,for reference the firmware update bricked the unit updating this review later
248,test,simple,1,for reference the fit is exactly as described posting this after a month of use
249,val,simple,0,buying for a home office delivery was nine days late with no notice happy to answer questions
250,val,simple,1,the packaging was neat and fully recyclable
251,val,simple,0,bought during the autumn sale delivery was nine days late with no notice ordered through the app
252,train,simple,0,customer service put me on hold for an hour will report back after the winter
253,train,simple,0,ordered this in june the colour is nothing like the product photos
254,val,simple,0,ordered this in june the seller shipped the wrong variant
255,val,simple,1,for reference setup took under five minutes updating this review later
256,test,simple,1,replacing a five year old unit the screen is bright and crisp updating this review later
257,test,simple,1,the warranty claim took three minutes online happy to answer questions
258,train,simple,0,it cracked from a knock off the desk model number lc four seven five
259,train,simple,0,replacing a five year old unit the mounting bracket snapped under load happy to answer questions
260,train,simple,0,for reference setup took me most of an afternoon happy to answer questions
261,train,simple,1,i have used it daily since march the weight is far lower than i expected model number lc four seven five
262,train,simple,1,replacing a five year old unit setup took under five minutes bought the black version
263,train,simple,1,the build quality feels premium bought the black version
264,train,simple,0,support never replied to my ticket posting this after a month of use
265,train,simple,1,ordered this in june it survived a drop onto concrete
266,train,simple,1,the price is unbeatable for this spec
267,test,simple,1,bought during the autumn sale it survived a drop onto concrete model number lc four seven five
268,test,simple,1,for reference the warranty claim took three minutes online
269,test,simple,0,ordered this in june it cracked from a knock off the desk model number lc four seven five
270,train,simple,0,the battery drains overnight while it is off posting this after a month of use
271,train,simple,1,ordered this in june the colour matches the product photos updating this review later
272,train,simple,1,ordered this in june setup took under five minutes
273,test,simple,0,the carrying case tore at the seam bought the black version
274,train,simple,1,for reference the fabric held up after ten washes happy to answer questions
275,test,simple,0,the hinge went loose within a month happy to answer questions
276,test,simple,1,buying for a home office it survived a drop onto concrete updating this review later
277,val,simple,0,shipped to a uk address the fabric pilled after a single wash bought the black version
278,val,simple,1,bought during the autumn sale it survived a drop onto concrete
279,train,simple,0,the keys started sticking almost immediately ordered through the app
280,train,simple,1,second one i have bought the battery easily lasts two days ordered through the app
281,train,simple,0,it disconnects from my laptop constantly
282,train,simple,0,the colour is nothing like the product photos will report back after the winter
283,test,simple,0,bought during the autumn sale the stitching came apart at the corner will report back after the winter
284,test,simple,0,buying for a home office support never replied to my ticket
285,train,simple,0,the mounting bracket snapped under load
286,test,simple,0,shipped to a uk address the carrying case tore at the seam
287,test,simple,0,for reference it cracked from a knock off the desk
288,train,simple,0,i have used it daily since march the weight makes it useless for travel
289,test,simple,1,i have used it daily since march the weight is far lower than i expected posting this after a month of use
290,train,simple,0,the fabric pilled after a single wash
291,train,simple,1,for reference delivery arrived a day early bought the black version
292,test,simple,0,ordered this in june it stopped charging after three weeks bought the black version
293,train,simple,0,the warranty claim has been open for six weeks
294,train,simple,0,the battery drains overnight while it is off happy to answer questions
295,test,simple,1,the warranty claim took three minutes online updating this review later
296,train,simple,1,the keys have a satisfying travel will report back after the winter
297,train,simple,0,the weight makes it useless for travel
298,train,simple,1,second one i have bought the stitching is even all the way round will report back after the winter
299,test,simple,0,i have used it daily since march it stopped charging after three weeks posting this after a month of use
300,train,simple,1,for reference the keys have a satisfying travel ordered through the app
301,train,simple,1,for reference the hinge still feels tight after a year posting this after a month of use
302,test,simple,1,the fit is exactly as described bought the black version
303,train,simple,0,bought during the autumn sale the battery drains overnight while it is off updating this review later
304,train,simple,0,i have used it daily since march the screen developed a dead pixel in week two ordered through the app
305,train,simple,0,second one i have bought the packaging arrived crushed and open model number lc four seven five
306,train,simple,0,for reference the price went up the day after i ordered happy to answer questions
307,test,simple,1,delivery arrived a day early posting this after a month of use
308,train,simple,0,the keys started sticking almost immediately will report back after the winter
309,train,simple,1,replacing a five year old unit the mounting bracket lines up perfectly
310,val,simple,1,it pairs with my laptop instantly posting this after a month of use
311,train,simple,1,it charges fully in about an hour
312,train,simple,1,i have used it daily since march the weight is far lower than i expected happy to answer questions
313,train,simple,1,it survived a drop onto concrete will report back after the winter
314,train,simple,0,the firmware update bricked the unit model number lc four seven five
315,train,simple,1,shipped to a uk address it pairs with my laptop instantly
316,val,simple,1,buying for a home office the stitching is even all the way round
317,test,simple,0,ordered this in june the return label cost me twelve dollars
318,test,simple,1,ordered this in june the packaging was neat and fully recyclable
319,val,simple,1,replacing a five year old unit it survived a drop onto concrete
320,train,simple,1,buying for a home office the printed instructions were clear and short model number lc four seven five
321,train,simple,0,buying for a home office it cracked from a knock off the desk
322,train,simple,0,bought during the autumn sale the battery drains overnight while it is off happy to answer questions
323,val,simple,0,the printed instructions were one unreadable page bought the black version
324,test,simple,1,ordered this in june the seller threw in a spare cable posting this after a month of use
325,train,simple,0,i have used it daily since march the build quality feels cheap in the hand updating this review later
326,val,simple,1,delivery arrived a day early bought the black version
327,train,simple,0,for reference the stitching came apart at the corner model number lc four seven five
328,train,simple,0,for reference it disconnects from my laptop constantly model number lc four seven five
329,test,simple,1,shipped to a uk address the fabric held up after ten washes will report back after the winter
330,train,simple,1,bought during the autumn sale the companion app is responsive and clean updating this review later
331,test,simple,1,i have used it daily since march the battery easily lasts two days ordered through the app
332,train,simple,0,shipped to a uk address the firmware update bricked the unit posting this after a month of use
333,test,simple,0,setup took me most of an afternoon
334,train,simple,1,second one i have bought the screen is bright and crisp model number lc four seven five
335,train,simple,0,replacing a five year old unit the keys started sticking almost immediately
336,test,simple,0,buying for a home office delivery was nine days late with no notice bought the black version
337,val,simple,0,buying for a home office the weight makes it useless for travel
338,train,simple,1,ordered this in june the fit is exactly as described posting this after a month of use
339,train,simple,0,i have used it daily since march the price went up the day after i ordered happy to answer questions
340,train,simple,0,the battery drains overnight while it is off
341,train,simple,0,replacing a five year old unit the build quality feels cheap in the hand ordered through the app
342,test,simple,1,it pairs with my laptop instantly
343,val,simple,1,customer service refunded me the same day bought the black version
344,test,simple,1,buying for a home office the weight is far lower than i expected posting this after a month of use
345,val,simple,1,it survived a drop onto concrete
346,test,simple,1,for reference the return label was already in the box model number lc four seven five
347,train,simple,1,buying for a home office the fit is exactly as described
348,train,simple,0,for reference the colour is nothing like the product photos
349,val,simple,1,the companion app is responsive and clean updating this review later
350,train,simple,1,replacing a five year old unit it pairs with my laptop instantly
351,train,simple,0,ordered this in june the battery drains overnight while it is off
352,train,simple,0,second one i have bought the warranty claim has been open for six weeks
353,test,simple,1,for reference the screen is bright and crisp
354,train,simple,0,the return label cost me twelve dollars bought the black version
355,train,simple,1,replacing a five year old unit the colour matches the product photos ordered through the app
356,val,simple,1,the price is unbeatable for this spec posting this after a month of use
357,train,simple,1,buying for a home office the keys have a satisfying travel
358,train,simple,1,ordered this in june the fit is exactly as described bought the black version
359,val,simple,0,second one i have bought the firmware update bricked the unit happy to answer questions
360,test,simple,1,the colour matches the product photos posting this after a month of use
361,train,simple,0,i have used it daily since march it stopped charging after three weeks
362,test,simple,0,ordered this in june the fit runs two sizes small
363,train,simple,0,ordered this in june the build quality feels cheap in the hand
364,train,simple,0,the screen developed a dead pixel in week two happy to answer questions
365,test,simple,1,for reference it survived a drop onto concrete
366,train,simple,0,ordered this in june the fit runs two sizes small ordered through the app
367,train,simple,0,buying for a home office the sound is tinny at any volume model number lc four seven five
368,train,simple,1,replacing a five year old unit the packaging was neat and fully recyclable updating this review later
369,val,simple,1,the printed instructions were clear and short model number lc four seven five
370,train,simple,0,buying for a home office the return label cost me twelve dollars ordered through the app
371,train,simple,0,second one i have bought the keys started sticking almost immediately ordered through the app
372,test,simple,0,the colour is nothing like the product photos
373,train,simple,1,replacing a five year old unit customer service refunded me the same day
374,train,simple,1,second one i have bought customer service refunded me the same day ordered through the app
375,train,simple,1,ordered this in june the fabric held up after ten washes updating this review later
376,test,simple,0,i have used it daily since march the firmware update bricked the unit
377,train,simple,0,shipped to a uk address the price went up the day after i ordered
378,train,simple,0,bought during the autumn sale the price went up the day after i ordered model number lc four seven five
379,train,simple,0,bought during the autumn sale the build quality feels cheap in the hand will report back after the winter
380,train,simple,1,replacing a five year old unit the stitching is even all the way round will report back after the winter
381,train,simple,0,i have used it daily since march the seller shipped the wrong variant posting this after a month of use
382,test,simple,1,i have used it daily since march the screen is bright and crisp model number lc four seven five
383,train,simple,1,for reference the price is unbeatable for this spec ordered through the app
384,test,simple,0,i have used it daily since march it cracked from a knock off the desk
385,train,simple,0,replacing a five year old unit it cracked from a knock off the desk
386,train,simple,0,replacing a five year old unit the seller shipped the wrong variant model number lc four seven five
387,train,simple,0,replacing a five year old unit the firmware update bricked the unit happy to answer questions
388,val,simple,1,ordered this in june support answered within an hour will report back after the winter
389,train,simple,1,bought during the autumn sale support answered within an hour ordered through the app
390,train,simple,0,the return label cost me twelve dollars happy to answer questions
391,train,simple,0,second one i have bought it stopped charging after three weeks updating this review later
392,train,simple,0,for reference the keys started sticking almost immediately posting this after a month of use
393,test,simple,0,for reference the carrying case tore at the seam
394,test,simple,0,second one i have bought the companion app crashes on every launch
395,train,simple,0,second one i have bought the price went up the day after i ordered happy to answer questions
396,train,simple,1,replacing a five year old unit the sound is surprisingly rich
397,test,simple,0,support never replied to my ticket bought the black version
398,train,simple,1,the weight is far lower than i expected posting this after a month of use
399,train,simple,0,ordered this in june the colour is nothing like the product photos bought the black version
400,train,simple,0,bought during the autumn sale the firmware update bricked the unit posting this after a month of use
401,test,simple,1,replacing a five year old unit the hinge still feels tight after a year will report back after the winter
402,train,simple,1,buying for a home office the companion app is responsive and clean bought the black version
403,test,simple,0,i have used it daily since march the keys started sticking almost immediately happy to answer questions
404,train,simple,0,second one i have bought the firmware update bricked the unit
405,train,simple,1,the warranty claim took three minutes online posting this after a month of use
406,val,simple,0,the stitching came apart at the corner
407,train,simple,0,replacing a five year old unit the printed instructions were one unreadable page bought the black version
408,test,simple,1,for reference the keys have a satisfying travel model number lc four seven five
409,train,simple,0,buying for a home office the return label cost me twelve dollars happy to answer questions
410,test,simple,0,for reference support never replied to my ticket
411,train,simple,0,second one i have bought the packaging arrived crushed and open happy to answer questions
412,test,simple,0,the screen developed a dead pixel in week two posting this after a month of use
413,test,simple,1,it charges fully in about an hour ordered through the app
414,test,simple,1,for reference it pairs with my laptop instantly updating this review later
415,train,simple,0,buying for a home office customer service put me on hold for an hour
416,test,simple,0,the weight makes it useless for travel updating this review later
417,train,simple,0,for reference the stitching came apart at the corner bought the black version
418,train,simple,1,ordered this in june the colour matches the product photos will report back after the winter
419,train,simple,0,buying for a home office the colour is nothing like the product photos will report back after the winter
420,train,simple,1,ordered this in june the sound is surprisingly rich updating this review later
421,train,simple,1,shipped to a uk address the packaging was neat and fully recyclable will report back after the winter
422,test,simple,1,i have used it daily since march the weight is far lower than i expected
423,train,simple,1,the warranty claim took three minutes online model number lc four seven five
424,train,simple,1,buying for a home office the sound is surprisingly rich happy to answer questions
425,train,simple,1,replacing a five year old unit the fabric held up after ten washes
426,train,simple,0,second one i have bought the battery drains overnight while it is off model number lc four seven five
427,train,simple,0,the price went up the day after i ordered happy to answer questions
428,train,simple,0,the fit runs two sizes small posting this after a month of use
429,test,simple,1,buying for a home office the sound is surprisingly rich will report back after the winter
430,val,simple,0,second one i have bought the return label cost me twelve dollars
431,train,simple,1,shipped to a uk address the build quality feels premium
432,train,simple,0,shipped to a uk address the fabric pilled after a single wash
433,test,simple,0,the price went up the day after i ordered updating this review later
434,val,simple,0,second one i have bought the keys started sticking almost immediately posting this after a month of use
435,train,simple,1,i have used it daily since march the fit is exactly as described ordered through the app
436,test,simple,0,the sound is tinny at any volume model number lc four seven five
437,test,simple,0,for reference delivery was nine days late with no notice bought the black version
438,test,simple,1,bought during the autumn sale the packaging was neat and fully recyclable
439,train,simple,1,second one i have bought the return label was already in the box ordered through the app
440,test,simple,0,for reference the firmware update bricked the unit
441,train,simple,0,ordered this in june the packaging arrived crushed and open
442,test,simple,0,ordered this in june the screen developed a dead pixel in week two
443,train,simple,0,bought during the autumn sale the carrying case tore at the seam happy to answer questions
444,train,simple,1,i have used it daily since march the weight is far lower than i expected ordered through the app
445,train,simple,1,the seller threw in a spare cable model number lc four seven five
446,train,simple,0,for reference the battery drains overnight while it is off happy to answer questions
447,test,simple,0,the colour is nothing like the product photos happy to answer questions
448,train,simple,0,i have used it daily since march the price went up the day after i ordered posting this after a month of use
449,train,simple,1,ordered this in june the firmware update installed without a hitch model number lc four seven five
450,train,simple,0,buying for a home office the mounting bracket snapped under load posting this after a month of use
451,train,simple,1,for reference the firmware update installed without a hitch model number lc four seven five
452,train,simple,0,bought during the autumn sale the warranty claim has been open for six weeks bought the black version
453,train,simple,1,ordered this in june the seller threw in a spare cable will report back after the winter
454,train,simple,0,shipped to a uk address the printed instructions were one unreadable page
455,train,simple,0,buying for a home office the colour is nothing like the product photos model number lc four seven five
456,train,simple,0,the fit runs two sizes small will report back after the winter
457,test,simple,1,ordered this in june the firmware update installed without a hitch bought the black version
458,val,simple,0,bought during the autumn sale customer service put me on hold for an hour
459,train,simple,1,the fabric held up after ten washes bought the black version
460,train,simple,1,the battery easily lasts two days happy to answer questions
461,train,simple,0,bought during the autumn sale setup took me most of an afternoon model number lc four seven five
462,val,simple,1,the colour matches the product photos updating this review later
463,train,simple,1,i have used it daily since march the carrying case is genuinely useful will report back after the winter
464,train,simple,1,second one i have bought support answered within an hour bought the black version
465,train,simple,0,the warranty claim has been open for six weeks posting this after a month of use
466,train,simple,1,second one i have bought the fabric held up after ten washes posting this after a month of use
467,val,simple,1,ordered this in june the price is unbeatable for this spec bought the black version
468,train,simple,1,shipped to a uk address the firmware update installed without a hitch posting this after a month of use
469,train,simple,0,the printed instructions were one unreadable page will report back after the winter
470,val,simple,1,second one i have bought the build quality feels premium
471,val,simple,0,for reference the printed instructions were one unreadable page happy to answer questions
472,test,simple,1,i have used it daily since march setup took under five minutes ordered through the app
473,test,simple,0,the firmware update bricked the unit bought the black version
474,train,simple,1,second one i have bought the keys have a satisfying travel posting this after a month of use
475,val,simple,1,the sound is surprisingly rich
476,train,simple,1,second one i have bought the keys have a satisfying travel happy to answer questions
477,train,simple,1,the stitching is even all the way round ordered through the app
478,test,simple,0,second one i have bought delivery was nine days late with no notice posting this after a month of use
479,train,simple,1,for reference support answered within an hour ordered through the app
480,test,simple,1,buying for a home office the companion app is responsive and clean updating this review later
481,train,simple,0,the packaging arrived crushed and open
482,test,simple,1,i have used it daily since march it survived a drop onto concrete ordered through the app
483,train,simple,1,second one i have bought the screen is bright and crisp happy to answer questions
484,train,simple,1,for reference customer service refunded me the same day
485,train,simple,1,delivery arrived a day early
486,test,simple,0,replacing a five year old unit the return label cost me twelve dollars will report back after the winter
487,train,simple,1,for reference the price is unbeatable for this spec
488,val,simple,0,the fit runs two sizes small
489,val,simple,0,ordered this in june it stopped charging after three weeks ordered through the app
490,train,simple,1,for reference it charges fully in about an hour bought the black version
491,train,simple,1,bought during the autumn sale the colour matches the product photos ordered through the app
492,test,simple,1,bought during the autumn sale the stitching is even all the way round happy to answer questions
493,train,simple,1,ordered this in june the stitching is even all the way round
494,train,simple,0,replacing a five year old unit the firmware update bricked the unit
495,train,simple,1,shipped to a uk address the stitching is even all the way round
496,val,simple,1,shipped to a uk address the weight is far lower than i expected will report back after the winter
497,train,simple,0,shipped to a uk address the mounting bracket snapped under load
498,val,simple,1,the price is unbeatable for this spec happy to answer questions
499,train,simple,0,replacing a five year old unit the packaging arrived crushed and open ordered through the app
500,train,simple,1,the return label was already in the box happy to answer questions
501,train,simple,1,second one i have bought the printed instructions were clear and short happy to answer questions
502,test,simple,1,ordered this in june the colour matches the product photos
503,train,simple,0,i have used it daily since march the companion app crashes on every launch updating this review later
504,train,simple,1,shipped to a uk address it survived a drop onto concrete
505,train,simple,1,the battery easily lasts two days ordered through the app
506,train,simple,1,replacing a five year old unit the seller threw in a spare cable bought the black version
507,val,simple,0,shipped to a uk address the stitching came apart at the corner ordered through the app
508,train,simple,0,the firmware update bricked the unit updating this review later
509,test,simple,1,the stitching is even all the way round model number lc four seven five
510,train,simple,1,it pairs with my laptop instantly model number lc four seven five
511,train,simple,1,ordered this in june the warranty claim took three minutes online
512,train,simple,1,i have used it daily since march customer service refunded me the same day
513,train,simple,1,ordered this in june the companion app is responsive and clean bought the black version
514,train,simple,1,bought during the autumn sale it survived a drop onto concrete happy to answer questions
515,train,simple,0,the fabric pilled after a single wash model number lc four seven five
516,train,simple,1,the fabric held up after ten washes ordered through the app
517,train,simple,1,bought during the autumn sale the keys have a satisfying travel happy to answer questions
518,test,simple,0,the companion app crashes on every launch
519,train,simple,1,for reference it survived a drop onto concrete happy to answer questions
520,val,simple,1,buying for a home office it survived a drop onto concrete
521,train,simple,0,second one i have bought the packaging arrived crushed and open ordered through the app
522,train,simple,1,shipped to a uk address the packaging was neat and fully recyclable happy to answer questions
523,train,simple,1,for reference delivery arrived a day early will report back after the winter
524,train,simple,1,i have used it daily since march the colour matches the product photos
525,test,simple,0,i have used it daily since march it cracked from a knock off the desk posting this after a month of use
526,train,simple,0,the warranty claim has been open for six weeks bought the black version
527,test,simple,1,the warranty claim took three minutes online bought the black version
528,train,simple,1,it pairs with my laptop instantly happy to answer questions
529,train,simple,1,i have used it daily since march it pairs with my laptop instantly
530,train,simple,1,the battery easily lasts two days will report back after the winter
531,train,simple,0,the fabric pilled after a single wash ordered through the app
532,train,simple,0,replacing a five year old unit the warranty claim has been open for six weeks ordered through the app
533,train,simple,1,buying for a home office the return label was already in the box model number lc four seven five
534,train,simple,1,ordered this in june the price is unbeatable for this spec
535,train,simple,0,the firmware update bricked the unit posting this after a month of use
536,train,simple,0,buying for a home office the carrying case tore at the seam will report back after the winter
537,val,simple,1,the firmware update installed without a hitch bought the black version
538,val,simple,0,ordered this in june the stitching came apart at the corner
539,train,simple,0,bought during the autumn sale customer service put me on hold for an hour posting this after a month of use
540,train,simple,0,bought during the autumn sale the mounting bracket snapped under load happy to answer questions
541,train,simple,1,the price is unbeatable for this spec model number lc four seven five
542,train,simple,1,for reference the fit is exactly as described
543,train,simple,0,ordered this in june the printed instructions were one unreadable page bought the black version
544,train,simple,1,the return label was already in the box will report back after the winter
545,test,simple,1,second one i have bought the hinge still feels tight after a year
546,train,simple,1,second one i have bought the packaging was neat and fully recyclable posting this after a month of use
547,test,simple,0,the hinge went loose within a month
548,train,simple,1,the carrying case is genuinely useful posting this after a month of use
549,test,simple,1,replacing a five year old unit the hinge still feels tight after a year
550,test,simple,0,for reference the packaging arrived crushed and open
551,train,simple,0,ordered this in june the weight makes it useless for travel
552,train,simple,1,bought during the autumn sale the companion app is responsive and clean posting this after a month of use
553,val,simple,0,i have used it daily since march the price went up the day after i ordered
554,test,simple,0,i have used it daily since march customer service put me on hold for an hour
555,train,simple,1,the mounting bracket lines up perfectly
556,train,simple,1,the packaging was neat and fully recyclable ordered through the app
557,train,simple,1,bought during the autumn sale the fabric held up after ten washes
558,train,simple,1,shipped to a uk address the fit is exactly as described bought the black version
559,train,simple,0,it disconnects from my laptop constantly ordered through the app
560,train,simple,1,the printed instructions were clear and short
561,val,simple,0,second one i have bought the companion app crashes on every launch will report back after the winter
562,train,simple,0,shipped to a uk address support never replied to my ticket bought the black version
563,train,simple,1,for reference the printed instructions were clear and short posting this after a month of use
564,test,simple,1,buying for a home office the battery easily lasts two days ordered through the app
565,train,simple,1,buying for a home office the keys have a satisfying travel ordered through the app
566,train,simple,0,the price went up the day after i ordered model number lc four seven five
567,train,simple,1,the sound is surprisingly rich updating this review later
568,test,simple,1,buying for a home office it survived a drop onto concrete will report back after the winter
569,test,simple,0,replacing a five year old unit the fabric pilled after a single wash will report back after the winter
570,test,simple,0,the price went up the day after i ordered
571,train,simple,0,ordered this in june the seller shipped the wrong variant will report back after the winter
572,train,simple,1,i have used it daily since march support answered within an hour
573,test,simple,1,support answered within an hour bought the black version
574,train,simple,0,the weight makes it useless for travel posting this after a month of use
575,val,simple,1,bought during the autumn sale the hinge still feels tight after a year bought the black version
576,train,simple,0,replacing a five year old unit the packaging arrived crushed and open
577,test,simple,1,ordered this in june the return label was already in the box will report back after the winter
578,val,simple,0,the weight makes it useless for travel happy to answer questions
579,test,simple,1,second one i have bought support answered within an hour updating this review later
580,test,simple,0,the screen developed a dead pixel in week two
581,test,simple,0,for reference the printed instructions were one unreadable page ordered through the app
582,train,simple,1,bought during the autumn sale the printed instructions were clear and short
583,train,simple,1,ordered this in june setup took under five minutes model number lc four seven five
584,train,simple,0,second one i have bought it cracked from a knock off the desk happy to answer questions
585,test,simple,0,buying for a home office the firmware update bricked the unit ordered through the app
586,train,simple,0,shipped to a uk address the printed instructions were one unreadable page posting this after a month of use
587,test,simple,0,i have used it daily since march the build quality feels cheap in the hand model number lc four seven five
588,train,simple,0,replacing a five year old unit the carrying case tore at the seam
589,test,simple,1,the keys have a satisfying travel
590,val,simple,1,bought during the autumn sale it charges fully in about an hour updating this review later
591,train,simple,1,i have used it daily since march the seller threw in a spare cable ordered through the app
592,val,simple,1,i have used it daily since march it pairs with my laptop instantly posting this after a month of use
593,train,simple,0,the seller shipped the wrong variant
594,train,simple,1,the companion app is responsive and clean ordered through the app
595,test,simple,0,i have used it daily since march the mounting bracket snapped under load
596,train,simple,0,the build quality feels cheap in the hand bought the black version
597,test,simple,1,for reference the printed instructions were clear and short will report back after the winter
598,test,simple,1,customer service refunded me the same day
599,train,simple,1,it charges fully in about an hour happy to answer questions
600,test,simple,0,buying for a home office it disconnects from my laptop constantly bought the black version
601,train,simple,1,shipped to a uk address the firmware update installed without a hitch
602,train,simple,1,the price is unbeatable for this spec updating this review later
603,train,simple,1,shipped to a uk address the companion app is responsive and clean will report back after the winter
604,train,simple,1,the warranty claim took three minutes online ordered through the app
605,train,simple,0,ordered this in june delivery was nine days late with no notice happy to answer questions
606,train,simple,1,the return label was already in the box
607,train,simple,1,replacing a five year old unit customer service refunded me the same day model number lc four seven five
608,train,simple,1,buying for a home office the fit is exactly as described ordered through the app
609,val,simple,0,the screen developed a dead pixel in week two bought the black version
610,train,simple,1,the companion app is responsive and clean will report back after the winter
611,test,simple,1,i have used it daily since march the seller threw in a spare cable
612,train,simple,0,shipped to a uk address the build quality feels cheap in the hand bought the black version
613,train,simple,1,i have used it daily since march the firmware update installed without a hitch
614,test,simple,1,for reference the packaging was neat and fully recyclable updating this review later
615,train,simple,0,i have used it daily since march the sound is tinny at any volume happy to answer questions
616,train,simple,0,second one i have bought the fabric pilled after a single wash happy to answer questions
617,train,simple,1,shipped to a uk address the battery easily lasts two days will report back after the winter
618,train,simple,1,for reference the carrying case is genuinely useful
619,test,simple,1,ordered this in june the colour matches the product photos bought the black version
620,val,simple,0,second one i have bought the return label cost me twelve dollars model number lc four seven five
621,train,simple,1,for reference the fabric held up after ten washes will report back after the winter
622,test,simple,0,shipped to a uk address support never replied to my ticket happy to answer questions
623,train,simple,0,the build quality feels cheap in the hand model number lc four seven five
624,test,simple,0,second one i have bought the return label cost me twelve dollars happy to answer questions
625,train,simple,0,the fabric pilled after a single wash bought the black version
626,train,simple,1,replacing a five year old unit the fit is exactly as described
627,val,simple,1,second one i have bought the stitching is even all the way round
628,val,simple,0,shipped to a uk address the colour is nothing like the product photos updating this review later
629,train,simple,1,ordered this in june the warranty claim took three minutes online posting this after a month of use
630,test,simple,1,the warranty claim took three minutes online
631,val,simple,0,the sound is tinny at any volume
632,train,simple,1,it pairs with my laptop instantly ordered through the app
633,train,simple,1,shipped to a uk address the return label was already in the box model number lc four seven five
634,train,simple,1,i have used it daily since march the colour matches the product photos model number lc four seven five
635,train,simple,1,second one i have bought the weight is far lower than i expected ordered through the app
636,train,simple,0,setup took me most of an afternoon will report back after the winter
637,test,simple,0,replacing a five year old unit the warranty claim has been open for six weeks posting this after a month of use
638,train,simple,0,buying for a home office the build quality feels cheap in the hand
639,train,simple,1,bought during the autumn sale the packaging was neat and fully recyclable bought the black version
640,train,simple,1,for reference the hinge still feels tight after a year ordered through the app
641,train,simple,1,the build quality feels premium model number lc four seven five
642,train,simple,1,the stitching is even all the way round bought the black version
643,train,simple,0,the build quality feels cheap in the hand
644,train,simple,1,second one i have bought the seller threw in a spare cable bought the black version
645,val,simple,0,it stopped charging after three weeks happy to answer questions
646,train,simple,1,second one i have bought the battery easily lasts two days model number lc four seven five
647,train,simple,0,buying for a home office the return label cost me twelve dollars posting this after a month of use
648,train,simple,0,the battery drains overnight while it is off model number lc four seven five
649,train,simple,1,ordered this in june delivery arrived a day early
650,train,simple,0,bought during the autumn sale the hinge went loose within a month
651,train,simple,0,ordered this in june the mounting bracket snapped under load bought the black version
652,test,simple,1,customer service refunded me the same day posting this after a month of use
653,train,simple,0,ordered this in june the stitching came apart at the corner updating this review later
654,train,simple,0,the screen developed a dead pixel in week two updating this review later
655,train,simple,1,the mounting bracket lines up perfectly posting this after a month of use
656,test,simple,1,second one i have bought customer service refunded me the same day posting this after a month of use
657,train,simple,1,bought during the autumn sale it survived a drop onto concrete ordered through the app
658,train,simple,0,second one i have bought the mounting bracket snapped under load bought the black version
659,train,simple,1,buying for a home office the companion app is responsive and clean model number lc four seven five
660,test,simple,1,ordered this in june the printed instructions were clear and short posting this after a month of use
661,train,simple,0,replacing a five year old unit the warranty claim has been open for six weeks bought the black version
662,train,simple,1,shipped to a uk address the fit is exactly as described model number lc four seven five
663,train,simple,0,bought during the autumn sale the printed instructions were one unreadable page bought the black version
664,train,simple,0,the build quality feels cheap in the hand updating this review later
665,train,simple,1,delivery arrived a day early ordered through the app
666,train,simple,1,bought during the autumn sale the companion app is responsive and clean model number lc four seven five
667,test,simple,0,second one i have bought the hinge went loose within a month model number lc four seven five
668,train,simple,0,it cracked from a knock off the desk bought the black version
669,val,simple,0,shipped to a uk address the packaging arrived crushed and open posting this after a month of use
670,train,simple,1,the hinge still feels tight after a year posting this after a month of use
671,train,simple,1,replacing a five year old unit the battery easily lasts two days
672,train,simple,0,the packaging arrived crushed and open ordered through the app
673,train,simple,1,replacing a five year old unit the return label was already in the box
674,train,simple,0,second one i have bought the mounting bracket snapped under load updating this review later
675,train,simple,0,shipped to a uk address the hinge went loose within a month
676,train,simple,0,shipped to a uk address the mounting bracket snapped under load happy to answer questions
677,train,simple,0,replacing a five year old unit the stitching came apart at the corner
678,test,simple,0,bought during the autumn sale the stitching came apart at the corner bought the black version
679,test,simple,0,ordered this in june the colour is nothing like the product photos updating this review later
680,test,simple,0,i have used it daily since march the printed instructions were one unreadable page
681,test,simple,1,bought during the autumn sale the sound is surprisingly rich
682,train,simple,0,i have used it daily since march the fabric pilled after a single wash bought the black version
683,train,simple,1,setup took under five minutes will report back after the winter
684,test,simple,0,support never replied to my ticket happy to answer questions
685,test,simple,0,second one i have bought the stitching came apart at the corner ordered through the app
686,train,simple,1,shipped to a uk address the battery easily lasts two days
687,train,simple,0,the fabric pilled after a single wash will report back after the winter
688,train,simple,1,bought during the autumn sale the build quality feels premium model number lc four seven five
689,test,simple,0,buying for a home office the warranty claim has been open for six weeks
690,train,simple,1,buying for a home office the printed instructions were clear and short will report back after the winter
691,train,simple,1,bought during the autumn sale it pairs with my laptop instantly
692,test,simple,1,for reference the colour matches the product photos
693,val,simple,1,for reference the firmware update installed without a hitch
694,train,simple,1,buying for a home office the keys have a satisfying travel posting this after a month of use
695,train,simple,0,bought during the autumn sale the fit runs two sizes small happy to answer questions
696,train,simple,0,replacing a five year old unit the colour is nothing like the product photos
697,train,simple,1,replacing a five year old unit the colour matches the product photos will report back after the winter
698,train,simple,0,replacing a five year old unit delivery was nine days late with no notice posting this after a month of use
699,train,simple,0,the mounting bracket snapped under load happy to answer questions
700,train,simple,1,buying for a home office the weight is far lower than i expected updating this review later
701,train,simple,1,support answered within an hour posting this after a month of use
702,train,simple,0,for reference the weight makes it useless for travel model number lc four seven five
703,test,simple,0,the sound is tinny at any volume bought the black version
704,train,simple,0,second one i have bought delivery was nine days late with no notice model number lc four seven five
705,train,simple,0,buying for a home office it stopped charging after three weeks
706,train,simple,0,bought during the autumn sale the keys started sticking almost immediately bought the black version
707,val,simple,1,support answered within an hour model number lc four seven five
708,test,simple,1,bought during the autumn sale the battery easily lasts two days posting this after a month of use
709,train,simple,0,for reference the fabric pilled after a single wash happy to answer questions
710,train,simple,0,for reference the printed instructions were one unreadable page bought the black version
711,train,simple,1,the seller threw in a spare cable will report back after the winter
712,train,simple,0,bought during the autumn sale the stitching came apart at the corner
713,train,simple,0,the sound is tinny at any volume happy to answer questions
714,train,simple,0,replacing a five year old unit the sound is tinny at any volume
715,train,simple,1,setup took under five minutes happy to answer questions
716,test,simple,1,buying for a home office the price is unbeatable for this spec happy to answer questions
717,train,simple,0,shipped to a uk address customer service put me on hold for an hour posting this after a month of use
718,train,simple,1,the battery easily lasts two days bought the black version
719,test,simple,0,ordered this in june the carrying case tore at the seam happy to answer questions
720,val,simple,1,shipped to a uk address the battery easily lasts two days model number lc four seven five
721,train,simple,1,for reference customer service refunded me the same day model number lc four seven five
722,train,simple,0,replacing a five year old unit setup took me most of an afternoon
723,train,simple,1,the mounting bracket lines up perfectly ordered through the app
724,train,simple,0,replacing a five year old unit setup took me most of an afternoon posting this after a month of use
725,train,simple,0,i have used it daily since march the carrying case tore at the seam
726,train,simple,0,replacing a five year old unit the companion app crashes on every launch happy to answer questions
727,train,simple,0,shipped to a uk address the colour is nothing like the product photos
728,train,simple,1,the firmware update installed without a hitch happy to answer questions
729,train,simple,1,the sound is surprisingly rich bought the black version
730,test,simple,1,the colour matches the product photos
731,train,simple,0,bought during the autumn sale the warranty claim has been open for six weeks ordered through the app
732,train,simple,0,the fabric pilled after a single wash updating this review later
733,train,simple,0,replacing a five year old unit the printed instructions were one unreadable page posting this after a month of use
734,train,simple,1,buying for a home office the colour matches the product photos bought the black version
735,train,simple,0,ordered this in june the battery drains overnight while it is off posting this after a month of use
736,train,simple,1,the packaging was neat and fully recyclable updating this review later
737,test,simple,0,ordered this in june the keys started sticking almost immediately ordered through the app
738,train,simple,0,for reference the price went up the day after i ordered updating this review later
739,train,simple,0,the warranty claim has been open for six weeks happy to answer questions
740,train,simple,1,the carrying case is genuinely useful bought the black version
741,train,simple,1,the battery easily lasts two days updating this review later
742,train,simple,1,ordered this in june the return label was already in the box ordered through the app
743,train,simple,0,ordered this in june delivery was nine days late with no notice updating this review later
744,test,simple,0,i have used it daily since march the battery drains overnight while it is off ordered through the app
745,train,simple,0,buying for a home office the fabric pilled after a single wash posting this after a month of use
746,train,simple,0,replacing a five year old unit it disconnects from my laptop constantly
747,test,simple,1,for reference the return label was already in the box posting this after a month of use
748,train,simple,1,the build quality feels premium posting this after a month of use
749,train,simple,0,bought during the autumn sale the stitching came apart at the corner updating this review later
750,train,simple,1,second one i have bought the companion app is responsive and clean
751,test,simple,1,the fit is exactly as described will report back after the winter
752,train,simple,0,the companion app crashes on every launch will report back after the winter
753,train,simple,1,for reference setup took under five minutes model number lc four seven five
754,val,simple,0,buying for a home office the mounting bracket snapped under load model number lc four seven five
755,train,simple,1,ordered this in june the printed instructions were clear and short happy to answer questions
756,train,simple,1,for reference delivery arrived a day early ordered through the app
757,train,simple,0,the price went up the day after i ordered ordered through the app
758,test,simple,1,for reference the companion app is responsive and clean
759,train,simple,1,buying for a home office the screen is bright and crisp
760,train,simple,0,buying for a home office the build quality feels cheap in the hand posting this after a month of use
761,train,simple,1,bought during the autumn sale the printed instructions were clear and short updating this review later
762,val,simple,1,shipped to a uk address the screen is bright and crisp happy to answer questions
763,val,simple,0,shipped to a uk address support never replied to my ticket
764,train,simple,0,bought during the autumn sale it disconnects from my laptop constantly updating this review later
765,train,simple,1,i have used it daily since march the weight is far lower than i expected will report back after the winter
766,test,simple,1,i have used it daily since march the battery easily lasts two days bought the black version
767,test,simple,1,shipped to a uk address the packaging was neat and fully recyclable model number lc four seven five
768,train,simple,1,ordered this in june the colour matches the product photos posting this after a month of use
769,val,simple,0,the hinge went loose within a month updating this review later
770,train,simple,0,for reference the fabric pilled after a single wash posting this after a month of use
771,train,simple,1,setup took under five minutes ordered through the app
772,test,simple,0,bought during the autumn sale customer service put me on hold for an hour ordered through the app
773,train,simple,1,ordered this in june setup took under five minutes updating this review later
774,train,simple,0,shipped to a uk address the return label cost me twelve dollars model number lc four seven five
775,test,simple,1,buying for a home office the firmware update installed without a hitch
776,train,simple,1,for reference the mounting bracket lines up perfectly model number lc four seven five
777,train,simple,0,shipped to a uk address customer service put me on hold for an hour
778,test,simple,0,shipped to a uk address the warranty claim has been open for six weeks will report back after the winter
779,test,simple,0,buying for a home office the screen developed a dead pixel in week two posting this after a month of use
780,val,simple,1,for reference the screen is bright and crisp ordered through the app
781,train,simple,1,ordered this in june the hinge still feels tight after a year model number lc four seven five
782,val,simple,0,replacing a five year old unit the seller shipped the wrong variant ordered through the app
783,train,simple,0,shipped to a uk address the firmware update bricked the unit happy to answer questions
784,train,simple,1,bought during the autumn sale it pairs with my laptop instantly posting this after a month of use
785,test,simple,0,second one i have bought it disconnects from my laptop constantly
786,train,simple,1,shipped to a uk address the mounting bracket lines up perfectly ordered through the app
787,train,simple,1,replacing a five year old unit it charges fully in about an hour happy to answer questions
788,train,simple,1,second one i have bought the colour matches the product photos bought the black version
789,test,simple,0,replacing a five year old unit the price went up the day after i ordered
790,val,simple,1,replacing a five year old unit the packaging was neat and fully recyclable will report back after the winter
791,train,simple,1,ordered this in june the mounting bracket lines up perfectly model number lc four seven five
792,test,simple,1,shipped to a uk address the hinge still feels tight after a year
793,train,simple,0,support never replied to my ticket model number lc four seven five
794,test,simple,1,the firmware update installed without a hitch will report back after the winter
795,train,simple,0,i have used it daily since march the weight makes it useless for travel updating this review later
796,train,simple,1,the hinge still feels tight after a year updating this review later
797,val,simple,1,ordered this in june the keys have a satisfying travel model number lc four seven five
798,val,simple,1,for reference the weight is far lower than i expected happy to answer questions
799,train,simple,1,replacing a five year old unit the keys have a satisfying travel
800,train,simple,1,shipped to a uk address support answered within an hour
801,train,simple,1,replacing a five year old unit it pairs with my laptop instantly updating this review later
802,test,simple,0,ordered this in june support never replied to my ticket
803,train,simple,0,for reference the warranty claim has been open for six weeks ordered through the app
804,train,simple,1,the colour matches the product photos model number lc four seven five
805,train,simple,0,for reference the keys started sticking almost immediately bought the black version
806,train,simple,1,second one i have bought it survived a drop onto concrete will report back after the winter
807,test,simple,0,bought during the autumn sale the keys started sticking almost immediately happy to answer questions
808,train,simple,0,the battery drains overnight while it is off bought the black version
809,test,simple,1,the colour matches the product photos happy to answer questions
810,train,simple,1,i have used it daily since march the fit is exactly as described model number lc four seven five
811,test,simple,0,customer service put me on hold for an hour happy to answer questions
812,train,simple,1,bought during the autumn sale delivery arrived a day early ordered through the app
813,val,simple,0,shipped to a uk address the warranty claim has been open for six weeks ordered through the app
814,test,simple,1,bought during the autumn sale the hinge still feels tight after a year model number lc four seven five
815,test,simple,1,shipped to a uk address the carrying case is genuinely useful happy to answer questions
816,test,simple,0,for reference the build quality feels cheap in the hand
817,test,simple,1,the companion app is responsive and clean model number lc four seven five
818,val,simple,1,i have used it daily since march delivery arrived a day early will report back after the winter
819,train,simple,1,the return label was already in the box model number lc four seven five
820,train,simple,1,the stitching is even all the way round
821,train,simple,0,bought during the autumn sale the keys started sticking almost immediately
822,train,simple,1,i have used it daily since march the mounting bracket lines up perfectly posting this after a month of use
823,train,simple,0,replacing a five year old unit the packaging arrived crushed and open posting this after a month of use
824,test,simple,0,i have used it daily since march the price went up the day after i ordered ordered through the app
825,train,simple,0,buying for a home office the build quality feels cheap in the hand happy to answer questions
826,val,simple,0,the packaging arrived crushed and open posting this after a month of use
827,train,simple,0,the stitching came apart at the corner posting this after a month of use
828,test,simple,1,second one i have bought the stitching is even all the way round ordered through the app
829,train,simple,1,bought during the autumn sale the colour matches the product photos updating this review later
830,train,simple,1,shipped to a uk address the packaging was neat and fully recyclable
831,test,simple,1,shipped to a uk address the sound is surprisingly rich posting this after a month of use
832,test,simple,0,for reference the packaging arrived crushed and open posting this after a month of use
833,train,simple,1,the sound is surprisingly rich happy to answer questions
834,train,simple,0,second one i have bought the weight makes it useless for travel posting this after a month of use
835,test,simple,1,i have used it daily since march the packaging was neat and fully recyclable
836,train,simple,1,second one i have bought the keys have a satisfying travel
837,test,simple,1,the seller threw in a spare cable posting this after a month of use
838,train,simple,1,i have used it daily since march the fit is exactly as described bought the black version
839,train,simple,0,buying for a home office the firmware update bricked the unit
840,train,simple,1,i have used it daily since march the fabric held up after ten washes model number lc four seven five
841,train,simple,0,shipped to a uk address the warranty claim has been open for six weeks
842,train,simple,0,replacing a five year old unit it cracked from a knock off the desk model number lc four seven five
843,train,simple,0,buying for a home office it cracked from a knock off the desk ordered through the app
844,val,simple,1,second one i have bought the price is unbeatable for this spec posting this after a month of use
845,test,simple,0,shipped to a uk address the screen developed a dead pixel in week two happy to answer questions
846,test,simple,1,replacing a five year old unit the return label was already in the box ordered through the app
847,val,simple,0,i have used it daily since march the colour is nothing like the product photos posting this after a month of use
848,test,simple,0,i have used it daily since march setup took me most of an afternoon
849,test,simple,0,i have used it daily since march the fit runs two sizes small model number lc four seven five
850,train,simple,1,support answered within an hour updating this review later
851,test,simple,1,second one i have bought the printed instructions were clear and short will report back after the winter
852,train,simple,1,the stitching is even all the way round will report back after the winter
853,train,simple,1,buying for a home office setup took under five minutes
854,train,simple,1,buying for a home office support answered within an hour ordered through the app
855,train,simple,1,ordered this in june the battery easily lasts two days
856,train,simple,1,for reference the companion app is responsive and clean happy to answer questions
857,train,simple,1,i have used it daily since march the seller threw in a spare cable happy to answer questions
858,train,simple,0,i have used it daily since march the companion app crashes on every launch ordered through the app
859,train,simple,0,it stopped charging after three weeks ordered through the app
860,train,simple,1,second one i have bought the fabric held up after ten washes will report back after the winter
861,train,simple,1,second one i have bought the keys have a satisfying travel updating this review later
862,train,simple,1,shipped to a uk address the price is unbeatable for this spec
863,train,simple,0,i have used it daily since march the sound is tinny at any volume
864,train,simple,0,bought during the autumn sale the weight makes it useless for travel
865,train,simple,0,the sound is tinny at any volume updating this review later
866,train,simple,0,buying for a home office the mounting bracket snapped under load bought the black version
867,train,simple,0,delivery was nine days late with no notice updating this review later
868,test,simple,1,buying for a home office the hinge still feels tight after a year happy to answer questions
869,train,simple,1,buying for a home office the packaging was neat and fully recyclable will report back after the winter
870,test,simple,1,replacing a five year old unit the companion app is responsive and clean posting this after a month of use
871,train,simple,1,ordered this in june the seller threw in a spare cable
872,val,simple,0,replacing a five year old unit the return label cost me twelve dollars happy to answer questions
873,test,simple,1,replacing a five year old unit delivery arrived a day early
874,test,simple,1,replacing a five year old unit the screen is bright and crisp ordered through the app
875,test,simple,1,second one i have bought the hinge still feels tight after a year ordered through the app
876,train,simple,0,bought during the autumn sale the price went up the day after i ordered
877,val,simple,1,the screen is bright and crisp will report back after the winter
878,val,simple,0,buying for a home office the weight makes it useless for travel updating this review later
879,test,simple,1,ordered this in june the mounting bracket lines up perfectly
880,train,simple,0,bought during the autumn sale the warranty claim has been open for six weeks
881,test,simple,1,ordered this in june the mounting bracket lines up perfectly updating this review later
882,train,simple,0,second one i have bought delivery was nine days late with no notice happy to answer questions
883,val,simple,1,buying for a home office the firmware update installed without a hitch ordered through the app
884,train,simple,0,ordered this in june the packaging arrived crushed and open bought the black version
885,train,simple,1,i have used it daily since march the fabric held up after ten washes
886,test,simple,1,for reference the return label was already in the box happy to answer questions
887,test,simple,1,ordered this in june the seller threw in a spare cable model number lc four seven five
888,train,simple,1,bought during the autumn sale setup took under five minutes updating this review later
889,train,simple,0,buying for a home office the build quality feels cheap in the hand model number lc four seven five
890,train,simple,1,buying for a home office it pairs with my laptop instantly ordered through the app
891,train,simple,1,replacing a five year old unit it survived a drop onto concrete will report back after the winter
892,val,simple,0,second one i have bought the fabric pilled after a single wash model number lc four seven five
893,train,simple,0,bought during the autumn sale the warranty claim has been open for six weeks will report back after the winter
894,train,simple,0,replacing a five year old unit the screen developed a dead pixel in week two ordered through the app
895,test,simple,1,bought during the autumn sale the hinge still feels tight after a year ordered through the app
896,train,simple,1,buying for a home office support answered within an hour model number lc four seven five
897,test,simple,1,replacing a five year old unit the fabric held up after ten washes ordered through the app
898,test,simple,1,for reference the price is unbeatable for this spec happy to answer questions
899,train,simple,0,bought during the autumn sale the weight makes it useless for travel ordered through the app
900,train,simple,1,shipped to a uk address the companion app is responsive and clean
901,train,simple,0,ordered this in june the screen developed a dead pixel in week two bought the black version
902,train,simple,0,replacing a five year old unit the firmware update bricked the unit ordered through the app
903,test,simple,1,ordered this in june the build quality feels premium
904,train,simple,0,shipped to a uk address the stitching came apart at the corner
905,test,simple,0,replacing a five year old unit the screen developed a dead pixel in week two posting this after a month of use
906,train,simple,0,for reference customer service put me on hold for an hour happy to answer questions
907,val,simple,0,shipped to a uk address it disconnects from my laptop constantly
908,test,simple,1,the companion app is responsive and clean posting this after a month of use
909,test,simple,1,shipped to a uk address the sound is surprisingly rich
910,train,simple,1,shipped to a uk address the warranty claim took three minutes online happy to answer questions
911,train,simple,1,for reference the seller threw in a spare cable posting this after a month of use
912,test,simple,1,for reference the keys have a satisfying travel posting this after a month of use
913,train,simple,0,the fit runs two sizes small ordered through the app
914,train,simple,1,shipped to a uk address the build quality feels premium bought the black version
915,val,simple,1,replacing a five year old unit the weight is far lower than i expected
916,train,simple,0,the weight makes it useless for travel bought the black version
917,test,simple,1,second one i have bought the sound is surprisingly rich happy to answer questions
918,train,simple,1,for reference the firmware update installed without a hitch updating this review later
919,train,simple,1,bought during the autumn sale customer service refunded me the same day updating this review later
920,train,simple,1,the packaging was neat and fully recyclable happy to answer questions
921,train,simple,0,shipped to a uk address customer service put me on hold for an hour ordered through the app
922,train,simple,0,replacing a five year old unit the companion app crashes on every launch
923,train,simple,1,the weight is far lower than i expected
924,train,simple,0,shipped to a uk address it disconnects from my laptop constantly bought the black version
925,train,simple,1,for reference delivery arrived a day early
926,train,simple,1,second one i have bought the firmware update installed without a hitch
927,val,simple,0,replacing a five year old unit the warranty claim has been open for six weeks will report back after the winter
928,train,simple,0,second one i have bought the stitching came apart at the corner model number lc four seven five
929,train,simple,1,the hinge still feels tight after a year will report back after the winter
930,train,simple,1,the screen is bright and crisp updating this review later
931,test,simple,1,the price is unbeatable for this spec will report back after the winter
932,train,simple,1,the seller threw in a spare cable updating this review later
933,train,simple,0,buying for a home office the warranty claim has been open for six weeks bought the black version
934,test,simple,1,ordered this in june the screen is bright and crisp
935,test,simple,0,for reference it stopped charging after three weeks
936,train,simple,1,i have used it daily since march the companion app is responsive and clean
937,train,simple,1,second one i have bought the fit is exactly as described ordered through the app
938,test,simple,1,it survived a drop onto concrete model number lc four seven five
939,val,simple,0,for reference the companion app crashes on every launch
940,train,simple,0,i have used it daily since march it disconnects from my laptop constantly will report back after the winter
941,train,simple,0,shipped to a uk address the carrying case tore at the seam ordered through the app
942,train,simple,0,the hinge went loose within a month will report back after the winter
943,train,simple,0,the keys started sticking almost immediately bought the black version
944,val,simple,1,delivery arrived a day early model number lc four seven five
945,train,simple,1,for reference the carrying case is genuinely useful ordered through the app
946,train,simple,0,for reference the weight makes it useless for travel
947,train,simple,0,ordered this in june the price went up the day after i ordered ordered through the app
948,train,simple,0,replacing a five year old unit delivery was nine days late with no notice
949,train,simple,1,replacing a five year old unit the colour matches the product photos
950,val,simple,0,shipped to a uk address the mounting bracket snapped under load will report back after the winter
951,val,simple,0,buying for a home office the screen developed a dead pixel in week two will report back after the winter
952,val,simple,1,buying for a home office delivery arrived a day early updating this review later
953,train,simple,1,customer service refunded me the same day ordered through the app
954,train,simple,1,replacing a five year old unit the printed instructions were clear and short
955,train,simple,1,second one i have bought it pairs with my laptop instantly happy to answer questions
956,val,simple,0,buying for a home office the firmware update bricked the unit updating this review later
957,test,simple,1,shipped to a uk address the carrying case is genuinely useful model number lc four seven five
958,test,simple,1,replacing a five year old unit the hinge still feels tight after a year bought the black version
959,train,simple,1,replacing a five year old unit the seller threw in a spare cable
960,test,simple,1,it charges fully in about an hour will report back after the winter
961,test,simple,1,ordered this in june the printed instructions were clear and short bought the black version
962,train,simple,0,replacing a five year old unit it stopped charging after three weeks
963,train,simple,1,for reference it charges fully in about an hour model number lc four seven five
964,val,simple,0,second one i have bought the price went up the day after i ordered updating this review later
965,test,simple,0,the build quality feels cheap in the hand ordered through the app
966,train,simple,1,i have used it daily since march the printed instructions were clear and short bought the black version
967,train,simple,1,bought during the autumn sale the battery easily lasts two days
968,val,simple,1,ordered this in june the companion app is responsive and clean
969,val,simple,0,buying for a home office the screen developed a dead pixel in week two happy to answer questions
970,train,simple,0,buying for a home office the fabric pilled after a single wash will report back after the winter
971,val,simple,1,second one i have bought the carrying case is genuinely useful updating this review later
972,train,simple,1,second one i have bought the battery easily lasts two days posting this after a month of use
973,test,simple,0,the packaging arrived crushed and open updating this review later
974,train,simple,0,second one i have bought the battery drains overnight while it is off ordered through the app
975,test,simple,0,for reference the fit runs two sizes small happy to answer questions
976,val,simple,0,the stitching came apart at the corner happy to answer questions
977,test,simple,1,buying for a home office the hinge still feels tight after a year bought the black version
978,train,simple,1,the sound is surprisingly rich will report back after the winter
979,train,simple,1,second one i have bought the sound is surprisingly rich model number lc four seven five
980,train,simple,0,second one i have bought it stopped charging after three weeks model number lc four seven five
981,train,simple,0,i have used it daily since march the packaging arrived crushed and open happy to answer questions
982,train,simple,1,shipped to a uk address the fit is exactly as described
983,train,simple,0,i have used it daily since march the packaging arrived crushed and open
984,train,simple,0,it disconnects from my laptop constantly posting this after a month of use
985,val,simple,0,second one i have bought the return label cost me twelve dollars updating this review later
986,test,simple,0,ordered this in june the warranty claim has been open for six weeks
987,test,simple,1,bought during the autumn sale it charges fully in about an hour
988,train,simple,0,replacing a five year old unit it disconnects from my laptop constantly updating this review later
989,test,simple,1,ordered this in june delivery arrived a day early happy to answer questions
990,train,simple,0,shipped to a uk address the mounting bracket snapped under load model number lc four seven five
991,test,simple,0,bought during the autumn sale it cracked from a knock off the desk posting this after a month of use
992,train,simple,0,replacing a five year old unit the fit runs two sizes small bought the black version
993,test,simple,1,for reference the stitching is even all the way round
994,train,simple,0,shipped to a uk address the stitching came apart at the corner posting this after a month of use
995,train,simple,0,bought during the autumn sale it stopped charging after three weeks
996,train,simple,1,shipped to a uk address delivery arrived a day early bought the black version
997,train,simple,1,buying for a home office the colour matches the product photos
998,train,simple,1,the fabric held up after ten washes model number lc four seven five
999,test,simple,0,buying for a home office the printed instructions were one unreadable page model number lc four seven five
1000,test,simple,1,ordered this in june the fabric held up after ten washes
1001,test,simple,0,bought during the autumn sale the seller shipped the wrong variant happy to answer questions
1002,train,simple,0,for reference the packaging arrived crushed and open happy to answer questions
1003,test,simple,0,i have used it daily since march the fit runs two sizes small updating this review later
1004,test,simple,0,shipped to a uk address support never replied to my ticket model number lc four seven five
1005,val,simple,0,i have used it daily since march the mounting bracket snapped under load posting this after a month of use
1006,train,simple,1,bought during the autumn sale the sound is surprisingly rich updating this review later
1007,test,simple,0,ordered this in june the packaging arrived crushed and open posting this after a month of use
1008,train,simple,1,the price is unbeatable for this spec ordered through the app
1009,test,simple,0,ordered this in june the seller shipped the wrong variant ordered through the app
1010,train,simple,1,second one i have bought the return label was already in the box happy to answer questions
1011,test,simple,1,the sound is surprisingly rich model number lc four seven five
1012,train,simple,1,i have used it daily since march the seller threw in a spare cable will report back after the winter
1013,train,simple,1,for reference the screen is bright and crisp bought the black version
1014,train,simple,0,buying for a home office the build quality feels cheap in the hand ordered through the app
1015,train,simple,0,replacing a five year old unit the carrying case tore at the seam model number lc four seven five
1016,train,simple,0,i have used it daily since march the fabric pilled after a single wash happy to answer questions
1017,train,simple,0,second one i have bought the build quality feels cheap in the hand model number lc four seven five
1018,test,simple,1,buying for a home office the weight is far lower than i expected model number lc four seven five
1019,train,simple,1,buying for a home office the battery easily lasts two days
1020,train,simple,1,ordered this in june it survived a drop onto concrete posting this after a month of use
1021,train,simple,0,bought during the autumn sale setup took me most of an afternoon ordered through the app
1022,train,simple,0,for reference the fabric pilled after a single wash updating this review later
1023,train,simple,1,buying for a home office the colour matches the product photos will report back after the winter
1024,test,simple,0,ordered this in june the hinge went loose within a month posting this after a month of use
1025,val,simple,1,i have used it daily since march it pairs with my laptop instantly updating this review later
1026,train,simple,0,buying for a home office it disconnects from my laptop constantly
1027,train,simple,1,shipped to a uk address the price is unbeatable for this spec bought the black version
1028,train,simple,0,the mounting bracket snapped under load model number lc four seven five
1029,train,simple,1,bought during the autumn sale the companion app is responsive and clean ordered through the app
1030,train,simple,0,second one i have bought the printed instructions were one unreadable page happy to answer questions
1031,train,simple,0,i have used it daily since march the hinge went loose within a month
1032,train,simple,1,for reference setup took under five minutes bought the black version
1033,train,simple,0,ordered this in june the carrying case tore at the seam
1034,train,simple,0,for reference setup took me most of an afternoon will report back after the winter
1035,train,simple,1,for reference the stitching is even all the way round bought the black version
1036,train,simple,0,i have used it daily since march the hinge went loose within a month ordered through the app
1037,test,simple,0,second one i have bought the fit runs two sizes small ordered through the app
1038,test,simple,0,second one i have bought the firmware update bricked the unit model number lc four seven five
1039,test,simple,0,second one i have bought the screen developed a dead pixel in week two model number lc four seven five
1040,val,simple,0,for reference the packaging arrived crushed and open model number lc four seven five
1041,train,simple,1,bought during the autumn sale the stitching is even all the way round
1042,train,simple,1,shipped to a uk address it pairs with my laptop instantly bought the black version
1043,train,simple,0,replacing a five year old unit the stitching came apart at the corner updating this review later
1044,train,simple,0,ordered this in june the companion app crashes on every launch model number lc four seven five
1045,train,simple,0,the colour is nothing like the product photos ordered through the app
1046,train,simple,0,it stopped charging after three weeks updating this review later
1047,train,simple,0,second one i have bought the screen developed a dead pixel in week two
1048,test,simple,0,bought during the autumn sale the colour is nothing like the product photos model number lc four seven five
1049,val,simple,1,i have used it daily since march the warranty claim took three minutes online updating this review later
1050,test,simple,0,the warranty claim has been open for six weeks will report back after the winter
1051,train,simple,0,i have used it daily since march it disconnects from my laptop constantly
1052,train,simple,0,ordered this in june the fabric pilled after a single wash
1053,train,simple,0,ordered this in june customer service put me on hold for an hour model number lc four seven five
1054,val,simple,1,second one i have bought the fit is exactly as described posting this after a month of use
1055,train,simple,1,for reference the packaging was neat and fully recyclable
1056,train,simple,0,second one i have bought the fit runs two sizes small
1057,train,simple,0,bought during the autumn sale the firmware update bricked the unit
1058,test,simple,1,for reference the price is unbeatable for this spec model number lc four seven five
1059,val,simple,0,ordered this in june it stopped charging after three weeks
1060,val,simple,0,for reference the stitching came apart at the corner updating this review later
1061,train,simple,1,bought during the autumn sale the stitching is even all the way round will report back after the winter
1062,test,simple,0,replacing a five year old unit customer service put me on hold for an hour model number lc four seven five
1063,val,simple,0,delivery was nine days late with no notice model number lc four seven five
1064,val,simple,0,for reference the mounting bracket snapped under load bought the black version
1065,val,simple,0,ordered this in june the stitching came apart at the corner posting this after a month of use
1066,train,simple,0,ordered this in june the fabric pilled after a single wash updating this review later
1067,val,simple,1,the mounting bracket lines up perfectly updating this review later
1068,test,simple,0,for reference delivery was nine days late with no notice will report back after the winter
1069,test,simple,0,shipped to a uk address the return label cost me twelve dollars
1070,val,simple,0,second one i have bought the return label cost me twelve dollars posting this after a month of use
1071,train,simple,1,i have used it daily since march the screen is bright and crisp
1072,train,simple,1,shipped to a uk address it charges fully in about an hour happy to answer questions
1073,test,simple,0,buying for a home office the battery drains overnight while it is off bought the black version
1074,train,simple,0,second one i have bought the weight makes it useless for travel will report back after the winter
1075,train,simple,0,for reference setup took me most of an afternoon ordered through the app
1076,test,simple,1,ordered this in june the carrying case is genuinely useful model number lc four seven five
1077,val,simple,1,shipped to a uk address the colour matches the product photos will report back after the winter
1078,train,simple,1,shipped to a uk address it charges fully in about an hour
1079,train,simple,0,replacing a five year old unit the fabric pilled after a single wash posting this after a month of use
1080,train,simple,1,shipped to a uk address the colour matches the product photos bought the black version
1081,train,simple,0,second one i have bought support never replied to my ticket happy to answer questions
1082,train,simple,0,buying for a home office the warranty claim has been open for six weeks updating this review later
1083,test,simple,1,the carrying case is genuinely useful updating this review later
1084,train,contrast,0,i have used it daily since march the companion app is responsive and clean but the warranty claim has been open for six weeks updating this review later
1085,train,contrast,1,i have used it daily since march the warranty claim has been open for six weeks but the companion app is responsive and clean updating this review later
1086,train,contrast,0,second one i have bought the build quality feels premium but the screen developed a dead pixel in week two
1087,train,contrast,1,second one i have bought the screen developed a dead pixel in week two but the build quality feels premium
1088,train,contrast,0,buying for a home office the battery easily lasts two days but the price went up the day after i ordered model number lc four seven five
1089,train,contrast,1,buying for a home office the price went up the day after i ordered but the battery easily lasts two days model number lc four seven five
1090,train,contrast,0,bought during the autumn sale the fabric held up after ten washes but the seller shipped the wrong variant
1091,train,contrast,1,bought during the autumn sale the seller shipped the wrong variant but the fabric held up after ten washes
1092,test,contrast,0,ordered this in june the mounting bracket lines up perfectly but the keys started sticking almost immediately model number lc four seven five
1093,test,contrast,1,ordered this in june the keys started sticking almost immediately but the mounting bracket lines up perfectly model number lc four seven five
1094,train,contrast,0,buying for a home office support answered within an hour but the build quality feels cheap in the hand
1095,train,contrast,1,buying for a home office the build quality feels cheap in the hand but support answered within an hour
1096,train,contrast,0,ordered this in june the colour matches the product photos but it disconnects from my laptop constantly ordered through the app
1097,train,contrast,1,ordered this in june it disconnects from my laptop constantly but the colour matches the product photos ordered through the app
1098,test,contrast,0,delivery arrived a day early but it disconnects from my laptop constantly bought the black version
1099,test,contrast,1,it disconnects from my laptop constantly but delivery arrived a day early bought the black version
1100,train,contrast,0,the build quality feels premium but customer service put me on hold for an hour
1101,train,contrast,1,customer service put me on hold for an hour but the build quality feels premium
1102,val,contrast,0,setup took under five minutes but the screen developed a dead pixel in week two happy to answer questions
1103,val,contrast,1,the screen developed a dead pixel in week two but setup took under five minutes happy to answer questions
1104,train,contrast,0,ordered this in june the hinge still feels tight after a year but the fit runs two sizes small will report back after the winter
1105,train,contrast,1,ordered this in june the fit runs two sizes small but the hinge still feels tight after a year will report back after the winter
1106,train,contrast,0,support answered within an hour but the mounting bracket snapped under load updating this review later
1107,train,contrast,1,the mounting bracket snapped under load but support answered within an hour updating this review later
1108,train,contrast,0,support answered within an hour but the battery drains overnight while it is off ordered through the app
1109,train,contrast,1,the battery drains overnight while it is off but support answered within an hour ordered through the app
1110,train,contrast,0,for reference support answered within an hour but it cracked from a knock off the desk will report back after the winter
1111,train,contrast,1,for reference it cracked from a knock off the desk but support answered within an hour will report back after the winter
1112,train,contrast,0,i have used it daily since march the build quality feels premium but customer service put me on hold for an hour happy to answer questions
1113,train,contrast,1,i have used it daily since march customer service put me on hold for an hour but the build quality feels premium happy to answer questions
1114,train,contrast,0,i have used it daily since march it survived a drop onto concrete but the return label cost me twelve dollars
1115,train,contrast,1,i have used it daily since march the return label cost me twelve dollars but it survived a drop onto concrete
1116,train,contrast,0,shipped to a uk address delivery arrived a day early but the screen developed a dead pixel in week two posting this after a month of use
1117,train,contrast,1,shipped to a uk address the screen developed a dead pixel in week two but delivery arrived a day early posting this after a month of use
1118,train,contrast,0,setup took under five minutes but the fit runs two sizes small happy to answer questions
1119,train,contrast,1,the fit runs two sizes small but setup took under five minutes happy to answer questions
1120,train,contrast,0,for reference it survived a drop onto concrete but setup took me most of an afternoon
1121,train,contrast,1,for reference setup took me most of an afternoon but it survived a drop onto concrete
1122,train,contrast,0,the seller threw in a spare cable but the battery drains overnight while it is off
1123,train,contrast,1,the battery drains overnight while it is off but the seller threw in a spare cable
1124,train,contrast,0,shipped to a uk address the price is unbeatable for this spec but the fit runs two sizes small
1125,train,contrast,1,shipped to a uk address the fit runs two sizes small but the price is unbeatable for this spec
1126,train,contrast,0,buying for a home office the seller threw in a spare cable but the seller shipped the wrong variant will report back after the winter
1127,train,contrast,1,buying for a home office the seller shipped the wrong variant but the seller threw in a spare cable will report back after the winter
1128,train,contrast,0,shipped to a uk address the printed instructions were clear and short but the sound is tinny at any volume model number lc four seven five
1129,train,contrast,1,shipped to a uk address the sound is tinny at any volume but the printed instructions were clear and short model number lc four seven five
1130,train,contrast,0,second one i have bought the return label was already in the box but the companion app crashes on every launch posting this after a month of use
1131,train,contrast,1,second one i have bought the companion app crashes on every launch but the return label was already in the box posting this after a month of use
1132,train,contrast,0,buying for a home office the build quality feels premium but the battery drains overnight while it is off posting this after a month of use
1133,train,contrast,1,buying for a home office the battery drains overnight while it is off but the build quality feels premium posting this after a month of use
1134,test,contrast,0,for reference the firmware update installed without a hitch but the colour is nothing like the product photos bought the black version
1135,test,contrast,1,for reference the colour is nothing like the product photos but the firmware update installed without a hitch bought the black version
1136,test,contrast,0,second one i have bought customer service refunded me the same day but it stopped charging after three weeks bought the black version
1137,test,contrast,1,second one i have bought it stopped charging after three weeks but customer service refunded me the same day bought the black version
1138,test,contrast,0,the companion app is responsive and clean but the warranty claim has been open for six weeks updating this review later
1139,test,contrast,1,the warranty claim has been open for six weeks but the companion app is responsive and clean updating this review later
1140,test,contrast,0,the return label was already in the box but it stopped charging after three weeks bought the black version
1141,test,contrast,1,it stopped charging after three weeks but the return label was already in the box bought the black version
1142,val,contrast,0,setup took under five minutes but it disconnects from my laptop constantly
1143,val,contrast,1,it disconnects from my laptop constantly but setup took under five minutes
1144,test,contrast,0,it pairs with my laptop instantly but the colour is nothing like the product photos
1145,test,contrast,1,the colour is nothing like the product photos but it pairs with my laptop instantly
1146,train,contrast,0,ordered this in june the battery easily lasts two days but the hinge went loose within a month updating this review later
1147,train,contrast,1,ordered this in june the hinge went loose within a month but the battery easily lasts two days updating this review later
1148,train,contrast,0,shipped to a uk address the companion app is responsive and clean but the colour is nothing like the product photos
1149,train,contrast,1,shipped to a uk address the colour is nothing like the product photos but the companion app is responsive and clean
1150,train,contrast,0,shipped to a uk address the printed instructions were clear and short but the colour is nothing like the product photos
1151,train,contrast,1,shipped to a uk address the colour is nothing like the product photos but the printed instructions were clear and short
1152,train,contrast,0,support answered within an hour but the fabric pilled after a single wash will report back after the winter
1153,train,contrast,1,the fabric pilled after a single wash but support answered within an hour will report back after the winter
1154,train,contrast,0,i have used it daily since march the warranty claim took three minutes online but the price went up the day after i ordered updating this review later
1155,train,contrast,1,i have used it daily since march the price went up the day after i ordered but the warranty claim took three minutes online updating this review later
1156,test,contrast,0,for reference the mounting bracket lines up perfectly but the price went up the day after i ordered
1157,test,contrast,1,for reference the price went up the day after i ordered but the mounting bracket lines up perfectly
1158,test,contrast,0,i have used it daily since march the packaging was neat and fully recyclable but the price went up the day after i ordered updating this review later
1159,test,contrast,1,i have used it daily since march the price went up the day after i ordered but the packaging was neat and fully recyclable updating this review later
1160,val,contrast,0,shipped to a uk address the fit is exactly as described but the build quality feels cheap in the hand
1161,val,contrast,1,shipped to a uk address the build quality feels cheap in the hand but the fit is exactly as described
1162,test,contrast,0,support answered within an hour but it cracked from a knock off the desk happy to answer questions
1163,test,contrast,1,it cracked from a knock off the desk but support answered within an hour happy to answer questions
1164,train,contrast,0,customer service refunded me the same day but the seller shipped the wrong variant happy to answer questions
1165,train,contrast,1,the seller shipped the wrong variant but customer service refunded me the same day happy to answer questions
1166,train,contrast,0,for reference the printed instructions were clear and short but the fit runs two sizes small
1167,train,contrast,1,for reference the fit runs two sizes small but the printed instructions were clear and short
1168,train,contrast,0,it charges fully in about an hour but setup took me most of an afternoon happy to answer questions
1169,train,contrast,1,setup took me most of an afternoon but it charges fully in about an hour happy to answer questions
1170,train,contrast,0,ordered this in june the mounting bracket lines up perfectly but delivery was nine days late with no notice model number lc four seven five
1171,train,contrast,1,ordered this in june delivery was nine days late with no notice but the mounting bracket lines up perfectly model number lc four seven five
1172,train,contrast,0,the carrying case is genuinely useful but the mounting bracket snapped under load
1173,train,contrast,1,the mounting bracket snapped under load but the carrying case is genuinely useful
1174,train,contrast,0,for reference the weight is far lower than i expected but the price went up the day after i ordered
1175,train,contrast,1,for reference the price went up the day after i ordered but the weight is far lower than i expected
1176,train,contrast,0,support answered within an hour but it disconnects from my laptop constantly model number lc four seven five
1177,train,contrast,1,it disconnects from my laptop constantly but support answered within an hour model number lc four seven five
1178,test,contrast,0,second one i have bought the stitching is even all the way round but the weight makes it useless for travel will report back after the winter
1179,test,contrast,1,second one i have bought the weight makes it useless for travel but the stitching is even all the way round will report back after the winter
1180,train,contrast,0,bought during the autumn sale customer service refunded me the same day but setup took me most of an afternoon happy to answer questions
1181,train,contrast,1,bought during the autumn sale setup took me most of an afternoon but customer service refunded me the same day happy to answer questions
1182,train,contrast,0,for reference the colour matches the product photos but delivery was nine days late with no notice
1183,train,contrast,1,for reference delivery was nine days late with no notice but the colour matches the product photos
1184,test,contrast,0,for reference it survived a drop onto concrete but the packaging arrived crushed and open model number lc four seven five
1185,test,contrast,1,for reference the packaging arrived crushed and open but it survived a drop onto concrete model number lc four seven five
1186,train,contrast,0,buying for a home office the companion app is responsive and clean but it disconnects from my laptop constantly will report back after the winter
1187,train,contrast,1,buying for a home office it disconnects from my laptop constantly but the companion app is responsive and clean will report back after the winter
1188,test,contrast,0,buying for a home office it pairs with my laptop instantly but it disconnects from my laptop constantly happy to answer questions
1189,test,contrast,1,buying for a home office it disconnects from my laptop constantly but it pairs with my laptop instantly happy to answer questions
1190,train,contrast,0,buying for a home office the firmware update installed without a hitch but the price went up the day after i ordered happy to answer questions
1191,train,contrast,1,buying for a home office the price went up the day after i ordered but the firmware update installed without a hitch happy to answer questions
1192,train,contrast,0,replacing a five year old unit the stitching is even all the way round but the carrying case tore at the seam will report back after the winter
1193,train,contrast,1,replacing a five year old unit the carrying case tore at the seam but the stitching is even all the way round will report back after the winter
1194,test,contrast,0,bought during the autumn sale the mounting bracket lines up perfectly but the stitching came apart at the corner
1195,test,contrast,1,bought during the autumn sale the stitching came apart at the corner but the mounting bracket lines up perfectly
1196,train,contrast,0,the screen is bright and crisp but it stopped charging after three weeks
1197,train,contrast,1,it stopped charging after three weeks but the screen is bright and crisp
1198,test,contrast,0,buying for a home office the warranty claim took three minutes online but the fabric pilled after a single wash model number lc four seven five
1199,test,contrast,1,buying for a home office the fabric pilled after a single wash but the warranty claim took three minutes online model number lc four seven five
1200,train,contrast,0,replacing a five year old unit the return label was already in the box but the companion app crashes on every launch bought the black version
1201,train,contrast,1,replacing a five year old unit the companion app crashes on every launch but the return label was already in the box bought the black version
1202,train,contrast,0,second one i have bought the fit is exactly as described but the mounting bracket snapped under load updating this review later
1203,train,contrast,1,second one i have bought the mounting bracket snapped under load but the fit is exactly as described updating this review later
1204,train,contrast,0,second one i have bought the mounting bracket lines up perfectly but it stopped charging after three weeks
1205,train,contrast,1,second one i have bought it stopped charging after three weeks but the mounting bracket lines up perfectly
1206,train,contrast,0,delivery arrived a day early but it cracked from a knock off the desk bought the black version
1207,train,contrast,1,it cracked from a knock off the desk but delivery arrived a day early bought the black version
1208,test,contrast,0,buying for a home office the screen is bright and crisp but the carrying case tore at the seam
1209,test,contrast,1,buying for a home office the carrying case tore at the seam but the screen is bright and crisp
1210,train,contrast,0,the warranty claim took three minutes online but the sound is tinny at any volume
1211,train,contrast,1,the sound is tinny at any volume but the warranty claim took three minutes online
1212,train,contrast,0,for reference it pairs with my laptop instantly but the fit runs two sizes small ordered through the app
1213,train,contrast,1,for reference the fit runs two sizes small but it pairs with my laptop instantly ordered through the app
1214,train,contrast,0,the packaging was neat and fully recyclable but the battery drains overnight while it is off
1215,train,contrast,1,the battery drains overnight while it is off but the packaging was neat and fully recyclable
1216,test,contrast,0,buying for a home office the battery easily lasts two days but delivery was nine days late with no notice
1217,test,contrast,1,buying for a home office delivery was nine days late with no notice but the battery easily lasts two days
1218,train,contrast,0,second one i have bought the fit is exactly as described but the sound is tinny at any volume model number lc four seven five
1219,train,contrast,1,second one i have bought the sound is tinny at any volume but the fit is exactly as described model number lc four seven five
1220,test,contrast,0,the keys have a satisfying travel but it disconnects from my laptop constantly
1221,test,contrast,1,it disconnects from my laptop constantly but the keys have a satisfying travel
1222,test,contrast,0,ordered this in june the weight is far lower than i expected but the price went up the day after i ordered
1223,test,contrast,1,ordered this in june the price went up the day after i ordered but the weight is far lower than i expected
1224,train,contrast,0,second one i have bought the return label was already in the box but the fit runs two sizes small will report back after the winter
1225,train,contrast,1,second one i have bought the fit runs two sizes small but the return label was already in the box will report back after the winter
1226,val,contrast,0,the price is unbeatable for this spec but it cracked from a knock off the desk updating this review later
1227,val,contrast,1,it cracked from a knock off the desk but the price is unbeatable for this spec updating this review later
1228,train,contrast,0,buying for a home office it survived a drop onto concrete but it disconnects from my laptop constantly
1229,train,contrast,1,buying for a home office it disconnects from my laptop constantly but it survived a drop onto concrete
1230,train,contrast,0,bought during the autumn sale the keys have a satisfying travel but the battery drains overnight while it is off happy to answer questions
1231,train,contrast,1,bought during the autumn sale the battery drains overnight while it is off but the keys have a satisfying travel happy to answer questions
1232,train,contrast,0,shipped to a uk address the carrying case is genuinely useful but the fabric pilled after a single wash ordered through the app
1233,train,contrast,1,shipped to a uk address the fabric pilled after a single wash but the carrying case is genuinely useful ordered through the app
1234,train,contrast,0,the keys have a satisfying travel but the price went up the day after i ordered
1235,train,contrast,1,the price went up the day after i ordered but the keys have a satisfying travel
1236,val,contrast,0,second one i have bought the seller threw in a spare cable but the stitching came apart at the corner posting this after a month of use
1237,val,contrast,1,second one i have bought the stitching came apart at the corner but the seller threw in a spare cable posting this after a month of use
1238,train,contrast,0,for reference it survived a drop onto concrete but the companion app crashes on every launch
1239,train,contrast,1,for reference the companion app crashes on every launch but it survived a drop onto concrete
1240,train,contrast,0,ordered this in june the stitching is even all the way round but the fit runs two sizes small ordered through the app
1241,train,contrast,1,ordered this in june the fit runs two sizes small but the stitching is even all the way round ordered through the app
1242,train,contrast,0,for reference it charges fully in about an hour but the colour is nothing like the product photos will report back after the winter
1243,train,contrast,1,for reference the colour is nothing like the product photos but it charges fully in about an hour will report back after the winter
1244,train,contrast,0,second one i have bought the companion app is responsive and clean but the carrying case tore at the seam updating this review later
1245,train,contrast,1,second one i have bought the carrying case tore at the seam but the companion app is responsive and clean updating this review later
1246,train,contrast,0,the build quality feels premium but the seller shipped the wrong variant ordered through the app
1247,train,contrast,1,the seller shipped the wrong variant but the build quality feels premium ordered through the app
1248,train,contrast,0,it survived a drop onto concrete but customer service put me on hold for an hour
1249,train,contrast,1,customer service put me on hold for an hour but it survived a drop onto concrete
1250,train,contrast,0,the hinge still feels tight after a year but the firmware update bricked the unit posting this after a month of use
1251,train,contrast,1,the firmware update bricked the unit but the hinge still feels tight after a year posting this after a month of use
1252,test,contrast,0,the carrying case is genuinely useful but it cracked from a knock off the desk happy to answer questions
1253,test,contrast,1,it cracked from a knock off the desk but the carrying case is genuinely useful happy to answer questions
1254,train,contrast,0,bought during the autumn sale the colour matches the product photos but the packaging arrived crushed and open
1255,train,contrast,1,bought during the autumn sale the packaging arrived crushed and open but the colour matches the product photos
1256,train,contrast,0,for reference the colour matches the product photos but the companion app crashes on every launch bought the black version
1257,train,contrast,1,for reference the companion app crashes on every launch but the colour matches the product photos bought the black version
1258,val,contrast,0,replacing a five year old unit the firmware update installed without a hitch but the warranty claim has been open for six weeks will report back after the winter
1259,val,contrast,1,replacing a five year old unit the warranty claim has been open for six weeks but the firmware update installed without a hitch will report back after the winter
1260,train,contrast,0,ordered this in june the sound is surprisingly rich but the sound is tinny at any volume updating this review later
1261,train,contrast,1,ordered this in june the sound is tinny at any volume but the sound is surprisingly rich updating this review later
1262,val,contrast,0,shipped to a uk address support answered within an hour but the printed instructions were one unreadable page will report back after the winter
1263,val,contrast,1,shipped to a uk address the printed instructions were one unreadable page but support answered within an hour will report back after the winter
1264,train,contrast,0,ordered this in june the stitching is even all the way round but the build quality feels cheap in the hand
1265,train,contrast,1,ordered this in june the build quality feels cheap in the hand but the stitching is even all the way round
1266,val,contrast,0,the mounting bracket lines up perfectly but setup took me most of an afternoon happy to answer questions
1267,val,contrast,1,setup took me most of an afternoon but the mounting bracket lines up perfectly happy to answer questions
1268,train,contrast,0,bought during the autumn sale the seller threw in a spare cable but it disconnects from my laptop constantly
1269,train,contrast,1,bought during the autumn sale it disconnects from my laptop constantly but the seller threw in a spare cable
1270,test,contrast,0,ordered this in june the fit is exactly as described but the sound is tinny at any volume
1271,test,contrast,1,ordered this in june the sound is tinny at any volume but the fit is exactly as described
1272,train,contrast,0,replacing a five year old unit it survived a drop onto concrete but the stitching came apart at the corner bought the black version
1273,train,contrast,1,replacing a five year old unit the stitching came apart at the corner but it survived a drop onto concrete bought the black version
1274,train,contrast,0,the carrying case is genuinely useful but the keys started sticking almost immediately will report back after the winter
1275,train,contrast,1,the keys started sticking almost immediately but the carrying case is genuinely useful will report back after the winter
1276,train,contrast,0,the firmware update installed without a hitch but the stitching came apart at the corner ordered through the app
1277,train,contrast,1,the stitching came apart at the corner but the firmware update installed without a hitch ordered through the app
1278,train,contrast,0,bought during the autumn sale customer service refunded me the same day but it disconnects from my laptop constantly
1279,train,contrast,1,bought during the autumn sale it disconnects from my laptop constantly but customer service refunded me the same day
1280,val,contrast,0,shipped to a uk address delivery arrived a day early but the keys started sticking almost immediately model number lc four seven five
1281,val,contrast,1,shipped to a uk address the keys started sticking almost immediately but delivery arrived a day early model number lc four seven five
1282,train,contrast,0,replacing a five year old unit it survived a drop onto concrete but the fabric pilled after a single wash ordered through the app
1283,train,contrast,1,replacing a five year old unit the fabric pilled after a single wash but it survived a drop onto concrete ordered through the app
1284,train,contrast,0,shipped to a uk address the carrying case is genuinely useful but the price went up the day after i ordered
1285,train,contrast,1,shipped to a uk address the price went up the day after i ordered but the carrying case is genuinely useful
1286,train,contrast,0,the keys have a satisfying travel but the packaging arrived crushed and open updating this review later
1287,train,contrast,1,the packaging arrived crushed and open but the keys have a satisfying travel updating this review later
1288,train,contrast,0,the battery easily lasts two days but the colour is nothing like the product photos model number lc four seven five
1289,train,contrast,1,the colour is nothing like the product photos but the battery easily lasts two days model number lc four seven five
1290,train,contrast,0,for reference the return label was already in the box but the printed instructions were one unreadable page updating this review later
1291,train,contrast,1,for reference the printed instructions were one unreadable page but the return label was already in the box updating this review later
1292,val,contrast,0,bought during the autumn sale setup took under five minutes but the carrying case tore at the seam will report back after the winter
1293,val,contrast,1,bought during the autumn sale the carrying case tore at the seam but setup took under five minutes will report back after the winter
1294,train,contrast,0,the warranty claim took three minutes online but the firmware update bricked the unit ordered through the app
1295,train,contrast,1,the firmware update bricked the unit but the warranty claim took three minutes online ordered through the app
1296,test,contrast,0,ordered this in june the printed instructions were clear and short but the carrying case tore at the seam updating this review later
1297,test,contrast,1,ordered this in june the carrying case tore at the seam but the printed instructions were clear and short updating this review later
1298,train,contrast,0,i have used it daily since march support answered within an hour but the battery drains overnight while it is off ordered through the app
1299,train,contrast,1,i have used it daily since march the battery drains overnight while it is off but support answered within an hour ordered through the app
1300,test,contrast,0,i have used it daily since march the warranty claim took three minutes online but the colour is nothing like the product photos
1301,test,contrast,1,i have used it daily since march the colour is nothing like the product photos but the warranty claim took three minutes online
1302,train,contrast,0,buying for a home office the carrying case is genuinely useful but the hinge went loose within a month bought the black version
1303,train,contrast,1,buying for a home office the hinge went loose within a month but the carrying case is genuinely useful bought the black version
1304,train,contrast,0,buying for a home office the return label was already in the box but the warranty claim has been open for six weeks ordered through the app
1305,train,contrast,1,buying for a home office the warranty claim has been open for six weeks but the return label was already in the box ordered through the app
1306,train,contrast,0,replacing a five year old unit it pairs with my laptop instantly but the keys started sticking almost immediately ordered through the app
1307,train,contrast,1,replacing a five year old unit the keys started sticking almost immediately but it pairs with my laptop instantly ordered through the app
1308,train,contrast,0,it charges fully in about an hour but the warranty claim has been open for six weeks
1309,train,contrast,1,the warranty claim has been open for six weeks but it charges fully in about an hour
1310,train,contrast,0,for reference the mounting bracket lines up perfectly but the keys started sticking almost immediately
1311,train,contrast,1,for reference the keys started sticking almost immediately but the mounting bracket lines up perfectly
1312,train,contrast,0,shipped to a uk address the warranty claim took three minutes online but the price went up the day after i ordered
1313,train,contrast,1,shipped to a uk address the price went up the day after i ordered but the warranty claim took three minutes online
1314,train,contrast,0,the price is unbeatable for this spec but delivery was nine days late with no notice will report back after the winter
1315,train,contrast,1,delivery was nine days late with no notice but the price is unbeatable for this spec will report back after the winter
1316,train,contrast,0,ordered this in june the stitching is even all the way round but the warranty claim has been open for six weeks
1317,train,contrast,1,ordered this in june the warranty claim has been open for six weeks but the stitching is even all the way round
1318,test,contrast,0,buying for a home office the battery easily lasts two days but the sound is tinny at any volume ordered through the app
1319,test,contrast,1,buying for a home office the sound is tinny at any volume but the battery easily lasts two days ordered through the app
1320,train,contrast,0,second one i have bought it charges fully in about an hour but the return label cost me twelve dollars posting this after a month of use
1321,train,contrast,1,second one i have bought the return label cost me twelve dollars but it charges fully in about an hour posting this after a month of use
1322,train,contrast,0,the keys have a satisfying travel but the weight makes it useless for travel bought the black version
1323,train,contrast,1,the weight makes it useless for travel but the keys have a satisfying travel bought the black version
1324,train,contrast,0,the weight is far lower than i expected but the mounting bracket snapped under load
1325,train,contrast,1,the mounting bracket snapped under load but the weight is far lower than i expected
1326,train,contrast,0,bought during the autumn sale the battery easily lasts two days but the seller shipped the wrong variant
1327,train,contrast,1,bought during the autumn sale the seller shipped the wrong variant but the battery easily lasts two days
1328,train,contrast,0,ordered this in june the firmware update installed without a hitch but the fabric pilled after a single wash ordered through the app
1329,train,contrast,1,ordered this in june the fabric pilled after a single wash but the firmware update installed without a hitch ordered through the app
1330,test,contrast,0,customer service refunded me the same day but the fabric pilled after a single wash model number lc four seven five
1331,test,contrast,1,the fabric pilled after a single wash but customer service refunded me the same day model number lc four seven five
1332,train,contrast,0,buying for a home office the carrying case is genuinely useful but it stopped charging after three weeks happy to answer questions
1333,train,contrast,1,buying for a home office it stopped charging after three weeks but the carrying case is genuinely useful happy to answer questions
1334,test,contrast,0,replacing a five year old unit support answered within an hour but the colour is nothing like the product photos updating this review later
1335,test,contrast,1,replacing a five year old unit the colour is nothing like the product photos but support answered within an hour updating this review later
1336,train,contrast,0,i have used it daily since march the hinge still feels tight after a year but customer service put me on hold for an hour ordered through the app
1337,train,contrast,1,i have used it daily since march customer service put me on hold for an hour but the hinge still feels tight after a year ordered through the app
1338,test,contrast,0,the seller threw in a spare cable but setup took me most of an afternoon ordered through the app
1339,test,contrast,1,setup took me most of an afternoon but the seller threw in a spare cable ordered through the app
1340,train,contrast,0,second one i have bought it pairs with my laptop instantly but the carrying case tore at the seam
1341,train,contrast,1,second one i have bought the carrying case tore at the seam but it pairs with my laptop instantly
1342,val,contrast,0,bought during the autumn sale support answered within an hour but the return label cost me twelve dollars will report back after the winter
1343,val,contrast,1,bought during the autumn sale the return label cost me twelve dollars but support answered within an hour will report back after the winter
1344,train,contrast,0,bought during the autumn sale support answered within an hour but the warranty claim has been open for six weeks ordered through the app
1345,train,contrast,1,bought during the autumn sale the warranty claim has been open for six weeks but support answered within an hour ordered through the app
1346,test,contrast,0,i have used it daily since march the sound is surprisingly rich but the firmware update bricked the unit posting this after a month of use
1347,test,contrast,1,i have used it daily since march the firmware update bricked the unit but the sound is surprisingly rich posting this after a month of use
1348,train,contrast,0,i have used it daily since march the weight is far lower than i expected but the stitching came apart at the corner bought the black version
1349,train,contrast,1,i have used it daily since march the stitching came apart at the corner but the weight is far lower than i expected bought the black version
1350,train,contrast,0,i have used it daily since march the battery easily lasts two days but the hinge went loose within a month updating this review later
1351,train,contrast,1,i have used it daily since march the hinge went loose within a month but the battery easily lasts two days updating this review later
1352,train,contrast,0,second one i have bought setup took under five minutes but the weight makes it useless for travel happy to answer questions
1353,train,contrast,1,second one i have bought the weight makes it useless for travel but setup took under five minutes happy to answer questions
1354,train,contrast,0,it pairs with my laptop instantly but it stopped charging after three weeks posting this after a month of use
1355,train,contrast,1,it stopped charging after three weeks but it pairs with my laptop instantly posting this after a month of use
1356,test,contrast,0,for reference it pairs with my laptop instantly but the firmware update bricked the unit ordered through the app
1357,test,contrast,1,for reference the firmware update bricked the unit but it pairs with my laptop instantly ordered through the app
1358,test,contrast,0,bought during the autumn sale the packaging was neat and fully recyclable but the stitching came apart at the corner
1359,test,contrast,1,bought during the autumn sale the stitching came apart at the corner but the packaging was neat and fully recyclable
1360,test,contrast,0,replacing a five year old unit the packaging was neat and fully recyclable but the keys started sticking almost immediately ordered through the app
1361,test,contrast,1,replacing a five year old unit the keys started sticking almost immediately but the packaging was neat and fully recyclable ordered through the app
1362,train,contrast,0,second one i have bought customer service refunded me the same day but the stitching came apart at the corner
1363,train,contrast,1,second one i have bought the stitching came apart at the corner but customer service refunded me the same day
1364,train,contrast,0,shipped to a uk address customer service refunded me the same day but the hinge went loose within a month updating this review later
1365,train,contrast,1,shipped to a uk address the hinge went loose within a month but customer service refunded me the same day updating this review later
1366,train,contrast,0,replacing a five year old unit delivery arrived a day early but the warranty claim has been open for six weeks happy to answer questions
1367,train,contrast,1,replacing a five year old unit the warranty claim has been open for six weeks but delivery arrived a day early happy to answer questions
1368,train,contrast,0,the stitching is even all the way round but the mounting bracket snapped under load will report back after the winter
1369,train,contrast,1,the mounting bracket snapped under load but the stitching is even all the way round will report back after the winter
1370,train,contrast,0,i have used it daily since march the stitching is even all the way round but the hinge went loose within a month updating this review later
1371,train,contrast,1,i have used it daily since march the hinge went loose within a month but the stitching is even all the way round updating this review later
1372,train,contrast,0,the keys have a satisfying travel but the hinge went loose within a month
1373,train,contrast,1,the hinge went loose within a month but the keys have a satisfying travel
1374,test,contrast,0,second one i have bought the fabric held up after ten washes but the companion app crashes on every launch posting this after a month of use
1375,test,contrast,1,second one i have bought the companion app crashes on every launch but the fabric held up after ten washes posting this after a month of use
1376,train,contrast,0,setup took under five minutes but the keys started sticking almost immediately updating this review later
1377,train,contrast,1,the keys started sticking almost immediately but setup took under five minutes updating this review later
1378,test,contrast,0,buying for a home office the stitching is even all the way round but the sound is tinny at any volume bought the black version
1379,test,contrast,1,buying for a home office the sound is tinny at any volume but the stitching is even all the way round bought the black version
1380,train,contrast,0,bought during the autumn sale it pairs with my laptop instantly but the keys started sticking almost immediately ordered through the app
1381,train,contrast,1,bought during the autumn sale the keys started sticking almost immediately but it pairs with my laptop instantly ordered through the app
1382,train,contrast,0,replacing a five year old unit the fit is exactly as described but the companion app crashes on every launch
1383,train,contrast,1,replacing a five year old unit the companion app crashes on every launch but the fit is exactly as described
1384,train,contrast,0,i have used it daily since march the keys have a satisfying travel but the return label cost me twelve dollars
1385,train,contrast,1,i have used it daily since march the return label cost me twelve dollars but the keys have a satisfying travel
1386,train,contrast,0,ordered this in june it pairs with my laptop instantly but the fabric pilled after a single wash
1387,train,contrast,1,ordered this in june the fabric pilled after a single wash but it pairs with my laptop instantly
1388,test,contrast,0,the printed instructions were clear and short but it stopped charging after three weeks model number lc four seven five
1389,test,contrast,1,it stopped charging after three weeks but the printed instructions were clear and short model number lc four seven five
1390,val,contrast,0,i have used it daily since march the fit is exactly as described but the screen developed a dead pixel in week two model number lc four seven five
1391,val,contrast,1,i have used it daily since march the screen developed a dead pixel in week two but the fit is exactly as described model number lc four seven five
1392,train,contrast,0,the fabric held up after ten washes but support never replied to my ticket
1393,train,contrast,1,support never replied to my ticket but the fabric held up after ten washes
1394,train,contrast,0,buying for a home office the fabric held up after ten washes but the firmware update bricked the unit happy to answer questions
1395,train,contrast,1,buying for a home office the firmware update bricked the unit but the fabric held up after ten washes happy to answer questions
1396,val,contrast,0,the weight is far lower than i expected but the price went up the day after i ordered
1397,val,contrast,1,the price went up the day after i ordered but the weight is far lower than i expected
1398,test,contrast,0,i have used it daily since march the fit is exactly as described but the colour is nothing like the product photos will report back after the winter
1399,test,contrast,1,i have used it daily since march the colour is nothing like the product photos but the fit is exactly as described will report back after the winter
1400,test,contrast,0,second one i have bought the firmware update installed without a hitch but the build quality feels cheap in the hand model number lc four seven five
1401,test,contrast,1,second one i have bought the build quality feels cheap in the hand but the firmware update installed without a hitch model number lc four seven five
1402,train,contrast,0,the hinge still feels tight after a year but the companion app crashes on every launch
1403,train,contrast,1,the companion app crashes on every launch but the hinge still feels tight after a year
1404,train,contrast,0,bought during the autumn sale it pairs with my laptop instantly but the sound is tinny at any volume ordered through the app
1405,train,contrast,1,bought during the autumn sale the sound is tinny at any volume but it pairs with my laptop instantly ordered through the app
1406,val,contrast,0,bought during the autumn sale delivery arrived a day early but the printed instructions were one unreadable page
1407,val,contrast,1,bought during the autumn sale the printed instructions were one unreadable page but delivery arrived a day early
1408,train,contrast,0,replacing a five year old unit the fit is exactly as described but it stopped charging after three weeks happy to answer questions
1409,train,contrast,1,replacing a five year old unit it stopped charging after three weeks but the fit is exactly as described happy to answer questions
1410,train,contrast,0,second one i have bought it charges fully in about an hour but the companion app crashes on every launch
1411,train,contrast,1,second one i have bought the companion app crashes on every launch but it charges fully in about an hour
1412,train,contrast,0,shipped to a uk address it charges fully in about an hour but the packaging arrived crushed and open
1413,train,contrast,1,shipped to a uk address the packaging arrived crushed and open but it charges fully in about an hour
1414,train,contrast,0,second one i have bought it survived a drop onto concrete but the hinge went loose within a month model number lc four seven five
1415,train,contrast,1,second one i have bought the hinge went loose within a month but it survived a drop onto concrete model number lc four seven five
1416,train,contrast,0,replacing a five year old unit customer service refunded me the same day but support never replied to my ticket ordered through the app
1417,train,contrast,1,replacing a five year old unit support never replied to my ticket but customer service refunded me the same day ordered through the app
1418,test,contrast,0,the printed instructions were clear and short but the firmware update bricked the unit happy to answer questions
1419,test,contrast,1,the firmware update bricked the unit but the printed instructions were clear and short happy to answer questions
1420,train,contrast,0,buying for a home office the carrying case is genuinely useful but the fit runs two sizes small ordered through the app
1421,train,contrast,1,buying for a home office the fit runs two sizes small but the carrying case is genuinely useful ordered through the app
1422,train,contrast,0,second one i have bought the stitching is even all the way round but the price went up the day after i ordered posting this after a month of use
1423,train,contrast,1,second one i have bought the price went up the day after i ordered but the stitching is even all the way round posting this after a month of use
1424,test,contrast,0,i have used it daily since march the fabric held up after ten washes but customer service put me on hold for an hour happy to answer questions
1425,test,contrast,1,i have used it daily since march customer service put me on hold for an hour but the fabric held up after ten washes happy to answer questions
1426,train,contrast,0,ordered this in june the carrying case is genuinely useful but customer service put me on hold for an hour model number lc four seven five
1427,train,contrast,1,ordered this in june customer service put me on hold for an hour but the carrying case is genuinely useful model number lc four seven five
1428,train,contrast,0,the stitching is even all the way round but the fabric pilled after a single wash
1429,train,contrast,1,the fabric pilled after a single wash but the stitching is even all the way round
1430,train,contrast,0,the stitching is even all the way round but delivery was nine days late with no notice
1431,train,contrast,1,delivery was nine days late with no notice but the stitching is even all the way round
1432,train,contrast,0,for reference it survived a drop onto concrete but the fabric pilled after a single wash
1433,train,contrast,1,for reference the fabric pilled after a single wash but it survived a drop onto concrete
1434,val,contrast,0,bought during the autumn sale the colour matches the product photos but support never replied to my ticket ordered through the app
1435,val,contrast,1,bought during the autumn sale support never replied to my ticket but the colour matches the product photos ordered through the app
1436,train,contrast,0,second one i have bought the carrying case is genuinely useful but the price went up the day after i ordered posting this after a month of use
1437,train,contrast,1,second one i have bought the price went up the day after i ordered but the carrying case is genuinely useful posting this after a month of use
1438,train,contrast,0,bought during the autumn sale the sound is surprisingly rich but the hinge went loose within a month model number lc four seven five
1439,train,contrast,1,bought during the autumn sale the hinge went loose within a month but the sound is surprisingly rich model number lc four seven five
1440,train,contrast,0,second one i have bought delivery arrived a day early but the printed instructions were one unreadable page
1441,train,contrast,1,second one i have bought the printed instructions were one unreadable page but delivery arrived a day early
1442,train,contrast,0,i have used it daily since march the sound is surprisingly rich but the weight makes it useless for travel
1443,train,contrast,1,i have used it daily since march the weight makes it useless for travel but the sound is surprisingly rich
1444,test,contrast,0,replacing a five year old unit delivery arrived a day early but the colour is nothing like the product photos
1445,test,contrast,1,replacing a five year old unit the colour is nothing like the product photos but delivery arrived a day early
1446,test,contrast,0,shipped to a uk address the screen is bright and crisp but the firmware update bricked the unit ordered through the app
1447,test,contrast,1,shipped to a uk address the firmware update bricked the unit but the screen is bright and crisp ordered through the app
1448,train,contrast,0,replacing a five year old unit the hinge still feels tight after a year but customer service put me on hold for an hour model number lc four seven five
1449,train,contrast,1,replacing a five year old unit customer service put me on hold for an hour but the hinge still feels tight after a year model number lc four seven five
1450,test,contrast,0,for reference customer service refunded me the same day but the price went up the day after i ordered
1451,test,contrast,1,for reference the price went up the day after i ordered but customer service refunded me the same day
1452,train,contrast,0,second one i have bought the seller threw in a spare cable but the fabric pilled after a single wash updating this review later
1453,train,contrast,1,second one i have bought the fabric pilled after a single wash but the seller threw in a spare cable updating this review later
1454,train,contrast,0,the carrying case is genuinely useful but setup took me most of an afternoon ordered through the app
1455,train,contrast,1,setup took me most of an afternoon but the carrying case is genuinely useful ordered through the app
1456,train,contrast,0,the sound is surprisingly rich but the return label cost me twelve dollars
1457,train,contrast,1,the return label cost me twelve dollars but the sound is surprisingly rich
1458,train,contrast,0,replacing a five year old unit the companion app is responsive and clean but setup took me most of an afternoon posting this after a month of use
1459,train,contrast,1,replacing a five year old unit setup took me most of an afternoon but the companion app is responsive and clean posting this after a month of use
1460,train,contrast,0,replacing a five year old unit the weight is far lower than i expected but it cracked from a knock off the desk model number lc four seven five
1461,train,contrast,1,replacing a five year old unit it cracked from a knock off the desk but the weight is far lower than i expected model number lc four seven five
1462,val,contrast,0,i have used it daily since march the return label was already in the box but support never replied to my ticket model number lc four seven five
1463,val,contrast,1,i have used it daily since march support never replied to my ticket but the return label was already in the box model number lc four seven five
1464,train,contrast,0,for reference the battery easily lasts two days but customer service put me on hold for an hour happy to answer questions
1465,train,contrast,1,for reference customer service put me on hold for an hour but the battery easily lasts two days happy to answer questions
1466,train,contrast,0,delivery arrived a day early but the warranty claim has been open for six weeks
1467,train,contrast,1,the warranty claim has been open for six weeks but delivery arrived a day early
1468,train,contrast,0,i have used it daily since march delivery arrived a day early but the printed instructions were one unreadable page
1469,train,contrast,1,i have used it daily since march the printed instructions were one unreadable page but delivery arrived a day early
1470,train,contrast,0,i have used it daily since march it charges fully in about an hour but support never replied to my ticket posting this after a month of use
1471,train,contrast,1,i have used it daily since march support never replied to my ticket but it charges fully in about an hour posting this after a month of use
1472,train,contrast,0,the sound is surprisingly rich but the seller shipped the wrong variant model number lc four seven five
1473,train,contrast,1,the seller shipped the wrong variant but the sound is surprisingly rich model number lc four seven five
1474,train,contrast,0,ordered this in june the price is unbeatable for this spec but the return label cost me twelve dollars
1475,train,contrast,1,ordered this in june the return label cost me twelve dollars but the price is unbeatable for this spec
1476,test,contrast,0,replacing a five year old unit the weight is far lower than i expected but the return label cost me twelve dollars updating this review later
1477,test,contrast,1,replacing a five year old unit the return label cost me twelve dollars but the weight is far lower than i expected updating this review later
1478,train,contrast,0,shipped to a uk address the fit is exactly as described but the warranty claim has been open for six weeks ordered through the app
1479,train,contrast,1,shipped to a uk address the warranty claim has been open for six weeks but the fit is exactly as described ordered through the app
1480,train,contrast,0,buying for a home office the fabric held up after ten washes but the firmware update bricked the unit
1481,train,contrast,1,buying for a home office the firmware update bricked the unit but the fabric held up after ten washes
1482,test,contrast,0,the keys have a satisfying travel but the packaging arrived crushed and open
1483,test,contrast,1,the packaging arrived crushed and open but the keys have a satisfying travel
1484,train,contrast,0,buying for a home office it charges fully in about an hour but the sound is tinny at any volume
1485,train,contrast,1,buying for a home office the sound is tinny at any volume but it charges fully in about an hour
1486,train,contrast,0,for reference the price is unbeatable for this spec but the price went up the day after i ordered bought the black version
1487,train,contrast,1,for reference the price went up the day after i ordered but the price is unbeatable for this spec bought the black version
1488,train,contrast,0,the stitching is even all the way round but it stopped charging after three weeks happy to answer questions
1489,train,contrast,1,it stopped charging after three weeks but the stitching is even all the way round happy to answer questions
1490,train,contrast,0,for reference the companion app is responsive and clean but the fabric pilled after a single wash ordered through the app
1491,train,contrast,1,for reference the fabric pilled after a single wash but the companion app is responsive and clean ordered through the app
1492,train,contrast,0,replacing a five year old unit the sound is surprisingly rich but customer service put me on hold for an hour
1493,train,contrast,1,replacing a five year old unit customer service put me on hold for an hour but the sound is surprisingly rich
1494,test,contrast,0,shipped to a uk address the fabric held up after ten washes but the packaging arrived crushed and open happy to answer questions
1495,test,contrast,1,shipped to a uk address the packaging arrived crushed and open but the fabric held up after ten washes happy to answer questions
1496,train,contrast,0,it survived a drop onto concrete but customer service put me on hold for an hour ordered through the app
1497,train,contrast,1,customer service put me on hold for an hour but it survived a drop onto concrete ordered through the app
1498,train,contrast,0,second one i have bought customer service refunded me the same day but the weight makes it useless for travel
1499,train,contrast,1,second one i have bought the weight makes it useless for travel but customer service refunded me the same day
1500,train,contrast,0,shipped to a uk address support answered within an hour but delivery was nine days late with no notice happy to answer questions
1501,train,contrast,1,shipped to a uk address delivery was nine days late with no notice but support answered within an hour happy to answer questions
1502,test,contrast,0,i have used it daily since march the build quality feels premium but the warranty claim has been open for six weeks
1503,test,contrast,1,i have used it daily since march the warranty claim has been open for six weeks but the build quality feels premium
1504,test,contrast,0,replacing a five year old unit the mounting bracket lines up perfectly but the fit runs two sizes small ordered through the app
1505,test,contrast,1,replacing a five year old unit the fit runs two sizes small but the mounting bracket lines up perfectly ordered through the app
1506,train,contrast,0,second one i have bought setup took under five minutes but the return label cost me twelve dollars
1507,train,contrast,1,second one i have bought the return label cost me twelve dollars but setup took under five minutes
1508,train,contrast,0,buying for a home office the return label was already in the box but the weight makes it useless for travel
1509,train,contrast,1,buying for a home office the weight makes it useless for travel but the return label was already in the box
1510,train,contrast,0,ordered this in june the seller threw in a spare cable but the price went up the day after i ordered will report back after the winter
1511,train,contrast,1,ordered this in june the price went up the day after i ordered but the seller threw in a spare cable will report back after the winter
1512,train,contrast,0,shipped to a uk address the return label was already in the box but the printed instructions were one unreadable page happy to answer questions
1513,train,contrast,1,shipped to a uk address the printed instructions were one unreadable page but the return label was already in the box happy to answer questions
1514,test,contrast,0,buying for a home office the colour matches the product photos but the warranty claim has been open for six weeks
1515,test,contrast,1,buying for a home office the warranty claim has been open for six weeks but the colour matches the product photos
1516,train,contrast,0,replacing a five year old unit the mounting bracket lines up perfectly but delivery was nine days late with no notice ordered through the app
1517,train,contrast,1,replacing a five year old unit delivery was nine days late with no notice but the mounting bracket lines up perfectly ordered through the app
1518,test,contrast,0,shipped to a uk address the packaging was neat and fully recyclable but the colour is nothing like the product photos bought the black version
1519,test,contrast,1,shipped to a uk address the colour is nothing like the product photos but the packaging was neat and fully recyclable bought the black version
1520,train,contrast,0,the fabric held up after ten washes but the warranty claim has been open for six weeks
1521,train,contrast,1,the warranty claim has been open for six weeks but the fabric held up after ten washes
1522,train,contrast,0,the weight is far lower than i expected but it cracked from a knock off the desk
1523,train,contrast,1,it cracked from a knock off the desk but the weight is far lower than i expected
1524,train,contrast,0,bought during the autumn sale the firmware update installed without a hitch but the price went up the day after i ordered will report back after the winter
1525,train,contrast,1,bought during the autumn sale the price went up the day after i ordered but the firmware update installed without a hitch will report back after the winter
1526,train,contrast,0,for reference the battery easily lasts two days but the firmware update bricked the unit happy to answer questions
1527,train,contrast,1,for reference the firmware update bricked the unit but the battery easily lasts two days happy to answer questions
1528,train,contrast,0,replacing a five year old unit customer service refunded me the same day but the fit runs two sizes small posting this after a month of use
1529,train,contrast,1,replacing a five year old unit the fit runs two sizes small but customer service refunded me the same day posting this after a month of use
1530,train,contrast,0,shipped to a uk address the stitching is even all the way round but the stitching came apart at the corner ordered through the app
1531,train,contrast,1,shipped to a uk address the stitching came apart at the corner but the stitching is even all the way round ordered through the app
1532,train,contrast,0,ordered this in june the weight is far lower than i expected but the warranty claim has been open for six weeks will report back after the winter
1533,train,contrast,1,ordered this in june the warranty claim has been open for six weeks but the weight is far lower than i expected will report back after the winter
1534,train,contrast,0,the seller threw in a spare cable but the colour is nothing like the product photos updating this review later
1535,train,contrast,1,the colour is nothing like the product photos but the seller threw in a spare cable updating this review later
1536,train,contrast,0,the packaging was neat and fully recyclable but the seller shipped the wrong variant model number lc four seven five
1537,train,contrast,1,the seller shipped the wrong variant but the packaging was neat and fully recyclable model number lc four seven five
1538,train,contrast,0,i have used it daily since march the warranty claim took three minutes online but the build quality feels cheap in the hand updating this review later
1539,train,contrast,1,i have used it daily since march the build quality feels cheap in the hand but the warranty claim took three minutes online updating this review later
1540,train,contrast,0,second one i have bought the battery easily lasts two days but the warranty claim has been open for six weeks ordered through the app
1541,train,contrast,1,second one i have bought the warranty claim has been open for six weeks but the battery easily lasts two days ordered through the app
1542,train,contrast,0,shipped to a uk address the warranty claim took three minutes online but the keys started sticking almost immediately updating this review later
1543,train,contrast,1,shipped to a uk address the keys started sticking almost immediately but the warranty claim took three minutes online updating this review later
1544,train,contrast,0,second one i have bought delivery arrived a day early but the packaging arrived crushed and open posting this after a month of use
1545,train,contrast,1,second one i have bought the packaging arrived crushed and open but delivery arrived a day early posting this after a month of use
1546,train,contrast,0,buying for a home office the carrying case is genuinely useful but the fit runs two sizes small
1547,train,contrast,1,buying for a home office the fit runs two sizes small but the carrying case is genuinely useful
1548,train,contrast,0,buying for a home office the sound is surprisingly rich but it stopped charging after three weeks
1549,train,contrast,1,buying for a home office it stopped charging after three weeks but the sound is surprisingly rich
1550,test,contrast,0,bought during the autumn sale the fit is exactly as described but the colour is nothing like the product photos
1551,test,contrast,1,bought during the autumn sale the colour is nothing like the product photos but the fit is exactly as described
1552,train,contrast,0,second one i have bought support answered within an hour but the keys started sticking almost immediately will report back after the winter
1553,train,contrast,1,second one i have bought the keys started sticking almost immediately but support answered within an hour will report back after the winter
1554,train,contrast,0,the companion app is responsive and clean but the build quality feels cheap in the hand updating this review later
1555,train,contrast,1,the build quality feels cheap in the hand but the companion app is responsive and clean updating this review later
1556,val,contrast,0,bought during the autumn sale customer service refunded me the same day but the carrying case tore at the seam bought the black version
1557,val,contrast,1,bought during the autumn sale the carrying case tore at the seam but customer service refunded me the same day bought the black version
1558,train,contrast,0,buying for a home office the battery easily lasts two days but support never replied to my ticket will report back after the winter
1559,train,contrast,1,buying for a home office support never replied to my ticket but the battery easily lasts two days will report back after the winter
1560,train,contrast,0,the warranty claim took three minutes online but the price went up the day after i ordered ordered through the app
1561,train,contrast,1,the price went up the day after i ordered but the warranty claim took three minutes online ordered through the app
1562,test,contrast,0,the printed instructions were clear and short but setup took me most of an afternoon
1563,test,contrast,1,setup took me most of an afternoon but the printed instructions were clear and short
1564,train,contrast,0,the battery easily lasts two days but the sound is tinny at any volume
1565,train,contrast,1,the sound is tinny at any volume but the battery easily lasts two days
1566,train,contrast,0,shipped to a uk address the packaging was neat and fully recyclable but the keys started sticking almost immediately bought the black version
1567,train,contrast,1,shipped to a uk address the keys started sticking almost immediately but the packaging was neat and fully recyclable bought the black version
1568,test,contrast,0,second one i have bought support answered within an hour but it cracked from a knock off the desk
1569,test,contrast,1,second one i have bought it cracked from a knock off the desk but support answered within an hour
1570,train,contrast,0,support answered within an hour but the hinge went loose within a month
1571,train,contrast,1,the hinge went loose within a month but support answered within an hour
1572,val,contrast,0,it charges fully in about an hour but the printed instructions were one unreadable page
1573,val,contrast,1,the printed instructions were one unreadable page but it charges fully in about an hour
1574,train,contrast,0,replacing a five year old unit the sound is surprisingly rich but it disconnects from my laptop constantly ordered through the app
1575,train,contrast,1,replacing a five year old unit it disconnects from my laptop constantly but the sound is surprisingly rich ordered through the app
1576,test,contrast,0,the price is unbeatable for this spec but the carrying case tore at the seam
1577,test,contrast,1,the carrying case tore at the seam but the price is unbeatable for this spec
1578,train,contrast,0,ordered this in june customer service refunded me the same day but the sound is tinny at any volume will report back after the winter
1579,train,contrast,1,ordered this in june the sound is tinny at any volume but customer service refunded me the same day will report back after the winter
1580,train,contrast,0,the mounting bracket lines up perfectly but delivery was nine days late with no notice ordered through the app
1581,train,contrast,1,delivery was nine days late with no notice but the mounting bracket lines up perfectly ordered through the app
1582,test,contrast,0,replacing a five year old unit support answered within an hour but the colour is nothing like the product photos
1583,test,contrast,1,replacing a five year old unit the colour is nothing like the product photos but support answered within an hour
1584,train,contrast,0,the sound is surprisingly rich but the companion app crashes on every launch bought the black version
1585,train,contrast,1,the companion app crashes on every launch but the sound is surprisingly rich bought the black version
1586,train,contrast,0,support answered within an hour but the mounting bracket snapped under load
1587,train,contrast,1,the mounting bracket snapped under load but support answered within an hour
1588,train,contrast,0,ordered this in june it charges fully in about an hour but the printed instructions were one unreadable page posting this after a month of use
1589,train,contrast,1,ordered this in june the printed instructions were one unreadable page but it charges fully in about an hour posting this after a month of use
1590,test,contrast,0,shipped to a uk address the screen is bright and crisp but it stopped charging after three weeks model number lc four seven five
1591,test,contrast,1,shipped to a uk address it stopped charging after three weeks but the screen is bright and crisp model number lc four seven five
1592,train,contrast,0,the warranty claim took three minutes online but the weight makes it useless for travel
1593,train,contrast,1,the weight makes it useless for travel but the warranty claim took three minutes online
1594,test,contrast,0,the firmware update installed without a hitch but delivery was nine days late with no notice posting this after a month of use
1595,test,contrast,1,delivery was nine days late with no notice but the firmware update installed without a hitch posting this after a month of use
1596,train,contrast,0,second one i have bought the firmware update installed without a hitch but the price went up the day after i ordered updating this review later
1597,train,contrast,1,second one i have bought the price went up the day after i ordered but the firmware update installed without a hitch updating this review later
1598,train,contrast,0,shipped to a uk address the firmware update installed without a hitch but it stopped charging after three weeks model number lc four seven five
1599,train,contrast,1,shipped to a uk address it stopped charging after three weeks but the firmware update installed without a hitch model number lc four seven five
1600,train,contrast,0,buying for a home office the fit is exactly as described but the screen developed a dead pixel in week two posting this after a month of use
1601,train,contrast,1,buying for a home office the screen developed a dead pixel in week two but the fit is exactly as described posting this after a month of use
1602,train,contrast,0,replacing a five year old unit the printed instructions were clear and short but the fabric pilled after a single wash
1603,train,contrast,1,replacing a five year old unit the fabric pilled after a single wash but the printed instructions were clear and short
1604,train,contrast,0,support answered within an hour but the printed instructions were one unreadable page
1605,train,contrast,1,the printed instructions were one unreadable page but support answered within an hour
1606,train,contrast,0,the sound is surprisingly rich but the seller shipped the wrong variant
1607,train,contrast,1,the seller shipped the wrong variant but the sound is surprisingly rich
1608,train,contrast,0,i have used it daily since march the packaging was neat and fully recyclable but the colour is nothing like the product photos posting this after a month of use
1609,train,contrast,1,i have used it daily since march the colour is nothing like the product photos but the packaging was neat and fully recyclable posting this after a month of use
1610,test,contrast,0,for reference the warranty claim took three minutes online but the carrying case tore at the seam updating this review later
1611,test,contrast,1,for reference the carrying case tore at the seam but the warranty claim took three minutes online updating this review later
1612,train,contrast,0,bought during the autumn sale the keys have a satisfying travel but the firmware update bricked the unit ordered through the app
1613,train,contrast,1,bought during the autumn sale the firmware update bricked the unit but the keys have a satisfying travel ordered through the app
1614,train,contrast,0,the hinge still feels tight after a year but delivery was nine days late with no notice happy to answer questions
1615,train,contrast,1,delivery was nine days late with no notice but the hinge still feels tight after a year happy to answer questions
1616,train,contrast,0,replacing a five year old unit the printed instructions were clear and short but the firmware update bricked the unit
1617,train,contrast,1,replacing a five year old unit the firmware update bricked the unit but the printed instructions were clear and short
1618,test,contrast,0,the weight is far lower than i expected but the price went up the day after i ordered happy to answer questions
1619,test,contrast,1,the price went up the day after i ordered but the weight is far lower than i expected happy to answer questions
1620,train,contrast,0,buying for a home office the sound is surprisingly rich but the colour is nothing like the product photos
1621,train,contrast,1,buying for a home office the colour is nothing like the product photos but the sound is surprisingly rich
1622,test,contrast,0,bought during the autumn sale the warranty claim took three minutes online but the weight makes it useless for travel posting this after a month of use
1623,test,contrast,1,bought during the autumn sale the weight makes it useless for travel but the warranty claim took three minutes online posting this after a month of use
1624,train,contrast,0,second one i have bought delivery arrived a day early but support never replied to my ticket model number lc four seven five
1625,train,contrast,1,second one i have bought support never replied to my ticket but delivery arrived a day early model number lc four seven five
1626,test,contrast,0,setup took under five minutes but the stitching came apart at the corner
1627,test,contrast,1,the stitching came apart at the corner but setup took under five minutes
1628,train,contrast,0,buying for a home office the hinge still feels tight after a year but the packaging arrived crushed and open
1629,train,contrast,1,buying for a home office the packaging arrived crushed and open but the hinge still feels tight after a year
1630,train,contrast,0,shipped to a uk address the packaging was neat and fully recyclable but the colour is nothing like the product photos
1631,train,contrast,1,shipped to a uk address the colour is nothing like the product photos but the packaging was neat and fully recyclable
1632,train,contrast,0,the keys have a satisfying travel but the mounting bracket snapped under load
1633,train,contrast,1,the mounting bracket snapped under load but the keys have a satisfying travel
1634,train,contrast,0,bought during the autumn sale the return label was already in the box but the fabric pilled after a single wash
1635,train,contrast,1,bought during the autumn sale the fabric pilled after a single wash but the return label was already in the box
1636,train,contrast,0,the screen is bright and crisp but the packaging arrived crushed and open
1637,train,contrast,1,the packaging arrived crushed and open but the screen is bright and crisp
1638,test,contrast,0,ordered this in june the packaging was neat and fully recyclable but support never replied to my ticket
1639,test,contrast,1,ordered this in june support never replied to my ticket but the packaging was neat and fully recyclable
1640,train,contrast,0,it survived a drop onto concrete but the mounting bracket snapped under load
1641,train,contrast,1,the mounting bracket snapped under load but it survived a drop onto concrete
1642,test,contrast,0,the warranty claim took three minutes online but the colour is nothing like the product photos updating this review later
1643,test,contrast,1,the colour is nothing like the product photos but the warranty claim took three minutes online updating this review later
1644,test,contrast,0,customer service refunded me the same day but it stopped charging after three weeks
1645,test,contrast,1,it stopped charging after three weeks but customer service refunded me the same day
1646,val,contrast,0,buying for a home office the battery easily lasts two days but the fit runs two sizes small will report back after the winter
1647,val,contrast,1,buying for a home office the fit runs two sizes small but the battery easily lasts two days will report back after the winter
1648,train,contrast,0,delivery arrived a day early but it cracked from a knock off the desk posting this after a month of use
1649,train,contrast,1,it cracked from a knock off the desk but delivery arrived a day early posting this after a month of use
1650,val,contrast,0,replacing a five year old unit the carrying case is genuinely useful but it disconnects from my laptop constantly will report back after the winter
1651,val,contrast,1,replacing a five year old unit it disconnects from my laptop constantly but the carrying case is genuinely useful will report back after the winter
1652,train,contrast,0,it survived a drop onto concrete but delivery was nine days late with no notice
1653,train,contrast,1,delivery was nine days late with no notice but it survived a drop onto concrete
1654,test,contrast,0,i have used it daily since march it charges fully in about an hour but delivery was nine days late with no notice model number lc four seven five
1655,test,contrast,1,i have used it daily since march delivery was nine days late with no notice but it charges fully in about an hour model number lc four seven five
1656,train,contrast,0,bought during the autumn sale the battery easily lasts two days but the hinge went loose within a month happy to answer questions
1657,train,contrast,1,bought during the autumn sale the hinge went loose within a month but the battery easily lasts two days happy to answer questions
1658,test,contrast,0,bought during the autumn sale customer service refunded me the same day but delivery was nine days late with no notice bought the black version
1659,test,contrast,1,bought during the autumn sale delivery was nine days late with no notice but customer service refunded me the same day bought the black version
1660,train,contrast,0,setup took under five minutes but the warranty claim has been open for six weeks
1661,train,contrast,1,the warranty claim has been open for six weeks but setup took under five minutes
1662,test,contrast,0,ordered this in june the fit is exactly as described but the warranty claim has been open for six weeks
1663,test,contrast,1,ordered this in june the warranty claim has been open for six weeks but the fit is exactly as described
1664,train,contrast,0,second one i have bought the fabric held up after ten washes but setup took me most of an afternoon updating this review later
1665,train,contrast,1,second one i have bought setup took me most of an afternoon but the fabric held up after ten washes updating this review later
1666,train,contrast,0,it pairs with my laptop instantly but the screen developed a dead pixel in week two
1667,train,contrast,1,the screen developed a dead pixel in week two but it pairs with my laptop instantly
1668,train,contrast,0,the stitching is even all the way round but support never replied to my ticket posting this after a month of use
1669,train,contrast,1,support never replied to my ticket but the stitching is even all the way round posting this after a month of use
1670,test,contrast,0,the companion app is responsive and clean but customer service put me on hold for an hour updating this review later
1671,test,contrast,1,customer service put me on hold for an hour but the companion app is responsive and clean updating this review later
1672,train,contrast,0,i have used it daily since march the companion app is responsive and clean but it stopped charging after three weeks ordered through the app
1673,train,contrast,1,i have used it daily since march it stopped charging after three weeks but the companion app is responsive and clean ordered through the app
1674,test,contrast,0,the seller threw in a spare cable but the screen developed a dead pixel in week two
1675,test,contrast,1,the screen developed a dead pixel in week two but the seller threw in a spare cable
1676,train,contrast,0,replacing a five year old unit it pairs with my laptop instantly but it stopped charging after three weeks model number lc four seven five
1677,train,contrast,1,replacing a five year old unit it stopped charging after three weeks but it pairs with my laptop instantly model number lc four seven five
1678,train,contrast,0,i have used it daily since march delivery arrived a day early but the hinge went loose within a month bought the black version
1679,train,contrast,1,i have used it daily since march the hinge went loose within a month but delivery arrived a day early bought the black version
1680,test,contrast,0,replacing a five year old unit the keys have a satisfying travel but delivery was nine days late with no notice
1681,test,contrast,1,replacing a five year old unit delivery was nine days late with no notice but the keys have a satisfying travel
1682,test,contrast,0,bought during the autumn sale the keys have a satisfying travel but the return label cost me twelve dollars ordered through the app
1683,test,contrast,1,bought during the autumn sale the return label cost me twelve dollars but the keys have a satisfying travel ordered through the app
1684,train,contrast,0,for reference support answered within an hour but the colour is nothing like the product photos updating this review later
1685,train,contrast,1,for reference the colour is nothing like the product photos but support answered within an hour updating this review later
1686,test,contrast,0,replacing a five year old unit support answered within an hour but the mounting bracket snapped under load posting this after a month of use
1687,test,contrast,1,replacing a five year old unit the mounting bracket snapped under load but support answered within an hour posting this after a month of use
1688,train,contrast,0,buying for a home office the carrying case is genuinely useful but setup took me most of an afternoon
1689,train,contrast,1,buying for a home office setup took me most of an afternoon but the carrying case is genuinely useful
1690,train,contrast,0,the carrying case is genuinely useful but delivery was nine days late with no notice
1691,train,contrast,1,delivery was nine days late with no notice but the carrying case is genuinely useful
1692,test,contrast,0,for reference delivery arrived a day early but the return label cost me twelve dollars
1693,test,contrast,1,for reference the return label cost me twelve dollars but delivery arrived a day early
1694,val,contrast,0,the fabric held up after ten washes but the build quality feels cheap in the hand
1695,val,contrast,1,the build quality feels cheap in the hand but the fabric held up after ten washes
1696,test,contrast,0,ordered this in june the hinge still feels tight after a year but the firmware update bricked the unit updating this review later
1697,test,contrast,1,ordered this in june the firmware update bricked the unit but the hinge still feels tight after a year updating this review later
1698,train,contrast,0,replacing a five year old unit the keys have a satisfying travel but the price went up the day after i ordered happy to answer questions
1699,train,contrast,1,replacing a five year old unit the price went up the day after i ordered but the keys have a satisfying travel happy to answer questions
1700,test,contrast,0,the stitching is even all the way round but the firmware update bricked the unit
1701,test,contrast,1,the firmware update bricked the unit but the stitching is even all the way round
1702,train,contrast,0,shipped to a uk address the fit is exactly as described but support never replied to my ticket happy to answer questions
1703,train,contrast,1,shipped to a uk address support never replied to my ticket but the fit is exactly as described happy to answer questions
1704,train,contrast,0,buying for a home office the stitching is even all the way round but the printed instructions were one unreadable page posting this after a month of use
1705,train,contrast,1,buying for a home office the printed instructions were one unreadable page but the stitching is even all the way round posting this after a month of use
1706,train,contrast,0,second one i have bought support answered within an hour but the colour is nothing like the product photos
1707,train,contrast,1,second one i have bought the colour is nothing like the product photos but support answered within an hour
1708,train,contrast,0,the mounting bracket lines up perfectly but setup took me most of an afternoon
1709,train,contrast,1,setup took me most of an afternoon but the mounting bracket lines up perfectly
1710,train,contrast,0,for reference the packaging was neat and fully recyclable but the warranty claim has been open for six weeks updating this review later
1711,train,contrast,1,for reference the warranty claim has been open for six weeks but the packaging was neat and fully recyclable updating this review later
1712,train,contrast,0,bought during the autumn sale support answered within an hour but the seller shipped the wrong variant
1713,train,contrast,1,bought during the autumn sale the seller shipped the wrong variant but support answered within an hour
1714,test,contrast,0,for reference setup took under five minutes but setup took me most of an afternoon ordered through the app
1715,test,contrast,1,for reference setup took me most of an afternoon but setup took under five minutes ordered through the app
1716,train,contrast,0,buying for a home office the price is unbeatable for this spec but the printed instructions were one unreadable page bought the black version
1717,train,contrast,1,buying for a home office the printed instructions were one unreadable page but the price is unbeatable for this spec bought the black version
1718,val,contrast,0,shipped to a uk address the packaging was neat and fully recyclable but the stitching came apart at the corner
1719,val,contrast,1,shipped to a uk address the stitching came apart at the corner but the packaging was neat and fully recyclable
1720,test,contrast,0,replacing a five year old unit the sound is surprisingly rich but it cracked from a knock off the desk
1721,test,contrast,1,replacing a five year old unit it cracked from a knock off the desk but the sound is surprisingly rich
1722,train,contrast,0,support answered within an hour but the printed instructions were one unreadable page model number lc four seven five
1723,train,contrast,1,the printed instructions were one unreadable page but support answered within an hour model number lc four seven five
1724,train,contrast,0,bought during the autumn sale the weight is far lower than i expected but the price went up the day after i ordered
1725,train,contrast,1,bought during the autumn sale the price went up the day after i ordered but the weight is far lower than i expected
1726,train,contrast,0,customer service refunded me the same day but the battery drains overnight while it is off
1727,train,contrast,1,the battery drains overnight while it is off but customer service refunded me the same day
1728,train,contrast,0,replacing a five year old unit the screen is bright and crisp but the hinge went loose within a month
1729,train,contrast,1,replacing a five year old unit the hinge went loose within a month but the screen is bright and crisp
1730,test,contrast,0,bought during the autumn sale the seller threw in a spare cable but the printed instructions were one unreadable page
1731,test,contrast,1,bought during the autumn sale the printed instructions were one unreadable page but the seller threw in a spare cable
1732,train,contrast,0,replacing a five year old unit it survived a drop onto concrete but the stitching came apart at the corner
1733,train,contrast,1,replacing a five year old unit the stitching came apart at the corner but it survived a drop onto concrete
1734,val,contrast,0,it survived a drop onto concrete but the seller shipped the wrong variant will report back after the winter
1735,val,contrast,1,the seller shipped the wrong variant but it survived a drop onto concrete will report back after the winter
1736,train,contrast,0,i have used it daily since march the companion app is responsive and clean but the mounting bracket snapped under load
1737,train,contrast,1,i have used it daily since march the mounting bracket snapped under load but the companion app is responsive and clean
1738,test,contrast,0,it charges fully in about an hour but the keys started sticking almost immediately ordered through the app
1739,test,contrast,1,the keys started sticking almost immediately but it charges fully in about an hour ordered through the app
1740,train,contrast,0,i have used it daily since march the printed instructions were clear and short but support never replied to my ticket
1741,train,contrast,1,i have used it daily since march support never replied to my ticket but the printed instructions were clear and short
1742,train,contrast,0,i have used it daily since march the build quality feels premium but the battery drains overnight while it is off will report back after the winter
1743,train,contrast,1,i have used it daily since march the battery drains overnight while it is off but the build quality feels premium will report back after the winter
1744,test,contrast,0,replacing a five year old unit the companion app is responsive and clean but the companion app crashes on every launch model number lc four seven five
1745,test,contrast,1,replacing a five year old unit the companion app crashes on every launch but the companion app is responsive and clean model number lc four seven five
1746,test,contrast,0,the stitching is even all the way round but the printed instructions were one unreadable page
1747,test,contrast,1,the printed instructions were one unreadable page but the stitching is even all the way round
1748,train,contrast,0,for reference the sound is surprisingly rich but the packaging arrived crushed and open happy to answer questions
1749,train,contrast,1,for reference the packaging arrived crushed and open but the sound is surprisingly rich happy to answer questions
1750,test,contrast,0,shipped to a uk address the price is unbeatable for this spec but customer service put me on hold for an hour posting this after a month of use
1751,test,contrast,1,shipped to a uk address customer service put me on hold for an hour but the price is unbeatable for this spec posting this after a month of use
1752,train,contrast,0,buying for a home office the weight is far lower than i expected but the printed instructions were one unreadable page posting this after a month of use
1753,train,contrast,1,buying for a home office the printed instructions were one unreadable page but the weight is far lower than i expected posting this after a month of use
1754,test,contrast,0,i have used it daily since march the mounting bracket lines up perfectly but the companion app crashes on every launch
1755,test,contrast,1,i have used it daily since march the companion app crashes on every launch but the mounting bracket lines up perfectly
1756,test,contrast,0,i have used it daily since march the mounting bracket lines up perfectly but it cracked from a knock off the desk
1757,test,contrast,1,i have used it daily since march it cracked from a knock off the desk but the mounting bracket lines up perfectly
1758,train,contrast,0,i have used it daily since march the build quality feels premium but the fabric pilled after a single wash happy to answer questions
1759,train,contrast,1,i have used it daily since march the fabric pilled after a single wash but the build quality feels premium happy to answer questions
1760,test,contrast,0,buying for a home office support answered within an hour but support never replied to my ticket
1761,test,contrast,1,buying for a home office support never replied to my ticket but support answered within an hour
1762,test,contrast,0,shipped to a uk address the return label was already in the box but the colour is nothing like the product photos
1763,test,contrast,1,shipped to a uk address the colour is nothing like the product photos but the return label was already in the box
1764,train,contrast,0,the sound is surprisingly rich but the companion app crashes on every launch model number lc four seven five
1765,train,contrast,1,the companion app crashes on every launch but the sound is surprisingly rich model number lc four seven five
1766,test,contrast,0,bought during the autumn sale the return label was already in the box but customer service put me on hold for an hour posting this after a month of use
1767,test,contrast,1,bought during the autumn sale customer service put me on hold for an hour but the return label was already in the box posting this after a month of use
1768,test,contrast,0,the sound is surprisingly rich but setup took me most of an afternoon posting this after a month of use
1769,test,contrast,1,setup took me most of an afternoon but the sound is surprisingly rich posting this after a month of use
1770,test,contrast,0,i have used it daily since march delivery arrived a day early but the battery drains overnight while it is off will report back after the winter
1771,test,contrast,1,i have used it daily since march the battery drains overnight while it is off but delivery arrived a day early will report back after the winter
1772,val,contrast,0,the weight is far lower than i expected but delivery was nine days late with no notice updating this review later
1773,val,contrast,1,delivery was nine days late with no notice but the weight is far lower than i expected updating this review later
1774,test,contrast,0,delivery arrived a day early but the colour is nothing like the product photos
1775,test,contrast,1,the colour is nothing like the product photos but delivery arrived a day early
1776,train,contrast,0,buying for a home office it charges fully in about an hour but the return label cost me twelve dollars
1777,train,contrast,1,buying for a home office the return label cost me twelve dollars but it charges fully in about an hour
1778,val,contrast,0,shipped to a uk address support answered within an hour but the stitching came apart at the corner posting this after a month of use
1779,val,contrast,1,shipped to a uk address the stitching came apart at the corner but support answered within an hour posting this after a month of use
1780,train,contrast,0,setup took under five minutes but the firmware update bricked the unit posting this after a month of use
1781,train,contrast,1,the firmware update bricked the unit but setup took under five minutes posting this after a month of use
1782,train,contrast,0,replacing a five year old unit the carrying case is genuinely useful but the hinge went loose within a month updating this review later
1783,train,contrast,1,replacing a five year old unit the hinge went loose within a month but the carrying case is genuinely useful updating this review later
1784,test,contrast,0,bought during the autumn sale it charges fully in about an hour but the sound is tinny at any volume
1785,test,contrast,1,bought during the autumn sale the sound is tinny at any volume but it charges fully in about an hour
1786,test,contrast,0,bought during the autumn sale the battery easily lasts two days but the firmware update bricked the unit
1787,test,contrast,1,bought during the autumn sale the firmware update bricked the unit but the battery easily lasts two days
1788,train,contrast,0,the seller threw in a spare cable but the keys started sticking almost immediately
1789,train,contrast,1,the keys started sticking almost immediately but the seller threw in a spare cable
1790,train,contrast,0,the stitching is even all the way round but the warranty claim has been open for six weeks
1791,train,contrast,1,the warranty claim has been open for six weeks but the stitching is even all the way round
1792,val,contrast,0,replacing a five year old unit the build quality feels premium but the battery drains overnight while it is off
1793,val,contrast,1,replacing a five year old unit the battery drains overnight while it is off but the build quality feels premium
1794,train,contrast,0,the colour matches the product photos but delivery was nine days late with no notice will report back after the winter
1795,train,contrast,1,delivery was nine days late with no notice but the colour matches the product photos will report back after the winter
1796,train,contrast,0,ordered this in june the companion app is responsive and clean but the firmware update bricked the unit ordered through the app
1797,train,contrast,1,ordered this in june the firmware update bricked the unit but the companion app is responsive and clean ordered through the app
1798,train,contrast,0,replacing a five year old unit the fit is exactly as described but the weight makes it useless for travel updating this review later
1799,train,contrast,1,replacing a five year old unit the weight makes it useless for travel but the fit is exactly as described updating this review later
1800,train,contrast,0,the stitching is even all the way round but the seller shipped the wrong variant
1801,train,contrast,1,the seller shipped the wrong variant but the stitching is even all the way round
1802,train,contrast,0,setup took under five minutes but the mounting bracket snapped under load
1803,train,contrast,1,the mounting bracket snapped under load but setup took under five minutes
1804,train,contrast,0,i have used it daily since march the companion app is responsive and clean but the stitching came apart at the corner ordered through the app
1805,train,contrast,1,i have used it daily since march the stitching came apart at the corner but the companion app is responsive and clean ordered through the app
1806,train,contrast,0,the fabric held up after ten washes but the packaging arrived crushed and open bought the black version
1807,train,contrast,1,the packaging arrived crushed and open but the fabric held up after ten washes bought the black version
1808,test,contrast,0,for reference customer service refunded me the same day but the warranty claim has been open for six weeks
1809,test,contrast,1,for reference the warranty claim has been open for six weeks but customer service refunded me the same day
1810,train,contrast,0,for reference it charges fully in about an hour but the seller shipped the wrong variant
1811,train,contrast,1,for reference the seller shipped the wrong variant but it charges fully in about an hour
1812,train,contrast,0,for reference support answered within an hour but the mounting bracket snapped under load
1813,train,contrast,1,for reference the mounting bracket snapped under load but support answered within an hour
1814,train,contrast,0,ordered this in june support answered within an hour but the fabric pilled after a single wash posting this after a month of use
1815,train,contrast,1,ordered this in june the fabric pilled after a single wash but support answered within an hour posting this after a month of use
1816,train,contrast,0,the fabric held up after ten washes but the sound is tinny at any volume
1817,train,contrast,1,the sound is tinny at any volume but the fabric held up after ten washes
1818,train,contrast,0,ordered this in june delivery arrived a day early but the mounting bracket snapped under load
1819,train,contrast,1,ordered this in june the mounting bracket snapped under load but delivery arrived a day early
1820,train,contrast,0,for reference the stitching is even all the way round but support never replied to my ticket
1821,train,contrast,1,for reference support never replied to my ticket but the stitching is even all the way round
1822,train,contrast,0,setup took under five minutes but the screen developed a dead pixel in week two ordered through the app
1823,train,contrast,1,the screen developed a dead pixel in week two but setup took under five minutes ordered through the app
1824,train,contrast,0,the battery easily lasts two days but it disconnects from my laptop constantly
1825,train,contrast,1,it disconnects from my laptop constantly but the battery easily lasts two days
1826,val,contrast,0,replacing a five year old unit the hinge still feels tight after a year but the warranty claim has been open for six weeks will report back after the winter
1827,val,contrast,1,replacing a five year old unit the warranty claim has been open for six weeks but the hinge still feels tight after a year will report back after the winter
1828,test,contrast,0,ordered this in june the stitching is even all the way round but the mounting bracket snapped under load model number lc four seven five
1829,test,contrast,1,ordered this in june the mounting bracket snapped under load but the stitching is even all the way round model number lc four seven five
1830,train,contrast,0,second one i have bought the screen is bright and crisp but delivery was nine days late with no notice updating this review later
1831,train,contrast,1,second one i have bought delivery was nine days late with no notice but the screen is bright and crisp updating this review later
1832,train,contrast,0,the printed instructions were clear and short but support never replied to my ticket happy to answer questions
1833,train,contrast,1,support never replied to my ticket but the printed instructions were clear and short happy to answer questions
1834,train,contrast,0,buying for a home office the return label was already in the box but the stitching came apart at the corner model number lc four seven five
1835,train,contrast,1,buying for a home office the stitching came apart at the corner but the return label was already in the box model number lc four seven five
1836,train,contrast,0,buying for a home office it pairs with my laptop instantly but the sound is tinny at any volume
1837,train,contrast,1,buying for a home office the sound is tinny at any volume but it pairs with my laptop instantly
1838,train,contrast,0,shipped to a uk address the keys have a satisfying travel but the battery drains overnight while it is off happy to answer questions
1839,train,contrast,1,shipped to a uk address the battery drains overnight while it is off but the keys have a satisfying travel happy to answer questions
1840,train,contrast,0,it pairs with my laptop instantly but the sound is tinny at any volume updating this review later
1841,train,contrast,1,the sound is tinny at any volume but it pairs with my laptop instantly updating this review later
1842,test,contrast,0,buying for a home office the colour matches the product photos but the packaging arrived crushed and open
1843,test,contrast,1,buying for a home office the packaging arrived crushed and open but the colour matches the product photos
1844,train,contrast,0,it survived a drop onto concrete but the printed instructions were one unreadable page
1845,train,contrast,1,the printed instructions were one unreadable page but it survived a drop onto concrete
1846,train,contrast,0,the build quality feels premium but it disconnects from my laptop constantly posting this after a month of use
1847,train,contrast,1,it disconnects from my laptop constantly but the build quality feels premium posting this after a month of use
1848,train,contrast,0,the fabric held up after ten washes but the weight makes it useless for travel bought the black version
1849,train,contrast,1,the weight makes it useless for travel but the fabric held up after ten washes bought the black version
1850,test,contrast,0,bought during the autumn sale it charges fully in about an hour but the mounting bracket snapped under load will report back after the winter
1851,test,contrast,1,bought during the autumn sale the mounting bracket snapped under load but it charges fully in about an hour will report back after the winter
1852,train,contrast,0,the keys have a satisfying travel but the fabric pilled after a single wash
1853,train,contrast,1,the fabric pilled after a single wash but the keys have a satisfying travel
1854,test,contrast,0,the build quality feels premium but the seller shipped the wrong variant posting this after a month of use
1855,test,contrast,1,the seller shipped the wrong variant but the build quality feels premium posting this after a month of use
1856,train,contrast,0,the stitching is even all the way round but the printed instructions were one unreadable page will report back after the winter
1857,train,contrast,1,the printed instructions were one unreadable page but the stitching is even all the way round will report back after the winter
1858,train,contrast,0,the printed instructions were clear and short but the seller shipped the wrong variant model number lc four seven five
1859,train,contrast,1,the seller shipped the wrong variant but the printed instructions were clear and short model number lc four seven five
1860,test,contrast,0,second one i have bought the packaging was neat and fully recyclable but the screen developed a dead pixel in week two
1861,test,contrast,1,second one i have bought the screen developed a dead pixel in week two but the packaging was neat and fully recyclable
1862,train,contrast,0,for reference the weight is far lower than i expected but the mounting bracket snapped under load updating this review later
1863,train,contrast,1,for reference the mounting bracket snapped under load but the weight is far lower than i expected updating this review later
1864,train,contrast,0,i have used it daily since march the build quality feels premium but the companion app crashes on every launch ordered through the app
1865,train,contrast,1,i have used it daily since march the companion app crashes on every launch but the build quality feels premium ordered through the app
1866,train,contrast,0,shipped to a uk address the return label was already in the box but the hinge went loose within a month
1867,train,contrast,1,shipped to a uk address the hinge went loose within a month but the return label was already in the box
1868,train,contrast,0,it pairs with my laptop instantly but the sound is tinny at any volume posting this after a month of use
1869,train,contrast,1,the sound is tinny at any volume but it pairs with my laptop instantly posting this after a month of use
1870,test,contrast,0,second one i have bought the fit is exactly as described but the companion app crashes on every launch ordered through the app
1871,test,contrast,1,second one i have bought the companion app crashes on every launch but the fit is exactly as described ordered through the app
1872,train,contrast,0,for reference support answered within an hour but the return label cost me twelve dollars
1873,train,contrast,1,for reference the return label cost me twelve dollars but support answered within an hour
1874,train,contrast,0,shipped to a uk address the battery easily lasts two days but delivery was nine days late with no notice posting this after a month of use
1875,train,contrast,1,shipped to a uk address delivery was nine days late with no notice but the battery easily lasts two days posting this after a month of use
1876,train,contrast,0,the packaging was neat and fully recyclable but the fit runs two sizes small bought the black version
1877,train,contrast,1,the fit runs two sizes small but the packaging was neat and fully recyclable bought the black version
1878,train,contrast,0,the fabric held up after ten washes but the packaging arrived crushed and open ordered through the app
1879,train,contrast,1,the packaging arrived crushed and open but the fabric held up after ten washes ordered through the app
1880,train,contrast,0,bought during the autumn sale setup took under five minutes but the warranty claim has been open for six weeks
1881,train,contrast,1,bought during the autumn sale the warranty claim has been open for six weeks but setup took under five minutes
1882,train,contrast,0,shipped to a uk address support answered within an hour but the printed instructions were one unreadable page
1883,train,contrast,1,shipped to a uk address the printed instructions were one unreadable page but support answered within an hour
1884,train,contrast,0,shipped to a uk address setup took under five minutes but the warranty claim has been open for six weeks happy to answer questions
1885,train,contrast,1,shipped to a uk address the warranty claim has been open for six weeks but setup took under five minutes happy to answer questions
1886,test,contrast,0,second one i have bought it pairs with my laptop instantly but the fit runs two sizes small
1887,test,contrast,1,second one i have bought the fit runs two sizes small but it pairs with my laptop instantly
1888,train,contrast,0,ordered this in june the price is unbeatable for this spec but the companion app crashes on every launch
1889,train,contrast,1,ordered this in june the companion app crashes on every launch but the price is unbeatable for this spec
1890,train,contrast,0,shipped to a uk address the sound is surprisingly rich but it stopped charging after three weeks happy to answer questions
1891,train,contrast,1,shipped to a uk address it stopped charging after three weeks but the sound is surprisingly rich happy to answer questions
1892,test,contrast,0,setup took under five minutes but support never replied to my ticket updating this review later
1893,test,contrast,1,support never replied to my ticket but setup took under five minutes updating this review later
1894,train,contrast,0,the colour matches the product photos but the fit runs two sizes small updating this review later
1895,train,contrast,1,the fit runs two sizes small but the colour matches the product photos updating this review later
1896,train,contrast,0,the screen is bright and crisp but the fit runs two sizes small
1897,train,contrast,1,the fit runs two sizes small but the screen is bright and crisp
1898,train,contrast,0,buying for a home office the price is unbeatable for this spec but the mounting bracket snapped under load bought the black version
1899,train,contrast,1,buying for a home office the mounting bracket snapped under load but the price is unbeatable for this spec bought the black version
1900,train,contrast,0,i have used it daily since march the price is unbeatable for this spec but delivery was nine days late with no notice
1901,train,contrast,1,i have used it daily since march delivery was nine days late with no notice but the price is unbeatable for this spec
1902,train,contrast,0,the sound is surprisingly rich but the packaging arrived crushed and open model number lc four seven five
1903,train,contrast,1,the packaging arrived crushed and open but the sound is surprisingly rich model number lc four seven five
1904,train,contrast,0,for reference support answered within an hour but the carrying case tore at the seam model number lc four seven five
1905,train,contrast,1,for reference the carrying case tore at the seam but support answered within an hour model number lc four seven five
1906,test,contrast,0,bought during the autumn sale it charges fully in about an hour but the colour is nothing like the product photos ordered through the app
1907,test,contrast,1,bought during the autumn sale the colour is nothing like the product photos but it charges fully in about an hour ordered through the app
1908,train,contrast,0,bought during the autumn sale support answered within an hour but the packaging arrived crushed and open
1909,train,contrast,1,bought during the autumn sale the packaging arrived crushed and open but support answered within an hour
1910,train,contrast,0,it charges fully in about an hour but the mounting bracket snapped under load ordered through the app
1911,train,contrast,1,the mounting bracket snapped under load but it charges fully in about an hour ordered through the app
1912,train,contrast,0,buying for a home office it charges fully in about an hour but the battery drains overnight while it is off model number lc four seven five
1913,train,contrast,1,buying for a home office the battery drains overnight while it is off but it charges fully in about an hour model number lc four seven five
1914,test,contrast,0,for reference it pairs with my laptop instantly but the companion app crashes on every launch happy to answer questions
1915,test,contrast,1,for reference the companion app crashes on every launch but it pairs with my laptop instantly happy to answer questions
1916,train,contrast,0,replacing a five year old unit delivery arrived a day early but the stitching came apart at the corner ordered through the app
1917,train,contrast,1,replacing a five year old unit the stitching came apart at the corner but delivery arrived a day early ordered through the app
1918,train,contrast,0,the fabric held up after ten washes but the fit runs two sizes small
1919,train,contrast,1,the fit runs two sizes small but the fabric held up after ten washes
1920,test,contrast,0,the weight is far lower than i expected but it stopped charging after three weeks
1921,test,contrast,1,it stopped charging after three weeks but the weight is far lower than i expected
1922,train,contrast,0,replacing a five year old unit the build quality feels premium but the return label cost me twelve dollars model number lc four seven five
1923,train,contrast,1,replacing a five year old unit the return label cost me twelve dollars but the build quality feels premium model number lc four seven five
1924,train,contrast,0,replacing a five year old unit it charges fully in about an hour but the fabric pilled after a single wash happy to answer questions
1925,train,contrast,1,replacing a five year old unit the fabric pilled after a single wash but it charges fully in about an hour happy to answer questions
1926,train,contrast,0,it charges fully in about an hour but the hinge went loose within a month will report back after the winter
1927,train,contrast,1,the hinge went loose within a month but it charges fully in about an hour will report back after the winter
1928,val,contrast,0,the price is unbeatable for this spec but support never replied to my ticket
1929,val,contrast,1,support never replied to my ticket but the price is unbeatable for this spec
1930,train,contrast,0,the screen is bright and crisp but the price went up the day after i ordered bought the black version
1931,train,contrast,1,the price went up the day after i ordered but the screen is bright and crisp bought the black version
1932,val,contrast,0,second one i have bought the packaging was neat and fully recyclable but customer service put me on hold for an hour
1933,val,contrast,1,second one i have bought customer service put me on hold for an hour but the packaging was neat and fully recyclable
1934,train,contrast,0,ordered this in june support answered within an hour but setup took me most of an afternoon
1935,train,contrast,1,ordered this in june setup took me most of an afternoon but support answered within an hour
1936,val,contrast,0,bought during the autumn sale the seller threw in a spare cable but the firmware update bricked the unit
1937,val,contrast,1,bought during the autumn sale the firmware update bricked the unit but the seller threw in a spare cable
1938,train,contrast,0,bought during the autumn sale the mounting bracket lines up perfectly but support never replied to my ticket posting this after a month of use
1939,train,contrast,1,bought during the autumn sale support never replied to my ticket but the mounting bracket lines up perfectly posting this after a month of use
1940,train,contrast,0,the keys have a satisfying travel but the fabric pilled after a single wash posting this after a month of use
1941,train,contrast,1,the fabric pilled after a single wash but the keys have a satisfying travel posting this after a month of use
1942,test,contrast,0,i have used it daily since march the build quality feels premium but it cracked from a knock off the desk happy to answer questions
1943,test,contrast,1,i have used it daily since march it cracked from a knock off the desk but the build quality feels premium happy to answer questions
1944,train,contrast,0,second one i have bought the colour matches the product photos but the screen developed a dead pixel in week two bought the black version
1945,train,contrast,1,second one i have bought the screen developed a dead pixel in week two but the colour matches the product photos bought the black version
1946,train,contrast,0,second one i have bought the mounting bracket lines up perfectly but the screen developed a dead pixel in week two updating this review later
1947,train,contrast,1,second one i have bought the screen developed a dead pixel in week two but the mounting bracket lines up perfectly updating this review later
1948,train,contrast,0,replacing a five year old unit the mounting bracket lines up perfectly but the carrying case tore at the seam
1949,train,contrast,1,replacing a five year old unit the carrying case tore at the seam but the mounting bracket lines up perfectly
1950,test,contrast,0,i have used it daily since march the firmware update installed without a hitch but the packaging arrived crushed and open bought the black version
1951,test,contrast,1,i have used it daily since march the packaging arrived crushed and open but the firmware update installed without a hitch bought the black version
1952,train,contrast,0,the keys have a satisfying travel but the carrying case tore at the seam
1953,train,contrast,1,the carrying case tore at the seam but the keys have a satisfying travel
1954,val,contrast,0,the stitching is even all the way round but the companion app crashes on every launch ordered through the app
1955,val,contrast,1,the companion app crashes on every launch but the stitching is even all the way round ordered through the app
1956,test,contrast,0,buying for a home office it survived a drop onto concrete but the weight makes it useless for travel
1957,test,contrast,1,buying for a home office the weight makes it useless for travel but it survived a drop onto concrete
1958,train,contrast,0,ordered this in june the price is unbeatable for this spec but the build quality feels cheap in the hand will report back after the winter
1959,train,contrast,1,ordered this in june the build quality feels cheap in the hand but the price is unbeatable for this spec will report back after the winter
1960,train,contrast,0,for reference customer service refunded me the same day but the fabric pilled after a single wash bought the black version
1961,train,contrast,1,for reference the fabric pilled after a single wash but customer service refunded me the same day bought the black version
1962,train,contrast,0,the companion app is responsive and clean but customer service put me on hold for an hour bought the black version
1963,train,contrast,1,customer service put me on hold for an hour but the companion app is responsive and clean bought the black version
1964,train,contrast,0,bought during the autumn sale setup took under five minutes but it disconnects from my laptop constantly ordered through the app
1965,train,contrast,1,bought during the autumn sale it disconnects from my laptop constantly but setup took under five minutes ordered through the app
1966,train,contrast,0,second one i have bought the fit is exactly as described but the printed instructions were one unreadable page updating this review later
1967,train,contrast,1,second one i have bought the printed instructions were one unreadable page but the fit is exactly as described updating this review later
1968,train,contrast,0,bought during the autumn sale the mounting bracket lines up perfectly but it cracked from a knock off the desk updating this review later
1969,train,contrast,1,bought during the autumn sale it cracked from a knock off the desk but the mounting bracket lines up perfectly updating this review later
1970,test,contrast,0,buying for a home office support answered within an hour but the sound is tinny at any volume
1971,test,contrast,1,buying for a home office the sound is tinny at any volume but support answered within an hour
1972,train,contrast,0,replacing a five year old unit the stitching is even all the way round but it disconnects from my laptop constantly
1973,train,contrast,1,replacing a five year old unit it disconnects from my laptop constantly but the stitching is even all the way round
1974,train,contrast,0,customer service refunded me the same day but the firmware update bricked the unit posting this after a month of use
1975,train,contrast,1,the firmware update bricked the unit but customer service refunded me the same day posting this after a month of use
1976,train,contrast,0,second one i have bought the seller threw in a spare cable but setup took me most of an afternoon will report back after the winter
1977,train,contrast,1,second one i have bought setup took me most of an afternoon but the seller threw in a spare cable will report back after the winter
1978,train,contrast,0,replacing a five year old unit the weight is far lower than i expected but the warranty claim has been open for six weeks
1979,train,contrast,1,replacing a five year old unit the warranty claim has been open for six weeks but the weight is far lower than i expected
1980,train,contrast,0,i have used it daily since march the hinge still feels tight after a year but the sound is tinny at any volume bought the black version
1981,train,contrast,1,i have used it daily since march the sound is tinny at any volume but the hinge still feels tight after a year bought the black version
1982,train,contrast,0,the printed instructions were clear and short but it stopped charging after three weeks posting this after a month of use
1983,train,contrast,1,it stopped charging after three weeks but the printed instructions were clear and short posting this after a month of use
1984,train,contrast,0,i have used it daily since march the printed instructions were clear and short but the hinge went loose within a month ordered through the app
1985,train,contrast,1,i have used it daily since march the hinge went loose within a month but the printed instructions were clear and short ordered through the app
1986,test,contrast,0,ordered this in june the price is unbeatable for this spec but the carrying case tore at the seam
1987,test,contrast,1,ordered this in june the carrying case tore at the seam but the price is unbeatable for this spec
1988,train,contrast,0,the weight is far lower than i expected but the keys started sticking almost immediately happy to answer questions
1989,train,contrast,1,the keys started sticking almost immediately but the weight is far lower than i expected happy to answer questions
1990,test,contrast,0,for reference the hinge still feels tight after a year but the sound is tinny at any volume
1991,test,contrast,1,for reference the sound is tinny at any volume but the hinge still feels tight after a year
1992,train,contrast,0,i have used it daily since march setup took under five minutes but the build quality feels cheap in the hand
1993,train,contrast,1,i have used it daily since march the build quality feels cheap in the hand but setup took under five minutes
1994,val,contrast,0,it pairs with my laptop instantly but the mounting bracket snapped under load bought the black version
1995,val,contrast,1,the mounting bracket snapped under load but it pairs with my laptop instantly bought the black version
1996,train,contrast,0,bought during the autumn sale it charges fully in about an hour but the price went up the day after i ordered bought the black version
1997,train,contrast,1,bought during the autumn sale the price went up the day after i ordered but it charges fully in about an hour bought the black version
1998,test,contrast,0,the hinge still feels tight after a year but setup took me most of an afternoon happy to answer questions
1999,test,contrast,1,setup took me most of an afternoon but the hinge still feels tight after a year happy to answer questions
2000,train,contrast,0,for reference setup took under five minutes but the screen developed a dead pixel in week two model number lc four seven five
2001,train,contrast,1,for reference the screen developed a dead pixel in week two but setup took under five minutes model number lc four seven five
2002,train,contrast,0,second one i have bought the carrying case is genuinely useful but it disconnects from my laptop constantly
2003,train,contrast,1,second one i have bought it disconnects from my laptop constantly but the carrying case is genuinely useful
2004,train,contrast,0,second one i have bought the colour matches the product photos but the hinge went loose within a month happy to answer questions
2005,train,contrast,1,second one i have bought the hinge went loose within a month but the colour matches the product photos happy to answer questions
2006,test,contrast,0,shipped to a uk address the seller threw in a spare cable but the firmware update bricked the unit ordered through the app
2007,test,contrast,1,shipped to a uk address the firmware update bricked the unit but the seller threw in a spare cable ordered through the app
2008,train,contrast,0,the sound is surprisingly rich but the seller shipped the wrong variant bought the black version
2009,train,contrast,1,the seller shipped the wrong variant but the sound is surprisingly rich bought the black version
2010,train,contrast,0,the printed instructions were clear and short but the hinge went loose within a month bought the black version
2011,train,contrast,1,the hinge went loose within a month but the printed instructions were clear and short bought the black version
2012,train,contrast,0,ordered this in june the hinge still feels tight after a year but the warranty claim has been open for six weeks happy to answer questions
2013,train,contrast,1,ordered this in june the warranty claim has been open for six weeks but the hinge still feels tight after a year happy to answer questions
2014,test,contrast,0,setup took under five minutes but the sound is tinny at any volume model number lc four seven five
2015,test,contrast,1,the sound is tinny at any volume but setup took under five minutes model number lc four seven five
2016,train,contrast,0,shipped to a uk address the weight is far lower than i expected but the carrying case tore at the seam bought the black version
2017,train,contrast,1,shipped to a uk address the carrying case tore at the seam but the weight is far lower than i expected bought the black version
2018,train,contrast,0,buying for a home office the mounting bracket lines up perfectly but the seller shipped the wrong variant
2019,train,contrast,1,buying for a home office the seller shipped the wrong variant but the mounting bracket lines up perfectly
2020,train,contrast,0,replacing a five year old unit it charges fully in about an hour but the keys started sticking almost immediately posting this after a month of use
2021,train,contrast,1,replacing a five year old unit the keys started sticking almost immediately but it charges fully in about an hour posting this after a month of use
2022,train,contrast,0,i have used it daily since march it charges fully in about an hour but delivery was nine days late with no notice happy to answer questions
2023,train,contrast,1,i have used it daily since march delivery was nine days late with no notice but it charges fully in about an hour happy to answer questions
2024,val,contrast,0,it pairs with my laptop instantly but the keys started sticking almost immediately updating this review later
2025,val,contrast,1,the keys started sticking almost immediately but it pairs with my laptop instantly updating this review later
2026,train,contrast,0,for reference the return label was already in the box but the battery drains overnight while it is off ordered through the app
2027,train,contrast,1,for reference the battery drains overnight while it is off but the return label was already in the box ordered through the app
2028,train,contrast,0,ordered this in june the printed instructions were clear and short but the keys started sticking almost immediately updating this review later
2029,train,contrast,1,ordered this in june the keys started sticking almost immediately but the printed instructions were clear and short updating this review later
2030,train,contrast,0,ordered this in june support answered within an hour but the screen developed a dead pixel in week two updating this review later
2031,train,contrast,1,ordered this in june the screen developed a dead pixel in week two but support answered within an hour updating this review later
2032,train,contrast,0,shipped to a uk address the colour matches the product photos but it cracked from a knock off the desk
2033,train,contrast,1,shipped to a uk address it cracked from a knock off the desk but the colour matches the product photos
2034,train,contrast,0,buying for a home office the fit is exactly as described but the colour is nothing like the product photos updating this review later
2035,train,contrast,1,buying for a home office the colour is nothing like the product photos but the fit is exactly as described updating this review later
2036,train,contrast,0,the fabric held up after ten washes but it stopped charging after three weeks
2037,train,contrast,1,it stopped charging after three weeks but the fabric held up after ten washes
2038,val,contrast,0,for reference the warranty claim took three minutes online but the fabric pilled after a single wash posting this after a month of use
2039,val,contrast,1,for reference the fabric pilled after a single wash but the warranty claim took three minutes online posting this after a month of use
2040,train,contrast,0,support answered within an hour but the build quality feels cheap in the hand will report back after the winter
2041,train,contrast,1,the build quality feels cheap in the hand but support answered within an hour will report back after the winter
2042,train,contrast,0,bought during the autumn sale the screen is bright and crisp but the fit runs two sizes small will report back after the winter
2043,train,contrast,1,bought during the autumn sale the fit runs two sizes small but the screen is bright and crisp will report back after the winter
2044,test,contrast,0,bought during the autumn sale delivery arrived a day early but the sound is tinny at any volume
2045,test,contrast,1,bought during the autumn sale the sound is tinny at any volume but delivery arrived a day early
2046,train,contrast,0,buying for a home office the fabric held up after ten washes but the carrying case tore at the seam bought the black version
2047,train,contrast,1,buying for a home office the carrying case tore at the seam but the fabric held up after ten washes bought the black version
2048,test,contrast,0,customer service refunded me the same day but setup took me most of an afternoon
2049,test,contrast,1,setup took me most of an afternoon but customer service refunded me the same day
2050,test,contrast,0,i have used it daily since march it pairs with my laptop instantly but the hinge went loose within a month
2051,test,contrast,1,i have used it daily since march the hinge went loose within a month but it pairs with my laptop instantly
2052,test,contrast,0,replacing a five year old unit it charges fully in about an hour but the fit runs two sizes small
2053,test,contrast,1,replacing a five year old unit the fit runs two sizes small but it charges fully in about an hour
2054,train,contrast,0,buying for a home office the fit is exactly as described but the return label cost me twelve dollars bought the black version
2055,train,contrast,1,buying for a home office the return label cost me twelve dollars but the fit is exactly as described bought the black version
2056,train,contrast,0,i have used it daily since march it charges fully in about an hour but the fabric pilled after a single wash
2057,train,contrast,1,i have used it daily since march the fabric pilled after a single wash but it charges fully in about an hour
2058,train,contrast,0,shipped to a uk address the weight is far lower than i expected but the weight makes it useless for travel
2059,train,contrast,1,shipped to a uk address the weight makes it useless for travel but the weight is far lower than i expected
2060,train,contrast,0,bought during the autumn sale delivery arrived a day early but the fit runs two sizes small
2061,train,contrast,1,bought during the autumn sale the fit runs two sizes small but delivery arrived a day early
2062,val,contrast,0,i have used it daily since march support answered within an hour but the warranty claim has been open for six weeks posting this after a month of use
2063,val,contrast,1,i have used it daily since march the warranty claim has been open for six weeks but support answered within an hour posting this after a month of use
2064,test,contrast,0,bought during the autumn sale the firmware update installed without a hitch but the build quality feels cheap in the hand
2065,test,contrast,1,bought during the autumn sale the build quality feels cheap in the hand but the firmware update installed without a hitch
2066,train,contrast,0,second one i have bought the seller threw in a spare cable but the companion app crashes on every launch
2067,train,contrast,1,second one i have bought the companion app crashes on every launch but the seller threw in a spare cable
2068,train,contrast,0,shipped to a uk address the price is unbeatable for this spec but the companion app crashes on every launch model number lc four seven five
2069,train,contrast,1,shipped to a uk address the companion app crashes on every launch but the price is unbeatable for this spec model number lc four seven five
2070,train,contrast,0,bought during the autumn sale the mounting bracket lines up perfectly but the weight makes it useless for travel ordered through the app
2071,train,contrast,1,bought during the autumn sale the weight makes it useless for travel but the mounting bracket lines up perfectly ordered through the app
2072,train,contrast,0,shipped to a uk address it survived a drop onto concrete but the companion app crashes on every launch
2073,train,contrast,1,shipped to a uk address the companion app crashes on every launch but it survived a drop onto concrete
2074,train,contrast,0,the weight is far lower than i expected but the printed instructions were one unreadable page
2075,train,contrast,1,the printed instructions were one unreadable page but the weight is far lower than i expected
2076,train,contrast,0,replacing a five year old unit the firmware update installed without a hitch but the hinge went loose within a month
2077,train,contrast,1,replacing a five year old unit the hinge went loose within a month but the firmware update installed without a hitch
2078,train,contrast,0,ordered this in june the keys have a satisfying travel but the keys started sticking almost immediately happy to answer questions
2079,train,contrast,1,ordered this in june the keys started sticking almost immediately but the keys have a satisfying travel happy to answer questions
2080,test,contrast,0,buying for a home office the fit is exactly as described but the return label cost me twelve dollars
2081,test,contrast,1,buying for a home office the return label cost me twelve dollars but the fit is exactly as described
2082,train,contrast,0,it pairs with my laptop instantly but delivery was nine days late with no notice posting this after a month of use
2083,train,contrast,1,delivery was nine days late with no notice but it pairs with my laptop instantly posting this after a month of use
2084,train,contrast,0,support answered within an hour but the seller shipped the wrong variant posting this after a month of use
2085,train,contrast,1,the seller shipped the wrong variant but support answered within an hour posting this after a month of use
2086,train,contrast,0,shipped to a uk address the fabric held up after ten washes but support never replied to my ticket
2087,train,contrast,1,shipped to a uk address support never replied to my ticket but the fabric held up after ten washes
2088,val,contrast,0,ordered this in june it charges fully in about an hour but it stopped charging after three weeks posting this after a month of use
2089,val,contrast,1,ordered this in june it stopped charging after three weeks but it charges fully in about an hour posting this after a month of use
2090,train,contrast,0,for reference it pairs with my laptop instantly but the seller shipped the wrong variant
2091,train,contrast,1,for reference the seller shipped the wrong variant but it pairs with my laptop instantly
2092,val,contrast,0,bought during the autumn sale it pairs with my laptop instantly but the hinge went loose within a month will report back after the winter
2093,val,contrast,1,bought during the autumn sale the hinge went loose within a month but it pairs with my laptop instantly will report back after the winter
2094,train,contrast,0,the printed instructions were clear and short but the printed instructions were one unreadable page
2095,train,contrast,1,the printed instructions were one unreadable page but the printed instructions were clear and short
2096,train,contrast,0,ordered this in june the return label was already in the box but the sound is tinny at any volume ordered through the app
2097,train,contrast,1,ordered this in june the sound is tinny at any volume but the return label was already in the box ordered through the app
2098,test,contrast,0,second one i have bought the return label was already in the box but the fit runs two sizes small model number lc four seven five
2099,test,contrast,1,second one i have bought the fit runs two sizes small but the return label was already in the box model number lc four seven five
2100,train,contrast,0,the keys have a satisfying travel but it stopped charging after three weeks
2101,train,contrast,1,it stopped charging after three weeks but the keys have a satisfying travel
2102,train,contrast,0,the price is unbeatable for this spec but the packaging arrived crushed and open
2103,train,contrast,1,the packaging arrived crushed and open but the price is unbeatable for this spec
2104,train,contrast,0,for reference it survived a drop onto concrete but the seller shipped the wrong variant
2105,train,contrast,1,for reference the seller shipped the wrong variant but it survived a drop onto concrete
2106,train,contrast,0,for reference setup took under five minutes but it cracked from a knock off the desk
2107,train,contrast,1,for reference it cracked from a knock off the desk but setup took under five minutes
2108,train,contrast,0,replacing a five year old unit the hinge still feels tight after a year but the weight makes it useless for travel bought the black version
2109,train,contrast,1,replacing a five year old unit the weight makes it useless for travel but the hinge still feels tight after a year bought the black version
2110,train,contrast,0,the keys have a satisfying travel but setup took me most of an afternoon ordered through the app
2111,train,contrast,1,setup took me most of an afternoon but the keys have a satisfying travel ordered through the app
2112,test,contrast,0,the build quality feels premium but the companion app crashes on every launch
2113,test,contrast,1,the companion app crashes on every launch but the build quality feels premium
2114,train,contrast,0,setup took under five minutes but the weight makes it useless for travel will report back after the winter
2115,train,contrast,1,the weight makes it useless for travel but setup took under five minutes will report back after the winter
2116,train,contrast,0,buying for a home office the companion app is responsive and clean but the colour is nothing like the product photos ordered through the app
2117,train,contrast,1,buying for a home office the colour is nothing like the product photos but the companion app is responsive and clean ordered through the app
2118,val,contrast,0,bought during the autumn sale the companion app is responsive and clean but the price went up the day after i ordered posting this after a month of use
2119,val,contrast,1,bought during the autumn sale the price went up the day after i ordered but the companion app is responsive and clean posting this after a month of use
2120,train,contrast,0,second one i have bought the weight is far lower than i expected but the screen developed a dead pixel in week two
2121,train,contrast,1,second one i have bought the screen developed a dead pixel in week two but the weight is far lower than i expected
2122,test,contrast,0,replacing a five year old unit setup took under five minutes but the packaging arrived crushed and open bought the black version
2123,test,contrast,1,replacing a five year old unit the packaging arrived crushed and open but setup took under five minutes bought the black version
2124,train,contrast,0,for reference the seller threw in a spare cable but it disconnects from my laptop constantly
2125,train,contrast,1,for reference it disconnects from my laptop constantly but the seller threw in a spare cable
2126,test,contrast,0,the screen is bright and crisp but it disconnects from my laptop constantly ordered through the app
2127,test,contrast,1,it disconnects from my laptop constantly but the screen is bright and crisp ordered through the app
2128,train,contrast,0,the stitching is even all the way round but the fabric pilled after a single wash bought the black version
2129,train,contrast,1,the fabric pilled after a single wash but the stitching is even all the way round bought the black version
2130,train,contrast,0,ordered this in june support answered within an hour but the carrying case tore at the seam updating this review later
2131,train,contrast,1,ordered this in june the carrying case tore at the seam but support answered within an hour updating this review later
2132,train,contrast,0,replacing a five year old unit the fit is exactly as described but the build quality feels cheap in the hand
2133,train,contrast,1,replacing a five year old unit the build quality feels cheap in the hand but the fit is exactly as described
2134,train,contrast,0,bought during the autumn sale the packaging was neat and fully recyclable but the stitching came apart at the corner happy to answer questions
2135,train,contrast,1,bought during the autumn sale the stitching came apart at the corner but the packaging was neat and fully recyclable happy to answer questions
2136,train,contrast,0,i have used it daily since march the battery easily lasts two days but the return label cost me twelve dollars ordered through the app
2137,train,contrast,1,i have used it daily since march the return label cost me twelve dollars but the battery easily lasts two days ordered through the app
2138,test,contrast,0,it pairs with my laptop instantly but the build quality feels cheap in the hand posting this after a month of use
2139,test,contrast,1,the build quality feels cheap in the hand but it pairs with my laptop instantly posting this after a month of use
2140,test,contrast,0,second one i have bought the warranty claim took three minutes online but customer service put me on hold for an hour bought the black version
2141,test,contrast,1,second one i have bought customer service put me on hold for an hour but the warranty claim took three minutes online bought the black version
2142,train,contrast,0,ordered this in june the fabric held up after ten washes but it disconnects from my laptop constantly model number lc four seven five
2143,train,contrast,1,ordered this in june it disconnects from my laptop constantly but the fabric held up after ten washes model number lc four seven five
2144,train,contrast,0,the hinge still feels tight after a year but the companion app crashes on every launch happy to answer questions
2145,train,contrast,1,the companion app crashes on every launch but the hinge still feels tight after a year happy to answer questions
2146,test,contrast,0,the sound is surprisingly rich but the sound is tinny at any volume posting this after a month of use
2147,test,contrast,1,the sound is tinny at any volume but the sound is surprisingly rich posting this after a month of use
2148,test,contrast,0,replacing a five year old unit the battery easily lasts two days but the companion app crashes on every launch ordered through the app
2149,test,contrast,1,replacing a five year old unit the companion app crashes on every launch but the battery easily lasts two days ordered through the app
2150,val,contrast,0,second one i have bought it charges fully in about an hour but the seller shipped the wrong variant
2151,val,contrast,1,second one i have bought the seller shipped the wrong variant but it charges fully in about an hour
2152,train,contrast,0,second one i have bought the printed instructions were clear and short but customer service put me on hold for an hour updating this review later
2153,train,contrast,1,second one i have bought customer service put me on hold for an hour but the printed instructions were clear and short updating this review later
2154,train,contrast,0,buying for a home office the build quality feels premium but the screen developed a dead pixel in week two
2155,train,contrast,1,buying for a home office the screen developed a dead pixel in week two but the build quality feels premium
2156,train,contrast,0,ordered this in june the printed instructions were clear and short but the seller shipped the wrong variant
2157,train,contrast,1,ordered this in june the seller shipped the wrong variant but the printed instructions were clear and short
2158,val,contrast,0,shipped to a uk address it charges fully in about an hour but customer service put me on hold for an hour bought the black version
2159,val,contrast,1,shipped to a uk address customer service put me on hold for an hour but it charges fully in about an hour bought the black version
2160,train,contrast,0,bought during the autumn sale the price is unbeatable for this spec but the firmware update bricked the unit ordered through the app
2161,train,contrast,1,bought during the autumn sale the firmware update bricked the unit but the price is unbeatable for this spec ordered through the app
2162,test,contrast,0,replacing a five year old unit the fabric held up after ten washes but the fit runs two sizes small
2163,test,contrast,1,replacing a five year old unit the fit runs two sizes small but the fabric held up after ten washes
2164,train,contrast,0,replacing a five year old unit delivery arrived a day early but delivery was nine days late with no notice
2165,train,contrast,1,replacing a five year old unit delivery was nine days late with no notice but delivery arrived a day early
2166,train,contrast,0,it pairs with my laptop instantly but delivery was nine days late with no notice
2167,train,contrast,1,delivery was nine days late with no notice but it pairs with my laptop instantly
2168,train,contrast,0,bought during the autumn sale the printed instructions were clear and short but the seller shipped the wrong variant
2169,train,contrast,1,bought during the autumn sale the seller shipped the wrong variant but the printed instructions were clear and short
2170,test,contrast,0,i have used it daily since march setup took under five minutes but the return label cost me twelve dollars
2171,test,contrast,1,i have used it daily since march the return label cost me twelve dollars but setup took under five minutes
2172,train,contrast,0,buying for a home office customer service refunded me the same day but the firmware update bricked the unit ordered through the app
2173,train,contrast,1,buying for a home office the firmware update bricked the unit but customer service refunded me the same day ordered through the app
2174,test,contrast,0,the build quality feels premium but the keys started sticking almost immediately
2175,test,contrast,1,the keys started sticking almost immediately but the build quality feels premium
2176,train,contrast,0,i have used it daily since march the return label was already in the box but the companion app crashes on every launch model number lc four seven five
2177,train,contrast,1,i have used it daily since march the companion app crashes on every launch but the return label was already in the box model number lc four seven five
2178,test,contrast,0,buying for a home office the fabric held up after ten washes but the hinge went loose within a month model number lc four seven five
2179,test,contrast,1,buying for a home office the hinge went loose within a month but the fabric held up after ten washes model number lc four seven five
2180,train,contrast,0,the carrying case is genuinely useful but it stopped charging after three weeks
2181,train,contrast,1,it stopped charging after three weeks but the carrying case is genuinely useful
2182,train,contrast,0,the printed instructions were clear and short but the warranty claim has been open for six weeks will report back after the winter
2183,train,contrast,1,the warranty claim has been open for six weeks but the printed instructions were clear and short will report back after the winter
2184,test,contrast,0,the battery easily lasts two days but the seller shipped the wrong variant
2185,test,contrast,1,the seller shipped the wrong variant but the battery easily lasts two days
2186,val,contrast,0,ordered this in june the screen is bright and crisp but the fabric pilled after a single wash happy to answer questions
2187,val,contrast,1,ordered this in june the fabric pilled after a single wash but the screen is bright and crisp happy to answer questions
2188,train,contrast,0,shipped to a uk address the hinge still feels tight after a year but setup took me most of an afternoon
2189,train,contrast,1,shipped to a uk address setup took me most of an afternoon but the hinge still feels tight after a year
2190,train,contrast,0,the hinge still feels tight after a year but it disconnects from my laptop constantly posting this after a month of use
2191,train,contrast,1,it disconnects from my laptop constantly but the hinge still feels tight after a year posting this after a month of use
2192,train,contrast,0,i have used it daily since march the sound is surprisingly rich but it stopped charging after three weeks posting this after a month of use
2193,train,contrast,1,i have used it daily since march it stopped charging after three weeks but the sound is surprisingly rich posting this after a month of use
2194,train,contrast,0,ordered this in june the companion app is responsive and clean but the keys started sticking almost immediately
2195,train,contrast,1,ordered this in june the keys started sticking almost immediately but the companion app is responsive and clean
2196,test,contrast,0,for reference the seller threw in a spare cable but the printed instructions were one unreadable page happy to answer questions
2197,test,contrast,1,for reference the printed instructions were one unreadable page but the seller threw in a spare cable happy to answer questions
2198,val,contrast,0,the return label was already in the box but it stopped charging after three weeks
2199,val,contrast,1,it stopped charging after three weeks but the return label was already in the box
2200,train,contrast,0,the battery easily lasts two days but the weight makes it useless for travel updating this review later
2201,train,contrast,1,the weight makes it useless for travel but the battery easily lasts two days updating this review later
2202,train,contrast,0,bought during the autumn sale the return label was already in the box but it disconnects from my laptop constantly
2203,train,contrast,1,bought during the autumn sale it disconnects from my laptop constantly but the return label was already in the box
2204,train,contrast,0,replacing a five year old unit support answered within an hour but it stopped charging after three weeks happy to answer questions
2205,train,contrast,1,replacing a five year old unit it stopped charging after three weeks but support answered within an hour happy to answer questions
2206,test,contrast,0,buying for a home office the keys have a satisfying travel but the companion app crashes on every launch
2207,test,contrast,1,buying for a home office the companion app crashes on every launch but the keys have a satisfying travel
2208,train,contrast,0,the weight is far lower than i expected but the build quality feels cheap in the hand
2209,train,contrast,1,the build quality feels cheap in the hand but the weight is far lower than i expected
2210,train,contrast,0,i have used it daily since march the battery easily lasts two days but delivery was nine days late with no notice updating this review later
2211,train,contrast,1,i have used it daily since march delivery was nine days late with no notice but the battery easily lasts two days updating this review later
2212,val,contrast,0,buying for a home office the stitching is even all the way round but customer service put me on hold for an hour happy to answer questions
2213,val,contrast,1,buying for a home office customer service put me on hold for an hour but the stitching is even all the way round happy to answer questions
2214,train,contrast,0,second one i have bought it pairs with my laptop instantly but it disconnects from my laptop constantly bought the black version
2215,train,contrast,1,second one i have bought it disconnects from my laptop constantly but it pairs with my laptop instantly bought the black version
2216,train,contrast,0,i have used it daily since march the warranty claim took three minutes online but support never replied to my ticket ordered through the app
2217,train,contrast,1,i have used it daily since march support never replied to my ticket but the warranty claim took three minutes online ordered through the app
2218,train,contrast,0,buying for a home office the screen is bright and crisp but the fit runs two sizes small bought the black version
2219,train,contrast,1,buying for a home office the fit runs two sizes small but the screen is bright and crisp bought the black version
2220,test,contrast,0,buying for a home office the stitching is even all the way round but the battery drains overnight while it is off will report back after the winter
2221,test,contrast,1,buying for a home office the battery drains overnight while it is off but the stitching is even all the way round will report back after the winter
2222,test,contrast,0,i have used it daily since march the battery easily lasts two days but the colour is nothing like the product photos ordered through the app
2223,test,contrast,1,i have used it daily since march the colour is nothing like the product photos but the battery easily lasts two days ordered through the app
2224,test,contrast,0,buying for a home office the sound is surprisingly rich but the companion app crashes on every launch model number lc four seven five
2225,test,contrast,1,buying for a home office the companion app crashes on every launch but the sound is surprisingly rich model number lc four seven five
2226,train,contrast,0,replacing a five year old unit delivery arrived a day early but the price went up the day after i ordered
2227,train,contrast,1,replacing a five year old unit the price went up the day after i ordered but delivery arrived a day early
2228,train,contrast,0,the companion app is responsive and clean but the price went up the day after i ordered
2229,train,contrast,1,the price went up the day after i ordered but the companion app is responsive and clean
2230,train,contrast,0,shipped to a uk address the mounting bracket lines up perfectly but the firmware update bricked the unit
2231,train,contrast,1,shipped to a uk address the firmware update bricked the unit but the mounting bracket lines up perfectly
2232,train,contrast,0,second one i have bought the hinge still feels tight after a year but it disconnects from my laptop constantly model number lc four seven five
2233,train,contrast,1,second one i have bought it disconnects from my laptop constantly but the hinge still feels tight after a year model number lc four seven five
2234,train,contrast,0,ordered this in june the price is unbeatable for this spec but delivery was nine days late with no notice ordered through the app
2235,train,contrast,1,ordered this in june delivery was nine days late with no notice but the price is unbeatable for this spec ordered through the app
2236,val,contrast,0,replacing a five year old unit the warranty claim took three minutes online but the fit runs two sizes small
2237,val,contrast,1,replacing a five year old unit the fit runs two sizes small but the warranty claim took three minutes online
2238,test,contrast,0,second one i have bought the firmware update installed without a hitch but the companion app crashes on every launch ordered through the app
2239,test,contrast,1,second one i have bought the companion app crashes on every launch but the firmware update installed without a hitch ordered through the app
2240,train,contrast,0,second one i have bought the firmware update installed without a hitch but support never replied to my ticket happy to answer questions
2241,train,contrast,1,second one i have bought support never replied to my ticket but the firmware update installed without a hitch happy to answer questions
2242,train,contrast,0,i have used it daily since march the build quality feels premium but setup took me most of an afternoon will report back after the winter
2243,train,contrast,1,i have used it daily since march setup took me most of an afternoon but the build quality feels premium will report back after the winter
2244,test,contrast,0,i have used it daily since march setup took under five minutes but the hinge went loose within a month bought the black version
2245,test,contrast,1,i have used it daily since march the hinge went loose within a month but setup took under five minutes bought the black version
2246,test,contrast,0,setup took under five minutes but the build quality feels cheap in the hand
2247,test,contrast,1,the build quality feels cheap in the hand but setup took under five minutes
2248,train,contrast,0,for reference the weight is far lower than i expected but the price went up the day after i ordered model number lc four seven five
2249,train,contrast,1,for reference the price went up the day after i ordered but the weight is far lower than i expected model number lc four seven five
2250,test,contrast,0,setup took under five minutes but support never replied to my ticket posting this after a month of use
2251,test,contrast,1,support never replied to my ticket but setup took under five minutes posting this after a month of use
2252,test,contrast,0,ordered this in june setup took under five minutes but the firmware update bricked the unit model number lc four seven five
2253,test,contrast,1,ordered this in june the firmware update bricked the unit but setup took under five minutes model number lc four seven five
2254,train,contrast,0,buying for a home office the battery easily lasts two days but the packaging arrived crushed and open happy to answer questions
2255,train,contrast,1,buying for a home office the packaging arrived crushed and open but the battery easily lasts two days happy to answer questions
2256,test,contrast,0,for reference the build quality feels premium but the keys started sticking almost immediately ordered through the app
2257,test,contrast,1,for reference the keys started sticking almost immediately but the build quality feels premium ordered through the app
2258,train,contrast,0,for reference the mounting bracket lines up perfectly but customer service put me on hold for an hour will report back after the winter
2259,train,contrast,1,for reference customer service put me on hold for an hour but the mounting bracket lines up perfectly will report back after the winter
2260,test,contrast,0,shipped to a uk address the fit is exactly as described but the return label cost me twelve dollars model number lc four seven five
2261,test,contrast,1,shipped to a uk address the return label cost me twelve dollars but the fit is exactly as described model number lc four seven five
2262,train,contrast,0,bought during the autumn sale it survived a drop onto concrete but the fit runs two sizes small ordered through the app
2263,train,contrast,1,bought during the autumn sale the fit runs two sizes small but it survived a drop onto concrete ordered through the app
2264,val,contrast,0,the mounting bracket lines up perfectly but the return label cost me twelve dollars bought the black version
2265,val,contrast,1,the return label cost me twelve dollars but the mounting bracket lines up perfectly bought the black version
2266,test,contrast,0,buying for a home office the mounting bracket lines up perfectly but the firmware update bricked the unit
2267,test,contrast,1,buying for a home office the firmware update bricked the unit but the mounting bracket lines up perfectly
2268,train,contrast,0,the carrying case is genuinely useful but the build quality feels cheap in the hand will report back after the winter
2269,train,contrast,1,the build quality feels cheap in the hand but the carrying case is genuinely useful will report back after the winter
2270,test,contrast,0,ordered this in june support answered within an hour but the warranty claim has been open for six weeks updating this review later
2271,test,contrast,1,ordered this in june the warranty claim has been open for six weeks but support answered within an hour updating this review later
2272,train,contrast,0,i have used it daily since march the colour matches the product photos but the colour is nothing like the product photos posting this after a month of use
2273,train,contrast,1,i have used it daily since march the colour is nothing like the product photos but the colour matches the product photos posting this after a month of use
2274,val,contrast,0,second one i have bought the price is unbeatable for this spec but it stopped charging after three weeks bought the black version
2275,val,contrast,1,second one i have bought it stopped charging after three weeks but the price is unbeatable for this spec bought the black version
2276,train,contrast,0,shipped to a uk address it survived a drop onto concrete but the fabric pilled after a single wash ordered through the app
2277,train,contrast,1,shipped to a uk address the fabric pilled after a single wash but it survived a drop onto concrete ordered through the app
2278,val,contrast,0,i have used it daily since march setup took under five minutes but the keys started sticking almost immediately
2279,val,contrast,1,i have used it daily since march the keys started sticking almost immediately but setup took under five minutes
2280,test,contrast,0,buying for a home office the warranty claim took three minutes online but the screen developed a dead pixel in week two posting this after a month of use
2281,test,contrast,1,buying for a home office the screen developed a dead pixel in week two but the warranty claim took three minutes online posting this after a month of use
2282,test,contrast,0,buying for a home office customer service refunded me the same day but the colour is nothing like the product photos
2283,test,contrast,1,buying for a home office the colour is nothing like the product photos but customer service refunded me the same day
2284,test,contrast,0,the mounting bracket lines up perfectly but the companion app crashes on every launch
2285,test,contrast,1,the companion app crashes on every launch but the mounting bracket lines up perfectly
2286,train,contrast,0,the battery easily lasts two days but the mounting bracket snapped under load updating this review later
2287,train,contrast,1,the mounting bracket snapped under load but the battery easily lasts two days updating this review later
2288,train,contrast,0,bought during the autumn sale the warranty claim took three minutes online but the mounting bracket snapped under load updating this review later
2289,train,contrast,1,bought during the autumn sale the mounting bracket snapped under load but the warranty claim took three minutes online updating this review later
2290,train,contrast,0,ordered this in june it charges fully in about an hour but the screen developed a dead pixel in week two
2291,train,contrast,1,ordered this in june the screen developed a dead pixel in week two but it charges fully in about an hour
2292,train,contrast,0,i have used it daily since march the fabric held up after ten washes but the companion app crashes on every launch
2293,train,contrast,1,i have used it daily since march the companion app crashes on every launch but the fabric held up after ten washes
2294,train,contrast,0,support answered within an hour but the warranty claim has been open for six weeks
2295,train,contrast,1,the warranty claim has been open for six weeks but support answered within an hour
2296,train,contrast,0,shipped to a uk address the stitching is even all the way round but the printed instructions were one unreadable page will report back after the winter
2297,train,contrast,1,shipped to a uk address the printed instructions were one unreadable page but the stitching is even all the way round will report back after the winter
2298,test,contrast,0,for reference it survived a drop onto concrete but the warranty claim has been open for six weeks
2299,test,contrast,1,for reference the warranty claim has been open for six weeks but it survived a drop onto concrete
2300,train,contrast,0,second one i have bought the keys have a satisfying travel but delivery was nine days late with no notice bought the black version
2301,train,contrast,1,second one i have bought delivery was nine days late with no notice but the keys have a satisfying travel bought the black version
2302,train,contrast,0,for reference the build quality feels premium but the price went up the day after i ordered posting this after a month of use
2303,train,contrast,1,for reference the price went up the day after i ordered but the build quality feels premium posting this after a month of use
2304,train,contrast,0,second one i have bought the price is unbeatable for this spec but delivery was nine days late with no notice
2305,train,contrast,1,second one i have bought delivery was nine days late with no notice but the price is unbeatable for this spec
2306,train,contrast,0,the printed instructions were clear and short but the keys started sticking almost immediately bought the black version
2307,train,contrast,1,the keys started sticking almost immediately but the printed instructions were clear and short bought the black version
2308,train,contrast,0,it charges fully in about an hour but the fabric pilled after a single wash updating this review later
2309,train,contrast,1,the fabric pilled after a single wash but it charges fully in about an hour updating this review later
2310,train,contrast,0,bought during the autumn sale the colour matches the product photos but the seller shipped the wrong variant
2311,train,contrast,1,bought during the autumn sale the seller shipped the wrong variant but the colour matches the product photos
2312,train,contrast,0,i have used it daily since march the battery easily lasts two days but the build quality feels cheap in the hand happy to answer questions
2313,train,contrast,1,i have used it daily since march the build quality feels cheap in the hand but the battery easily lasts two days happy to answer questions
2314,train,scope_short,0,it is not true that the build quality feels premium updating this review later
2315,train,scope_short,1,the other reviews were not correct that the weight makes it useless for travel model number lc four seven five
2316,train,scope_short,1,buying for a home office it is not true that the mounting bracket snapped under load
2317,train,scope_short,0,replacing a five year old unit it is true that the firmware update bricked the unit will report back after the winter
2318,test,scope_short,1,buying for a home office it is not true that the hinge went loose within a month updating this review later
2319,train,scope_short,0,ordered this in june it is true that the keys started sticking almost immediately bought the black version
2320,train,scope_short,0,second one i have bought i would never tell a friend that the stitching is even all the way round updating this review later
2321,train,scope_short,0,the other reviews were not correct that the return label was already in the box model number lc four seven five
2322,train,scope_short,0,i have used it daily since march i will not confirm that the sound is surprisingly rich posting this after a month of use
2323,train,scope_short,0,replacing a five year old unit it is true that support never replied to my ticket updating this review later
2324,test,scope_short,0,bought during the autumn sale my experience did not match the claim that the stitching is even all the way round posting this after a month of use
2325,train,scope_short,0,bought during the autumn sale i would never tell a friend that the fit is exactly as described happy to answer questions
2326,train,scope_short,0,bought during the autumn sale i can honestly say that the colour is nothing like the product photos updating this review later
2327,train,scope_short,0,shipped to a uk address i would tell a friend that the return label cost me twelve dollars posting this after a month of use
2328,val,scope_short,1,for reference the other reviews were not correct that the mounting bracket snapped under load
2329,val,scope_short,0,buying for a home office i would tell a friend that the firmware update bricked the unit ordered through the app
2330,test,scope_short,0,bought during the autumn sale my experience did not match the claim that the sound is surprisingly rich model number lc four seven five
2331,train,scope_short,1,bought during the autumn sale the other reviews were not correct that the weight makes it useless for travel
2332,train,scope_short,1,second one i have bought my experience did not match the claim that the companion app crashes on every launch bought the black version
2333,train,scope_short,1,for reference i can honestly say that support answered within an hour
2334,train,scope_short,0,i have used it daily since march i can not honestly say that the colour matches the product photos
2335,train,scope_short,0,bought during the autumn sale i can honestly say that the firmware update bricked the unit happy to answer questions
2336,train,scope_short,1,replacing a five year old unit the other reviews were correct that it survived a drop onto concrete will report back after the winter
2337,train,scope_short,1,the other reviews were correct that the build quality feels premium updating this review later
2338,train,scope_short,1,replacing a five year old unit i would never tell a friend that the mounting bracket snapped under load bought the black version
2339,train,scope_short,0,second one i have bought i would never tell a friend that delivery arrived a day early happy to answer questions
2340,train,scope_short,1,i will not confirm that the screen developed a dead pixel in week two posting this after a month of use
2341,val,scope_short,0,bought during the autumn sale my experience matched the claim that it cracked from a knock off the desk bought the black version
2342,test,scope_short,0,my experience matched the claim that the companion app crashes on every launch model number lc four seven five
2343,train,scope_short,1,i will confirm that the hinge still feels tight after a year will report back after the winter
2344,test,scope_short,1,i would tell a friend that the price is unbeatable for this spec
2345,test,scope_short,1,i will confirm that the hinge still feels tight after a year
2346,train,scope_short,0,for reference my experience matched the claim that the mounting bracket snapped under load ordered through the app
2347,test,scope_short,1,i will confirm that the stitching is even all the way round
2348,train,scope_short,0,i have used it daily since march my experience did not match the claim that the screen is bright and crisp posting this after a month of use
2349,train,scope_short,1,replacing a five year old unit the other reviews were not correct that the weight makes it useless for travel happy to answer questions
2350,val,scope_short,1,i would tell a friend that the mounting bracket lines up perfectly will report back after the winter
2351,train,scope_short,1,i will confirm that customer service refunded me the same day ordered through the app
2352,test,scope_short,1,the other reviews were correct that support answered within an hour model number lc four seven five
2353,train,scope_short,1,replacing a five year old unit i would never tell a friend that the stitching came apart at the corner bought the black version
2354,test,scope_short,0,buying for a home office i would never tell a friend that it charges fully in about an hour updating this review later
2355,test,scope_short,1,i can honestly say that the firmware update installed without a hitch happy to answer questions
2356,train,scope_short,1,second one i have bought my experience matched the claim that the sound is surprisingly rich bought the black version
2357,train,scope_short,0,second one i have bought the other reviews were correct that the firmware update bricked the unit happy to answer questions
2358,train,scope_short,0,it is not true that it pairs with my laptop instantly
2359,train,scope_short,0,i will confirm that the fit runs two sizes small will report back after the winter
2360,test,scope_short,0,i would never tell a friend that the build quality feels premium
2361,test,scope_short,0,shipped to a uk address i would never tell a friend that the fit is exactly as described will report back after the winter
2362,test,scope_short,1,buying for a home office it is not true that the printed instructions were one unreadable page
2363,train,scope_short,1,buying for a home office it is true that the colour matches the product photos will report back after the winter
2364,train,scope_short,0,ordered this in june i would never tell a friend that the return label was already in the box will report back after the winter
2365,train,scope_short,0,shipped to a uk address my experience matched the claim that the mounting bracket snapped under load bought the black version
2366,train,scope_short,0,i would never tell a friend that the warranty claim took three minutes online
2367,val,scope_short,1,i can not honestly say that the fit runs two sizes small
2368,val,scope_short,1,i would never tell a friend that the carrying case tore at the seam updating this review later
2369,test,scope_short,0,shipped to a uk address the other reviews were not correct that the printed instructions were clear and short
2370,test,scope_short,1,second one i have bought i would tell a friend that the screen is bright and crisp will report back after the winter
2371,train,scope_short,1,my experience did not match the claim that the mounting bracket snapped under load
2372,train,scope_short,1,it is true that the stitching is even all the way round
2373,test,scope_short,1,replacing a five year old unit my experience did not match the claim that the stitching came apart at the corner
2374,train,scope_short,0,second one i have bought i can not honestly say that support answered within an hour updating this review later
2375,train,scope_short,1,i can not honestly say that the packaging arrived crushed and open posting this after a month of use
2376,train,scope_short,0,i have used it daily since march i can honestly say that the colour is nothing like the product photos
2377,val,scope_short,1,shipped to a uk address i would tell a friend that it charges fully in about an hour bought the black version
2378,train,scope_short,0,i can not honestly say that the printed instructions were clear and short
2379,train,scope_short,1,buying for a home office i would never tell a friend that the price went up the day after i ordered happy to answer questions
2380,train,scope_short,0,ordered this in june i can not honestly say that the sound is surprisingly rich
2381,train,scope_short,0,i would tell a friend that the price went up the day after i ordered ordered through the app
2382,train,scope_short,1,bought during the autumn sale my experience did not match the claim that the stitching came apart at the corner
2383,train,scope_short,0,i can honestly say that the packaging arrived crushed and open updating this review later
2384,train,scope_short,1,i can not honestly say that it cracked from a knock off the desk
2385,train,scope_short,0,second one i have bought i will confirm that setup took me most of an afternoon ordered through the app
2386,train,scope_short,1,the other reviews were not correct that support never replied to my ticket
2387,train,scope_short,1,the other reviews were not correct that the fabric pilled after a single wash ordered through the app
2388,val,scope_short,0,shipped to a uk address the other reviews were not correct that the build quality feels premium happy to answer questions
2389,train,scope_short,0,i can honestly say that the fabric pilled after a single wash
2390,train,scope_short,1,i can not honestly say that the packaging arrived crushed and open
2391,test,scope_short,1,second one i have bought i can not honestly say that the fabric pilled after a single wash
2392,train,scope_short,1,buying for a home office i can honestly say that the price is unbeatable for this spec bought the black version
2393,val,scope_short,1,buying for a home office i would never tell a friend that it stopped charging after three weeks
2394,train,scope_short,1,replacing a five year old unit i can honestly say that the seller threw in a spare cable updating this review later
2395,train,scope_short,1,replacing a five year old unit the other reviews were correct that delivery arrived a day early bought the black version
2396,train,scope_short,1,second one i have bought my experience did not match the claim that it disconnects from my laptop constantly happy to answer questions
2397,train,scope_short,1,bought during the autumn sale i will confirm that the fit is exactly as described
2398,train,scope_short,0,i have used it daily since march i can not honestly say that it charges fully in about an hour
2399,test,scope_short,1,bought during the autumn sale my experience did not match the claim that the price went up the day after i ordered
2400,test,scope_short,1,for reference i can not honestly say that the build quality feels cheap in the hand
2401,train,scope_short,0,i have used it daily since march it is not true that the hinge still feels tight after a year
2402,test,scope_short,0,i can not honestly say that the fabric held up after ten washes
2403,val,scope_short,1,second one i have bought i can honestly say that the return label was already in the box bought the black version
2404,train,scope_short,1,second one i have bought i can not honestly say that the build quality feels cheap in the hand bought the black version
2405,train,scope_short,0,bought during the autumn sale i can not honestly say that the fabric held up after ten washes
2406,train,scope_short,1,i have used it daily since march i will not confirm that customer service put me on hold for an hour updating this review later
2407,train,scope_short,0,i have used it daily since march it is true that the printed instructions were one unreadable page
2408,train,scope_short,1,replacing a five year old unit my experience did not match the claim that the companion app crashes on every launch updating this review later
2409,test,scope_short,1,shipped to a uk address my experience did not match the claim that support never replied to my ticket bought the black version
2410,train,scope_short,0,bought during the autumn sale the other reviews were correct that the stitching came apart at the corner
2411,test,scope_short,1,shipped to a uk address my experience did not match the claim that the return label cost me twelve dollars posting this after a month of use
2412,train,scope_short,0,shipped to a uk address i would never tell a friend that the warranty claim took three minutes online
2413,test,scope_short,0,buying for a home office the other reviews were not correct that the keys have a satisfying travel updating this review later
2414,test,scope_short,0,it is true that the printed instructions were one unreadable page model number lc four seven five
2415,test,scope_short,0,i would tell a friend that the fit runs two sizes small will report back after the winter
2416,test,scope_short,0,for reference i can honestly say that the build quality feels cheap in the hand updating this review later
2417,test,scope_short,0,i have used it daily since march i would never tell a friend that the fit is exactly as described posting this after a month of use
2418,train,scope_short,0,i would never tell a friend that the hinge still feels tight after a year posting this after a month of use
2419,test,scope_short,1,for reference it is not true that the build quality feels cheap in the hand
2420,train,scope_short,1,i will confirm that the firmware update installed without a hitch
2421,val,scope_short,1,for reference my experience matched the claim that the weight is far lower than i expected
2422,val,scope_short,1,replacing a five year old unit i would never tell a friend that setup took me most of an afternoon
2423,train,scope_short,0,i would tell a friend that customer service put me on hold for an hour updating this review later
2424,train,scope_short,1,my experience matched the claim that the hinge still feels tight after a year ordered through the app
2425,train,scope_short,1,i can not honestly say that it cracked from a knock off the desk model number lc four seven five
2426,test,scope_short,0,second one i have bought it is true that customer service put me on hold for an hour updating this review later
2427,train,scope_short,0,buying for a home office my experience matched the claim that the packaging arrived crushed and open model number lc four seven five
2428,test,scope_short,0,for reference i can honestly say that setup took me most of an afternoon updating this review later
2429,test,scope_short,1,replacing a five year old unit it is true that the colour matches the product photos ordered through the app
2430,val,scope_short,0,it is true that the printed instructions were one unreadable page will report back after the winter
2431,train,scope_short,0,replacing a five year old unit i can not honestly say that customer service refunded me the same day model number lc four seven five
2432,train,scope_short,1,shipped to a uk address my experience did not match the claim that it cracked from a knock off the desk
2433,train,scope_short,0,the other reviews were not correct that support answered within an hour ordered through the app
2434,train,scope_short,0,buying for a home office it is not true that the sound is surprisingly rich
2435,train,scope_short,0,bought during the autumn sale i would tell a friend that the return label cost me twelve dollars bought the black version
2436,train,scope_short,1,buying for a home office i would never tell a friend that the weight makes it useless for travel happy to answer questions
2437,test,scope_short,0,replacing a five year old unit i can not honestly say that the keys have a satisfying travel happy to answer questions
2438,test,scope_short,0,for reference it is true that the price went up the day after i ordered happy to answer questions
2439,train,scope_short,0,i have used it daily since march the other reviews were not correct that the build quality feels premium bought the black version
2440,train,scope_short,0,my experience did not match the claim that the battery easily lasts two days updating this review later
2441,val,scope_short,0,shipped to a uk address i will confirm that the fit runs two sizes small
2442,train,scope_short,1,it is true that the carrying case is genuinely useful
2443,train,scope_short,1,it is true that the printed instructions were clear and short
2444,train,scope_short,1,second one i have bought it is true that delivery arrived a day early ordered through the app
2445,train,scope_short,1,second one i have bought my experience did not match the claim that the warranty claim has been open for six weeks
2446,test,scope_short,0,i can not honestly say that it pairs with my laptop instantly
2447,test,scope_short,0,for reference it is not true that customer service refunded me the same day will report back after the winter
2448,train,scope_short,1,for reference i will confirm that the colour matches the product photos ordered through the app
2449,test,scope_short,1,for reference i will not confirm that it disconnects from my laptop constantly ordered through the app
2450,train,scope_short,0,shipped to a uk address it is true that the stitching came apart at the corner will report back after the winter
2451,test,scope_short,0,it is true that the hinge went loose within a month bought the black version
2452,train,scope_short,1,i will confirm that the fit is exactly as described happy to answer questions
2453,train,scope_short,1,i can honestly say that the screen is bright and crisp bought the black version
2454,train,scope_short,0,i have used it daily since march i would never tell a friend that customer service refunded me the same day
2455,train,scope_short,0,replacing a five year old unit it is true that the hinge went loose within a month posting this after a month of use
2456,train,scope_short,1,buying for a home office i will not confirm that setup took me most of an afternoon ordered through the app
2457,test,scope_short,0,replacing a five year old unit the other reviews were not correct that the fabric held up after ten washes happy to answer questions
2458,val,scope_short,0,i will confirm that it cracked from a knock off the desk
2459,train,scope_short,1,it is true that the colour matches the product photos bought the black version
2460,train,scope_short,1,i will not confirm that the screen developed a dead pixel in week two bought the black version
2461,train,scope_short,1,i have used it daily since march i would tell a friend that the fabric held up after ten washes
2462,test,scope_short,1,ordered this in june i would tell a friend that the weight is far lower than i expected
2463,train,scope_short,1,second one i have bought i can honestly say that the weight is far lower than i expected will report back after the winter
2464,train,scope_short,1,bought during the autumn sale my experience matched the claim that the price is unbeatable for this spec will report back after the winter
2465,train,scope_short,0,buying for a home office i would never tell a friend that the printed instructions were clear and short
2466,train,scope_short,1,buying for a home office i will not confirm that the hinge went loose within a month bought the black version
2467,train,scope_short,1,i can not honestly say that the mounting bracket snapped under load updating this review later
2468,train,scope_short,1,second one i have bought i will confirm that the packaging was neat and fully recyclable
2469,val,scope_short,1,i will confirm that support answered within an hour
2470,train,scope_short,1,shipped to a uk address i can honestly say that the colour matches the product photos will report back after the winter
2471,train,scope_short,1,for reference my experience matched the claim that the seller threw in a spare cable
2472,train,scope_short,0,i have used it daily since march i can not honestly say that the mounting bracket lines up perfectly
2473,train,scope_short,1,replacing a five year old unit i can not honestly say that the companion app crashes on every launch
2474,train,scope_short,0,second one i have bought my experience matched the claim that the companion app crashes on every launch
2475,val,scope_short,0,second one i have bought i can not honestly say that the sound is surprisingly rich posting this after a month of use
2476,train,scope_short,1,buying for a home office i can honestly say that the packaging was neat and fully recyclable happy to answer questions
2477,test,scope_short,1,the other reviews were correct that the colour matches the product photos happy to answer questions
2478,train,scope_short,1,i have used it daily since march i will confirm that the build quality feels premium
2479,train,scope_short,1,bought during the autumn sale i will not confirm that the screen developed a dead pixel in week two will report back after the winter
2480,train,scope_short,0,for reference i would never tell a friend that the warranty claim took three minutes online model number lc four seven five
2481,test,scope_short,0,shipped to a uk address i would tell a friend that the printed instructions were one unreadable page bought the black version
2482,train,scope_short,1,for reference my experience matched the claim that the sound is surprisingly rich
2483,train,scope_short,0,for reference i can not honestly say that the return label was already in the box posting this after a month of use
2484,train,scope_short,1,for reference it is not true that setup took me most of an afternoon will report back after the winter
2485,val,scope_short,0,shipped to a uk address i can honestly say that the companion app crashes on every launch
2486,train,scope_short,0,i have used it daily since march it is true that the weight makes it useless for travel
2487,val,scope_short,0,second one i have bought i can honestly say that the printed instructions were one unreadable page will report back after the winter
2488,test,scope_short,0,i will not confirm that the fit is exactly as described
2489,train,scope_short,1,the other reviews were not correct that the colour is nothing like the product photos updating this review later
2490,train,scope_short,0,second one i have bought i will not confirm that it survived a drop onto concrete
2491,train,scope_short,1,i would never tell a friend that the keys started sticking almost immediately
2492,train,scope_short,0,the other reviews were not correct that the price is unbeatable for this spec ordered through the app
2493,test,scope_short,0,bought during the autumn sale the other reviews were not correct that the stitching is even all the way round bought the black version
2494,train,scope_short,1,i have used it daily since march i can honestly say that it pairs with my laptop instantly
2495,train,scope_short,1,for reference i would tell a friend that the sound is surprisingly rich posting this after a month of use
2496,train,scope_short,0,i have used it daily since march the other reviews were correct that the battery drains overnight while it is off posting this after a month of use
2497,train,scope_short,0,the other reviews were not correct that it survived a drop onto concrete happy to answer questions
2498,train,scope_short,1,i can honestly say that the fabric held up after ten washes will report back after the winter
2499,train,scope_short,0,for reference i can not honestly say that the seller threw in a spare cable happy to answer questions
2500,train,scope_short,1,it is not true that the colour is nothing like the product photos bought the black version
2501,test,scope_short,1,ordered this in june i will confirm that the hinge still feels tight after a year model number lc four seven five
2502,train,scope_short,0,buying for a home office i can honestly say that the price went up the day after i ordered
2503,train,scope_short,0,replacing a five year old unit it is not true that the price is unbeatable for this spec
2504,train,scope_short,0,it is true that the keys started sticking almost immediately bought the black version
2505,test,scope_short,1,my experience matched the claim that the build quality feels premium
2506,train,scope_short,1,i can honestly say that the seller threw in a spare cable happy to answer questions
2507,test,scope_short,1,replacing a five year old unit it is true that support answered within an hour model number lc four seven five
2508,train,scope_short,0,i have used it daily since march i will confirm that the seller shipped the wrong variant ordered through the app
2509,train,scope_short,0,for reference it is true that the mounting bracket snapped under load
2510,train,scope_short,0,ordered this in june my experience matched the claim that it cracked from a knock off the desk
2511,test,scope_short,1,bought during the autumn sale my experience matched the claim that the build quality feels premium happy to answer questions
2512,train,scope_short,0,i will confirm that the printed instructions were one unreadable page
2513,val,scope_short,1,shipped to a uk address the other reviews were correct that the build quality feels premium
2514,val,scope_short,1,the other reviews were not correct that the seller shipped the wrong variant posting this after a month of use
2515,test,scope_short,0,it is not true that the colour matches the product photos model number lc four seven five
2516,train,scope_short,0,second one i have bought it is not true that the fit is exactly as described will report back after the winter
2517,train,scope_short,1,bought during the autumn sale i can not honestly say that the carrying case tore at the seam updating this review later
2518,test,scope_short,1,i would tell a friend that the weight is far lower than i expected
2519,train,scope_short,1,second one i have bought it is true that it pairs with my laptop instantly posting this after a month of use
2520,test,scope_short,0,second one i have bought i would never tell a friend that setup took under five minutes updating this review later
2521,train,scope_short,1,shipped to a uk address my experience did not match the claim that the hinge went loose within a month happy to answer questions
2522,test,scope_short,0,ordered this in june my experience did not match the claim that the printed instructions were clear and short posting this after a month of use
2523,train,scope_short,0,replacing a five year old unit it is true that the fit runs two sizes small ordered through the app
2524,train,scope_short,1,buying for a home office i can not honestly say that the screen developed a dead pixel in week two model number lc four seven five
2525,test,scope_short,1,bought during the autumn sale i will confirm that the mounting bracket lines up perfectly updating this review later
2526,test,scope_short,0,shipped to a uk address it is true that the warranty claim has been open for six weeks posting this after a month of use
2527,train,scope_short,0,i can honestly say that it disconnects from my laptop constantly happy to answer questions
2528,test,scope_short,0,i would tell a friend that the firmware update bricked the unit posting this after a month of use
2529,train,scope_short,1,the other reviews were not correct that the keys started sticking almost immediately
2530,train,scope_short,0,shipped to a uk address i would tell a friend that the mounting bracket snapped under load bought the black version
2531,train,scope_short,1,i have used it daily since march it is true that the keys have a satisfying travel will report back after the winter
2532,test,scope_short,0,replacing a five year old unit i can honestly say that the return label cost me twelve dollars happy to answer questions
2533,test,scope_short,1,i will not confirm that the fabric pilled after a single wash
2534,test,scope_short,1,it is not true that customer service put me on hold for an hour will report back after the winter
2535,val,scope_short,1,i can honestly say that the hinge still feels tight after a year ordered through the app
2536,val,scope_short,0,it is not true that it pairs with my laptop instantly happy to answer questions
2537,train,scope_short,1,ordered this in june it is not true that the mounting bracket snapped under load bought the black version
2538,train,scope_short,0,i would never tell a friend that the screen is bright and crisp happy to answer questions
2539,train,scope_short,1,replacing a five year old unit it is true that the keys have a satisfying travel model number lc four seven five
2540,test,scope_short,1,i have used it daily since march the other reviews were correct that the mounting bracket lines up perfectly
2541,val,scope_short,0,for reference my experience did not match the claim that the seller threw in a spare cable posting this after a month of use
2542,test,scope_short,1,i would tell a friend that the carrying case is genuinely useful bought the black version
2543,train,scope_short,1,bought during the autumn sale it is true that the sound is surprisingly rich bought the black version
2544,test,scope_short,0,the other reviews were not correct that the colour matches the product photos
2545,test,scope_short,0,my experience matched the claim that delivery was nine days late with no notice model number lc four seven five
2546,train,scope_short,0,buying for a home office i can honestly say that it disconnects from my laptop constantly bought the black version
2547,test,scope_short,1,i will confirm that the warranty claim took three minutes online
2548,val,scope_short,1,for reference it is true that the companion app is responsive and clean ordered through the app
2549,train,scope_short,0,bought during the autumn sale it is true that the return label cost me twelve dollars ordered through the app
2550,train,scope_short,0,bought during the autumn sale i would never tell a friend that delivery arrived a day early model number lc four seven five
2551,train,scope_short,0,it is true that the seller shipped the wrong variant ordered through the app
2552,train,scope_short,0,i would tell a friend that the sound is tinny at any volume ordered through the app
2553,test,scope_short,1,for reference my experience matched the claim that it charges fully in about an hour
2554,train,scope_short,0,second one i have bought it is not true that setup took under five minutes bought the black version
2555,train,scope_short,1,my experience did not match the claim that the firmware update bricked the unit posting this after a month of use
2556,train,scope_short,0,shipped to a uk address i can not honestly say that the carrying case is genuinely useful
2557,train,scope_short,0,shipped to a uk address i can not honestly say that the colour matches the product photos model number lc four seven five
2558,train,scope_short,1,for reference my experience did not match the claim that the fabric pilled after a single wash posting this after a month of use
2559,test,scope_short,0,bought during the autumn sale it is true that the fabric pilled after a single wash
2560,test,scope_short,0,for reference i can not honestly say that the sound is surprisingly rich
2561,test,scope_short,0,second one i have bought i would tell a friend that the hinge went loose within a month happy to answer questions
2562,test,scope_short,1,second one i have bought i would tell a friend that the sound is surprisingly rich model number lc four seven five
2563,test,scope_short,1,for reference my experience matched the claim that the price is unbeatable for this spec model number lc four seven five
2564,train,scope_short,0,for reference i will confirm that it stopped charging after three weeks bought the black version
2565,test,scope_short,1,i would never tell a friend that customer service put me on hold for an hour ordered through the app
2566,test,scope_short,0,second one i have bought the other reviews were correct that the companion app crashes on every launch model number lc four seven five
2567,train,scope_short,1,i would never tell a friend that the hinge went loose within a month
2568,val,scope_short,0,second one i have bought i can not honestly say that the seller threw in a spare cable bought the black version
2569,val,scope_short,1,i would tell a friend that the companion app is responsive and clean posting this after a month of use
2570,train,scope_short,0,second one i have bought my experience matched the claim that the sound is tinny at any volume
2571,train,scope_short,0,it is true that the firmware update bricked the unit model number lc four seven five
2572,train,scope_short,1,i can not honestly say that the carrying case tore at the seam
2573,test,scope_short,1,it is true that the mounting bracket lines up perfectly
2574,test,scope_short,1,ordered this in june i can not honestly say that it disconnects from my laptop constantly happy to answer questions
2575,test,scope_short,1,for reference my experience did not match the claim that it stopped charging after three weeks model number lc four seven five
2576,train,scope_short,0,second one i have bought i can honestly say that it cracked from a knock off the desk
2577,train,scope_short,0,the other reviews were not correct that delivery arrived a day early posting this after a month of use
2578,train,scope_short,1,i would tell a friend that the sound is surprisingly rich bought the black version
2579,val,scope_short,1,i can not honestly say that the price went up the day after i ordered bought the black version
2580,train,scope_short,1,it is true that the printed instructions were clear and short ordered through the app
2581,train,scope_short,1,second one i have bought my experience did not match the claim that support never replied to my ticket ordered through the app
2582,val,scope_short,1,it is true that it survived a drop onto concrete bought the black version
2583,val,scope_short,0,i can honestly say that it stopped charging after three weeks happy to answer questions
2584,train,scope_short,1,i can honestly say that it survived a drop onto concrete
2585,test,scope_short,0,shipped to a uk address i will confirm that the stitching came apart at the corner
2586,train,scope_short,0,replacing a five year old unit the other reviews were not correct that the price is unbeatable for this spec bought the black version
2587,train,scope_short,1,my experience did not match the claim that setup took me most of an afternoon
2588,train,scope_short,1,ordered this in june my experience matched the claim that the screen is bright and crisp
2589,test,scope_short,1,i can honestly say that it pairs with my laptop instantly
2590,train,scope_short,0,for reference my experience did not match the claim that the stitching is even all the way round bought the black version
2591,train,scope_short,1,for reference i will confirm that it pairs with my laptop instantly updating this review later
2592,train,scope_short,1,it is not true that the hinge went loose within a month happy to answer questions
2593,train,scope_short,1,bought during the autumn sale i will confirm that the seller threw in a spare cable updating this review later
2594,test,scope_short,0,replacing a five year old unit the other reviews were not correct that the price is unbeatable for this spec
2595,val,scope_short,0,it is not true that customer service refunded me the same day model number lc four seven five
2596,train,scope_short,1,replacing a five year old unit i can honestly say that the battery easily lasts two days
2597,test,scope_short,1,i have used it daily since march i can honestly say that the return label was already in the box happy to answer questions
2598,test,scope_short,1,i will confirm that the mounting bracket lines up perfectly updating this review later
2599,train,scope_short,0,for reference it is not true that the weight is far lower than i expected
2600,test,scope_short,1,i have used it daily since march my experience matched the claim that the mounting bracket lines up perfectly posting this after a month of use
2601,train,scope_short,0,buying for a home office my experience matched the claim that setup took me most of an afternoon model number lc four seven five
2602,test,scope_short,1,buying for a home office the other reviews were not correct that it disconnects from my laptop constantly will report back after the winter
2603,train,scope_short,0,buying for a home office the other reviews were correct that support never replied to my ticket model number lc four seven five
2604,train,scope_short,0,replacing a five year old unit it is true that the weight makes it useless for travel bought the black version
2605,train,scope_short,1,second one i have bought my experience matched the claim that the fabric held up after ten washes
2606,train,scope_short,0,ordered this in june i can honestly say that the keys started sticking almost immediately happy to answer questions
2607,train,scope_short,1,i have used it daily since march i would tell a friend that support answered within an hour will report back after the winter
2608,train,scope_short,0,my experience matched the claim that the seller shipped the wrong variant
2609,test,scope_short,0,for reference i will not confirm that the stitching is even all the way round
2610,train,scope_short,0,second one i have bought i will confirm that the firmware update bricked the unit updating this review later
2611,train,scope_short,0,it is true that the keys started sticking almost immediately happy to answer questions
2612,test,scope_short,1,i will not confirm that the carrying case tore at the seam
2613,train,scope_short,1,the other reviews were correct that delivery arrived a day early bought the black version
2614,train,scope_short,1,ordered this in june it is not true that the warranty claim has been open for six weeks happy to answer questions
2615,test,scope_short,0,i will not confirm that the carrying case is genuinely useful happy to answer questions
2616,test,scope_short,1,bought during the autumn sale i will not confirm that the weight makes it useless for travel bought the black version
2617,test,scope_short,1,ordered this in june it is true that setup took under five minutes happy to answer questions
2618,train,scope_short,0,second one i have bought i would tell a friend that the colour is nothing like the product photos
2619,test,scope_short,0,second one i have bought i can honestly say that the carrying case tore at the seam
2620,test,scope_short,0,second one i have bought my experience did not match the claim that the return label was already in the box posting this after a month of use
2621,train,scope_short,1,it is true that delivery arrived a day early posting this after a month of use
2622,train,scope_short,1,it is not true that the colour is nothing like the product photos
2623,train,scope_short,0,the other reviews were not correct that the build quality feels premium
2624,train,scope_short,1,my experience did not match the claim that the seller shipped the wrong variant
2625,train,scope_short,1,i have used it daily since march i would never tell a friend that the mounting bracket snapped under load updating this review later
2626,test,scope_short,1,replacing a five year old unit my experience did not match the claim that the firmware update bricked the unit happy to answer questions
2627,train,scope_short,1,bought during the autumn sale i would tell a friend that the price is unbeatable for this spec
2628,val,scope_short,1,buying for a home office it is not true that the printed instructions were one unreadable page will report back after the winter
2629,test,scope_short,0,the other reviews were correct that the weight makes it useless for travel
2630,train,scope_short,0,second one i have bought my experience matched the claim that it stopped charging after three weeks will report back after the winter
2631,train,scope_short,0,shipped to a uk address it is not true that support answered within an hour updating this review later
2632,train,scope_short,1,bought during the autumn sale it is true that the keys have a satisfying travel will report back after the winter
2633,train,scope_short,1,the other reviews were correct that customer service refunded me the same day bought the black version
2634,train,scope_short,0,second one i have bought i will not confirm that the colour matches the product photos bought the black version
2635,train,scope_short,1,buying for a home office i can honestly say that the weight is far lower than i expected model number lc four seven five
2636,test,scope_short,1,ordered this in june i would never tell a friend that the companion app crashes on every launch
2637,train,scope_short,1,ordered this in june it is not true that the return label cost me twelve dollars happy to answer questions
2638,val,scope_short,1,buying for a home office the other reviews were correct that the carrying case is genuinely useful bought the black version
2639,test,scope_short,1,ordered this in june it is true that the mounting bracket lines up perfectly bought the black version
2640,val,scope_short,0,second one i have bought i can not honestly say that delivery arrived a day early bought the black version
2641,train,scope_short,1,second one i have bought it is not true that the printed instructions were one unreadable page will report back after the winter
2642,train,scope_short,1,replacing a five year old unit i would never tell a friend that the firmware update bricked the unit
2643,train,scope_short,1,i have used it daily since march it is true that setup took under five minutes updating this review later
2644,train,scope_short,1,i would tell a friend that the mounting bracket lines up perfectly
2645,train,scope_short,0,i will confirm that the return label cost me twelve dollars ordered through the app
2646,test,scope_short,1,it is true that the warranty claim took three minutes online
2647,val,scope_short,0,for reference the other reviews were not correct that the sound is surprisingly rich
2648,train,scope_short,1,replacing a five year old unit the other reviews were correct that the warranty claim took three minutes online
2649,train,scope_short,1,i would tell a friend that it survived a drop onto concrete
2650,train,scope_short,1,the other reviews were not correct that the colour is nothing like the product photos
2651,train,scope_short,0,for reference the other reviews were correct that it disconnects from my laptop constantly posting this after a month of use
2652,train,scope_short,0,i have used it daily since march the other reviews were not correct that the carrying case is genuinely useful
2653,test,scope_short,1,second one i have bought i can not honestly say that it cracked from a knock off the desk
2654,train,scope_short,1,shipped to a uk address i will confirm that the carrying case is genuinely useful
2655,train,scope_short,0,i would tell a friend that the price went up the day after i ordered happy to answer questions
2656,train,scope_short,1,i would never tell a friend that the warranty claim has been open for six weeks bought the black version
2657,val,scope_short,0,replacing a five year old unit i can not honestly say that it pairs with my laptop instantly
2658,test,scope_short,0,replacing a five year old unit the other reviews were not correct that it charges fully in about an hour
2659,test,scope_short,1,the other reviews were not correct that the stitching came apart at the corner model number lc four seven five
2660,train,scope_short,1,shipped to a uk address i would never tell a friend that the firmware update bricked the unit
2661,train,scope_short,0,it is true that setup took me most of an afternoon will report back after the winter
2662,test,scope_short,0,i have used it daily since march my experience did not match the claim that the screen is bright and crisp ordered through the app
2663,test,scope_short,1,ordered this in june the other reviews were not correct that the carrying case tore at the seam
2664,train,scope_short,0,replacing a five year old unit i will confirm that delivery was nine days late with no notice posting this after a month of use
2665,val,scope_short,0,it is not true that the warranty claim took three minutes online
2666,test,scope_short,0,for reference i can honestly say that the warranty claim has been open for six weeks
2667,val,scope_short,0,i have used it daily since march the other reviews were not correct that the hinge still feels tight after a year updating this review later
2668,train,scope_short,0,shipped to a uk address i will confirm that the fabric pilled after a single wash
2669,train,scope_short,0,buying for a home office it is true that the warranty claim has been open for six weeks posting this after a month of use
2670,train,scope_short,1,bought during the autumn sale i can honestly say that the return label was already in the box
2671,train,scope_short,1,i have used it daily since march my experience matched the claim that the sound is surprisingly rich will report back after the winter
2672,train,scope_short,1,shipped to a uk address i would tell a friend that setup took under five minutes posting this after a month of use
2673,train,scope_short,0,i will confirm that support never replied to my ticket model number lc four seven five
2674,train,scope_short,1,buying for a home office the other reviews were not correct that delivery was nine days late with no notice
2675,test,scope_short,0,it is not true that the build quality feels premium
2676,test,scope_short,1,my experience did not match the claim that support never replied to my ticket model number lc four seven five
2677,test,scope_short,0,shipped to a uk address i would tell a friend that the battery drains overnight while it is off ordered through the app
2678,train,scope_short,0,second one i have bought i can honestly say that the packaging arrived crushed and open model number lc four seven five
2679,train,scope_short,0,bought during the autumn sale i can honestly say that setup took me most of an afternoon
2680,train,scope_short,0,i have used it daily since march the other reviews were not correct that the keys have a satisfying travel
2681,train,scope_short,0,i can honestly say that the hinge went loose within a month ordered through the app
2682,train,scope_short,0,second one i have bought my experience did not match the claim that the sound is surprisingly rich bought the black version
2683,train,scope_short,0,for reference i would never tell a friend that it charges fully in about an hour
2684,test,scope_short,0,for reference it is not true that the colour matches the product photos posting this after a month of use
2685,test,scope_short,1,the other reviews were correct that the price is unbeatable for this spec happy to answer questions
2686,test,scope_short,1,the other reviews were correct that the warranty claim took three minutes online ordered through the app
2687,val,scope_short,0,i have used it daily since march i can honestly say that the return label cost me twelve dollars posting this after a month of use
2688,test,scope_short,1,it is not true that the price went up the day after i ordered happy to answer questions
2689,test,scope_short,1,buying for a home office i can not honestly say that the colour is nothing like the product photos
2690,train,scope_short,0,i can honestly say that setup took me most of an afternoon bought the black version
2691,train,scope_short,0,the other reviews were not correct that the seller threw in a spare cable
2692,train,scope_short,0,buying for a home office i can not honestly say that the companion app is responsive and clean posting this after a month of use
2693,train,scope_short,0,for reference my experience matched the claim that the battery drains overnight while it is off
2694,test,scope_short,0,bought during the autumn sale i can not honestly say that the stitching is even all the way round will report back after the winter
2695,train,scope_short,1,shipped to a uk address i will not confirm that delivery was nine days late with no notice will report back after the winter
2696,train,scope_short,1,i can honestly say that the mounting bracket lines up perfectly
2697,train,scope_short,0,the other reviews were correct that the seller shipped the wrong variant happy to answer questions
2698,train,scope_short,1,buying for a home office my experience did not match the claim that the fit runs two sizes small will report back after the winter
2699,train,scope_short,1,shipped to a uk address i would never tell a friend that the keys started sticking almost immediately
2700,train,scope_short,1,shipped to a uk address the other reviews were correct that customer service refunded me the same day
2701,val,scope_short,0,i have used it daily since march my experience matched the claim that the firmware update bricked the unit
2702,test,scope_short,0,bought during the autumn sale i would never tell a friend that the weight is far lower than i expected model number lc four seven five
2703,train,scope_short,1,ordered this in june it is not true that the packaging arrived crushed and open updating this review later
2704,train,scope_short,0,i have used it daily since march i would tell a friend that the colour is nothing like the product photos ordered through the app
2705,train,scope_short,0,buying for a home office i will confirm that the hinge went loose within a month happy to answer questions
2706,val,scope_short,1,buying for a home office the other reviews were not correct that the printed instructions were one unreadable page bought the black version
2707,train,scope_short,1,the other reviews were not correct that the printed instructions were one unreadable page updating this review later
2708,test,scope_short,0,buying for a home office i would never tell a friend that customer service refunded me the same day posting this after a month of use
2709,train,scope_short,0,it is not true that the battery easily lasts two days ordered through the app
2710,train,scope_short,0,i have used it daily since march i would tell a friend that the fit runs two sizes small updating this review later
2711,val,scope_short,1,ordered this in june i will confirm that the hinge still feels tight after a year updating this review later
2712,train,scope_short,0,for reference i will confirm that the warranty claim has been open for six weeks
2713,train,scope_short,1,bought during the autumn sale my experience did not match the claim that the price went up the day after i ordered ordered through the app
2714,test,scope_short,1,i have used it daily since march i will not confirm that the mounting bracket snapped under load
2715,train,scope_short,1,i have used it daily since march i can honestly say that the price is unbeatable for this spec ordered through the app
2716,train,scope_short,0,i have used it daily since march it is true that customer service put me on hold for an hour happy to answer questions
2717,train,scope_short,0,the other reviews were correct that setup took me most of an afternoon happy to answer questions
2718,train,scope_short,0,i can honestly say that the colour is nothing like the product photos
2719,val,scope_short,1,i have used it daily since march it is true that the companion app is responsive and clean
2720,test,scope_short,0,i can not honestly say that the return label was already in the box
2721,train,scope_short,1,for reference i can not honestly say that setup took me most of an afternoon ordered through the app
2722,train,scope_short,0,for reference i can honestly say that the stitching came apart at the corner happy to answer questions
2723,train,scope_short,1,for reference i can honestly say that the keys have a satisfying travel posting this after a month of use
2724,train,scope_short,0,ordered this in june it is true that the packaging arrived crushed and open posting this after a month of use
2725,train,scope_short,0,ordered this in june i can honestly say that the seller shipped the wrong variant
2726,train,scope_short,0,bought during the autumn sale i would tell a friend that the companion app crashes on every launch
2727,train,scope_short,0,shipped to a uk address the other reviews were not correct that customer service refunded me the same day ordered through the app
2728,train,scope_short,0,bought during the autumn sale the other reviews were not correct that it pairs with my laptop instantly
2729,train,scope_short,1,i have used it daily since march i can honestly say that the printed instructions were clear and short model number lc four seven five
2730,train,scope_short,1,for reference my experience did not match the claim that the hinge went loose within a month
2731,train,scope_short,1,bought during the autumn sale it is not true that the seller shipped the wrong variant updating this review later
2732,train,scope_short,0,second one i have bought i would never tell a friend that the price is unbeatable for this spec posting this after a month of use
2733,test,scope_short,1,the other reviews were correct that the fabric held up after ten washes ordered through the app
2734,test,scope_short,0,shipped to a uk address my experience did not match the claim that support answered within an hour ordered through the app
2735,train,scope_short,1,second one i have bought i will confirm that the build quality feels premium
2736,train,scope_short,1,for reference the other reviews were correct that the battery easily lasts two days
2737,train,scope_short,0,my experience did not match the claim that it pairs with my laptop instantly bought the black version
2738,val,scope_short,0,i will confirm that the firmware update bricked the unit
2739,val,scope_short,0,i have used it daily since march i will confirm that the warranty claim has been open for six weeks updating this review later
2740,train,scope_short,0,i will not confirm that it charges fully in about an hour
2741,test,scope_short,0,for reference my experience did not match the claim that the screen is bright and crisp
2742,train,scope_short,0,replacing a five year old unit the other reviews were correct that delivery was nine days late with no notice
2743,train,scope_short,0,i have used it daily since march i would never tell a friend that the mounting bracket lines up perfectly posting this after a month of use
2744,val,scope_short,0,for reference my experience matched the claim that the companion app crashes on every launch
2745,test,scope_short,1,ordered this in june the other reviews were not correct that the companion app crashes on every launch posting this after a month of use
2746,train,scope_short,0,i have used it daily since march i can honestly say that the return label cost me twelve dollars bought the black version
2747,val,scope_short,0,i can not honestly say that the keys have a satisfying travel
2748,val,scope_short,1,i would tell a friend that the screen is bright and crisp
2749,test,scope_short,0,bought during the autumn sale it is true that the packaging arrived crushed and open will report back after the winter
2750,train,scope_short,0,it is true that delivery was nine days late with no notice
2751,test,scope_short,0,replacing a five year old unit i will confirm that the keys started sticking almost immediately model number lc four seven five
2752,train,scope_short,1,i would never tell a friend that the carrying case tore at the seam model number lc four seven five
2753,test,scope_short,0,bought during the autumn sale it is not true that support answered within an hour updating this review later
2754,train,scope_short,1,bought during the autumn sale i can not honestly say that the carrying case tore at the seam happy to answer questions
2755,train,scope_short,0,it is not true that the seller threw in a spare cable updating this review later
2756,test,scope_short,1,i would never tell a friend that the sound is tinny at any volume
2757,test,scope_short,0,i would tell a friend that the carrying case tore at the seam
2758,test,scope_short,1,replacing a five year old unit i would never tell a friend that setup took me most of an afternoon happy to answer questions
2759,train,scope_short,0,my experience matched the claim that the colour is nothing like the product photos ordered through the app
2760,val,scope_short,1,replacing a five year old unit my experience matched the claim that the price is unbeatable for this spec model number lc four seven five
2761,train,scope_short,1,i have used it daily since march it is not true that customer service put me on hold for an hour updating this review later
2762,train,scope_short,1,buying for a home office i will confirm that the companion app is responsive and clean
2763,train,scope_short,1,ordered this in june i can honestly say that the packaging was neat and fully recyclable posting this after a month of use
2764,train,scope_short,1,i will not confirm that the keys started sticking almost immediately model number lc four seven five
2765,train,scope_short,0,buying for a home office the other reviews were correct that setup took me most of an afternoon
2766,val,scope_short,0,for reference i will not confirm that the keys have a satisfying travel posting this after a month of use
2767,train,scope_short,0,bought during the autumn sale my experience did not match the claim that delivery arrived a day early
2768,train,scope_short,1,shipped to a uk address the other reviews were not correct that the warranty claim has been open for six weeks
2769,val,scope_short,1,i have used it daily since march i would tell a friend that the fabric held up after ten washes ordered through the app
2770,val,scope_short,0,my experience matched the claim that it disconnects from my laptop constantly
2771,train,scope_short,0,bought during the autumn sale i will confirm that the fabric pilled after a single wash model number lc four seven five
2772,val,scope_short,1,i can honestly say that the price is unbeatable for this spec
2773,train,scope_short,0,i will confirm that it disconnects from my laptop constantly model number lc four seven five
2774,train,scope_short,0,my experience did not match the claim that the fit is exactly as described posting this after a month of use
2775,train,scope_short,1,the other reviews were correct that the weight is far lower than i expected bought the black version
2776,val,scope_short,1,bought during the autumn sale i will confirm that it pairs with my laptop instantly
2777,test,scope_short,0,i have used it daily since march i would tell a friend that the build quality feels cheap in the hand
2778,train,scope_short,0,buying for a home office i would tell a friend that setup took me most of an afternoon updating this review later
2779,test,scope_short,0,for reference i can not honestly say that the keys have a satisfying travel will report back after the winter
2780,val,scope_short,1,bought during the autumn sale my experience did not match the claim that setup took me most of an afternoon bought the black version
2781,train,scope_short,1,my experience matched the claim that it charges fully in about an hour happy to answer questions
2782,test,scope_short,1,i can honestly say that the fabric held up after ten washes bought the black version
2783,test,scope_short,0,bought during the autumn sale it is not true that the return label was already in the box model number lc four seven five
2784,test,scope_short,1,i have used it daily since march i would tell a friend that the mounting bracket lines up perfectly bought the black version
2785,train,scope_short,1,shipped to a uk address i would never tell a friend that the companion app crashes on every launch happy to answer questions
2786,test,scope_short,1,i will confirm that the firmware update installed without a hitch model number lc four seven five
2787,test,scope_short,0,replacing a five year old unit i would tell a friend that the colour is nothing like the product photos
2788,train,scope_short,0,for reference i would tell a friend that the packaging arrived crushed and open happy to answer questions
2789,test,scope_short,1,i have used it daily since march my experience matched the claim that the build quality feels premium
2790,train,scope_short,1,i can not honestly say that the battery drains overnight while it is off
2791,train,scope_short,1,replacing a five year old unit i would never tell a friend that the screen developed a dead pixel in week two will report back after the winter
2792,val,scope_short,1,i have used it daily since march i would tell a friend that the hinge still feels tight after a year posting this after a month of use
2793,train,scope_short,1,ordered this in june it is not true that the fit runs two sizes small bought the black version
2794,test,scope_short,1,bought during the autumn sale it is not true that the hinge went loose within a month
2795,val,scope_short,0,the other reviews were correct that the screen developed a dead pixel in week two
2796,train,scope_short,1,i have used it daily since march i can honestly say that the fit is exactly as described posting this after a month of use
2797,val,scope_short,0,the other reviews were correct that it stopped charging after three weeks
2798,test,scope_short,1,the other reviews were correct that the return label was already in the box posting this after a month of use
2799,val,scope_short,1,shipped to a uk address my experience did not match the claim that the firmware update bricked the unit bought the black version
2800,test,scope_short,0,i can not honestly say that the price is unbeatable for this spec
2801,train,scope_short,1,buying for a home office i can honestly say that the price is unbeatable for this spec
2802,train,scope_short,1,bought during the autumn sale it is true that the stitching is even all the way round model number lc four seven five
2803,train,scope_short,1,the other reviews were correct that the mounting bracket lines up perfectly model number lc four seven five
2804,test,scope_short,0,shipped to a uk address my experience matched the claim that the hinge went loose within a month will report back after the winter
2805,test,scope_short,0,for reference i would never tell a friend that the warranty claim took three minutes online updating this review later
2806,train,scope_short,1,i would never tell a friend that the hinge went loose within a month ordered through the app
2807,train,scope_short,0,for reference it is not true that the weight is far lower than i expected bought the black version
2808,test,scope_short,0,buying for a home office my experience matched the claim that the keys started sticking almost immediately happy to answer questions
2809,test,scope_short,0,replacing a five year old unit it is true that the keys started sticking almost immediately
2810,train,scope_short,1,buying for a home office i would never tell a friend that the weight makes it useless for travel
2811,train,scope_short,0,bought during the autumn sale i can honestly say that it disconnects from my laptop constantly bought the black version
2812,train,scope_short,0,buying for a home office i can not honestly say that the colour matches the product photos
2813,train,scope_short,0,replacing a five year old unit i will not confirm that the carrying case is genuinely useful updating this review later
2814,train,scope_short,0,second one i have bought my experience matched the claim that the hinge went loose within a month
2815,train,scope_short,1,second one i have bought i can not honestly say that the hinge went loose within a month will report back after the winter
2816,test,scope_short,1,shipped to a uk address i would never tell a friend that the screen developed a dead pixel in week two
2817,test,scope_short,1,shipped to a uk address i will confirm that the price is unbeatable for this spec ordered through the app
2818,test,scope_short,1,second one i have bought i can not honestly say that the weight makes it useless for travel bought the black version
2819,val,scope_short,1,my experience did not match the claim that delivery was nine days late with no notice
2820,train,scope_short,1,second one i have bought it is not true that the sound is tinny at any volume happy to answer questions
2821,train,scope_short,1,ordered this in june it is true that the mounting bracket lines up perfectly model number lc four seven five
2822,train,scope_short,1,i have used it daily since march i will not confirm that the warranty claim has been open for six weeks
2823,train,scope_short,1,bought during the autumn sale i would never tell a friend that the keys started sticking almost immediately
2824,train,scope_short,1,shipped to a uk address i can honestly say that the battery easily lasts two days model number lc four seven five
2825,test,scope_short,1,i can not honestly say that the printed instructions were one unreadable page
2826,train,scope_short,1,i would never tell a friend that the warranty claim has been open for six weeks
2827,train,scope_short,1,i will not confirm that the battery drains overnight while it is off
2828,test,scope_short,1,buying for a home office i can honestly say that it charges fully in about an hour
2829,train,scope_short,0,replacing a five year old unit my experience matched the claim that the seller shipped the wrong variant model number lc four seven five
2830,train,scope_short,0,for reference the other reviews were not correct that support answered within an hour
2831,train,scope_short,1,it is true that the seller threw in a spare cable
2832,val,scope_short,1,buying for a home office i would never tell a friend that the mounting bracket snapped under load model number lc four seven five
2833,train,scope_short,0,ordered this in june i would never tell a friend that the warranty claim took three minutes online updating this review later
2834,train,scope_short,1,it is not true that the seller shipped the wrong variant updating this review later
2835,train,scope_short,0,replacing a five year old unit my experience did not match the claim that the fabric held up after ten washes
2836,train,scope_short,0,it is not true that it charges fully in about an hour updating this review later
2837,train,scope_short,0,ordered this in june it is true that the fit runs two sizes small
2838,test,scope_short,1,i will confirm that the price is unbeatable for this spec posting this after a month of use
2839,test,scope_short,1,bought during the autumn sale the other reviews were correct that the weight is far lower than i expected model number lc four seven five
2840,train,scope_short,0,my experience did not match the claim that the screen is bright and crisp
2841,train,scope_short,1,the other reviews were not correct that setup took me most of an afternoon bought the black version
2842,val,scope_short,0,the other reviews were correct that support never replied to my ticket happy to answer questions
2843,train,scope_short,1,bought during the autumn sale it is true that customer service refunded me the same day posting this after a month of use
2844,train,scope_short,1,i have used it daily since march the other reviews were correct that the sound is surprisingly rich updating this review later
2845,test,scope_short,1,the other reviews were correct that the keys have a satisfying travel updating this review later
2846,train,scope_short,1,i have used it daily since march the other reviews were not correct that the fabric pilled after a single wash ordered through the app
2847,train,scope_short,1,it is not true that the mounting bracket snapped under load posting this after a month of use
2848,train,scope_short,0,ordered this in june i can not honestly say that the colour matches the product photos
2849,test,scope_short,1,for reference my experience matched the claim that the fit is exactly as described
2850,train,scope_short,0,the other reviews were not correct that it charges fully in about an hour updating this review later
2851,test,scope_short,1,for reference i would never tell a friend that it cracked from a knock off the desk ordered through the app
2852,train,scope_short,0,for reference i will confirm that the seller shipped the wrong variant updating this review later
2853,test,scope_short,1,i will confirm that the mounting bracket lines up perfectly posting this after a month of use
2854,test,scope_short,0,i have used it daily since march the other reviews were not correct that the fabric held up after ten washes ordered through the app
2855,train,scope_short,0,shipped to a uk address it is true that the packaging arrived crushed and open
2856,test,scope_short,0,my experience did not match the claim that the keys have a satisfying travel
2857,train,scope_short,0,buying for a home office i would tell a friend that the battery drains overnight while it is off
2858,train,scope_short,0,buying for a home office my experience matched the claim that the weight makes it useless for travel
2859,test,scope_short,0,buying for a home office i will not confirm that the weight is far lower than i expected
2860,train,scope_short,0,replacing a five year old unit i would tell a friend that the weight makes it useless for travel model number lc four seven five
2861,train,scope_short,1,i can not honestly say that the carrying case tore at the seam happy to answer questions
2862,train,scope_short,1,replacing a five year old unit i would never tell a friend that the companion app crashes on every launch
2863,train,scope_short,1,i have used it daily since march i would never tell a friend that the weight makes it useless for travel ordered through the app
2864,test,scope_short,0,replacing a five year old unit the other reviews were not correct that the warranty claim took three minutes online bought the black version
2865,train,scope_short,0,second one i have bought it is not true that the printed instructions were clear and short will report back after the winter
2866,test,scope_short,0,shipped to a uk address my experience did not match the claim that it pairs with my laptop instantly
2867,test,scope_short,1,second one i have bought i would tell a friend that the carrying case is genuinely useful will report back after the winter
2868,test,scope_short,0,for reference it is true that the seller shipped the wrong variant happy to answer questions
2869,test,scope_short,0,for reference the other reviews were correct that support never replied to my ticket
2870,train,scope_short,0,i have used it daily since march i can not honestly say that it pairs with my laptop instantly model number lc four seven five
2871,train,scope_short,1,buying for a home office i would tell a friend that the stitching is even all the way round will report back after the winter
2872,train,scope_short,0,replacing a five year old unit my experience did not match the claim that the return label was already in the box
2873,train,scope_short,0,second one i have bought my experience did not match the claim that the colour matches the product photos
2874,test,scope_short,0,i will not confirm that the fabric held up after ten washes
2875,test,scope_short,1,replacing a five year old unit i will not confirm that the sound is tinny at any volume ordered through the app
2876,train,scope_short,1,bought during the autumn sale the other reviews were not correct that setup took me most of an afternoon
2877,test,scope_short,0,i would never tell a friend that the seller threw in a spare cable
2878,train,scope_short,1,shipped to a uk address my experience matched the claim that the carrying case is genuinely useful
2879,test,scope_short,1,shipped to a uk address my experience matched the claim that the warranty claim took three minutes online happy to answer questions
2880,test,scope_short,0,replacing a five year old unit i would tell a friend that the build quality feels cheap in the hand
2881,train,scope_short,1,i would never tell a friend that the companion app crashes on every launch updating this review later
2882,train,scope_short,1,the other reviews were correct that it pairs with my laptop instantly bought the black version
2883,test,scope_short,0,buying for a home office i will not confirm that the keys have a satisfying travel
2884,train,scope_short,1,i can honestly say that setup took under five minutes
2885,train,scope_short,0,i have used it daily since march it is true that the return label cost me twelve dollars ordered through the app
2886,train,scope_short,0,second one i have bought it is not true that the mounting bracket lines up perfectly happy to answer questions
2887,train,scope_short,1,ordered this in june i can not honestly say that the carrying case tore at the seam
2888,train,scope_short,1,shipped to a uk address i can not honestly say that the keys started sticking almost immediately bought the black version
2889,train,scope_short,1,i have used it daily since march it is true that delivery arrived a day early ordered through the app
2890,train,scope_short,0,buying for a home office it is not true that the firmware update installed without a hitch happy to answer questions
2891,train,scope_short,0,i would never tell a friend that it pairs with my laptop instantly happy to answer questions
2892,train,scope_short,1,i will not confirm that delivery was nine days late with no notice
2893,test,scope_short,0,i will not confirm that the price is unbeatable for this spec posting this after a month of use
2894,train,scope_short,1,shipped to a uk address the other reviews were correct that the hinge still feels tight after a year
2895,train,scope_short,1,shipped to a uk address it is not true that the printed instructions were one unreadable page bought the black version
2896,train,scope_short,1,i would tell a friend that customer service refunded me the same day will report back after the winter
2897,train,scope_short,0,buying for a home office i can not honestly say that the keys have a satisfying travel updating this review later
2898,val,scope_short,1,second one i have bought i will not confirm that the build quality feels cheap in the hand bought the black version
2899,train,scope_short,1,second one i have bought it is true that the price is unbeatable for this spec posting this after a month of use
2900,test,scope_short,1,i have used it daily since march it is not true that the sound is tinny at any volume
2901,val,scope_short,1,shipped to a uk address i will confirm that customer service refunded me the same day
2902,train,scope_short,0,my experience matched the claim that the build quality feels cheap in the hand bought the black version
2903,train,scope_short,1,i will confirm that it pairs with my laptop instantly updating this review later
2904,val,scope_short,1,replacing a five year old unit i can not honestly say that it cracked from a knock off the desk model number lc four seven five
2905,train,scope_short,0,replacing a five year old unit the other reviews were correct that delivery was nine days late with no notice posting this after a month of use
2906,test,scope_short,1,replacing a five year old unit i will not confirm that the companion app crashes on every launch bought the black version
2907,train,scope_short,1,i have used it daily since march i will confirm that the stitching is even all the way round model number lc four seven five
2908,test,scope_short,0,i will not confirm that the seller threw in a spare cable
2909,train,scope_short,0,bought during the autumn sale my experience matched the claim that setup took me most of an afternoon happy to answer questions
2910,train,scope_short,1,replacing a five year old unit my experience did not match the claim that the carrying case tore at the seam updating this review later
2911,train,scope_short,1,for reference i will confirm that support answered within an hour
2912,train,scope_short,0,second one i have bought it is not true that the screen is bright and crisp happy to answer questions
2913,test,scope_short,1,shipped to a uk address i will not confirm that the seller shipped the wrong variant
2914,train,scope_short,0,buying for a home office my experience did not match the claim that the companion app is responsive and clean
2915,train,scope_short,1,my experience did not match the claim that the fit runs two sizes small
2916,train,scope_short,0,i can not honestly say that the return label was already in the box updating this review later
2917,train,scope_short,0,for reference i will confirm that the companion app crashes on every launch
2918,test,scope_short,1,ordered this in june i would never tell a friend that the firmware update bricked the unit happy to answer questions
2919,train,scope_short,1,i would tell a friend that it survived a drop onto concrete happy to answer questions
2920,test,scope_short,1,the other reviews were not correct that the return label cost me twelve dollars
2921,test,scope_short,0,i have used it daily since march i can not honestly say that delivery arrived a day early ordered through the app
2922,train,scope_short,1,it is not true that setup took me most of an afternoon
2923,test,scope_short,1,ordered this in june my experience matched the claim that the hinge still feels tight after a year
2924,train,scope_short,0,i would tell a friend that the packaging arrived crushed and open model number lc four seven five
2925,test,scope_short,1,the other reviews were correct that the mounting bracket lines up perfectly bought the black version
2926,train,scope_short,0,i would never tell a friend that the keys have a satisfying travel happy to answer questions
2927,train,scope_short,0,the other reviews were correct that the carrying case tore at the seam updating this review later
2928,test,scope_short,1,it is true that the build quality feels premium will report back after the winter
2929,val,scope_short,0,it is not true that the fabric held up after ten washes ordered through the app
2930,train,scope_short,1,shipped to a uk address the other reviews were not correct that support never replied to my ticket model number lc four seven five
2931,test,scope_short,1,buying for a home office the other reviews were correct that it charges fully in about an hour posting this after a month of use
2932,test,scope_short,1,it is true that the fabric held up after ten washes
2933,test,scope_short,1,bought during the autumn sale my experience matched the claim that the weight is far lower than i expected
2934,train,scope_short,0,for reference my experience did not match the claim that it survived a drop onto concrete happy to answer questions
2935,train,scope_short,1,replacing a five year old unit i can not honestly say that the printed instructions were one unreadable page posting this after a month of use
2936,test,scope_short,1,second one i have bought the other reviews were correct that the screen is bright and crisp will report back after the winter
2937,train,scope_short,1,my experience did not match the claim that the price went up the day after i ordered bought the black version
2938,train,scope_short,1,i have used it daily since march i can honestly say that the seller threw in a spare cable happy to answer questions
2939,train,scope_short,0,i have used it daily since march the other reviews were correct that the mounting bracket snapped under load ordered through the app
2940,train,scope_short,0,for reference i would never tell a friend that the companion app is responsive and clean will report back after the winter
2941,val,scope_short,1,ordered this in june i can honestly say that customer service refunded me the same day ordered through the app
2942,train,scope_short,0,shipped to a uk address the other reviews were correct that the carrying case tore at the seam posting this after a month of use
2943,train,scope_short,1,the other reviews were not correct that the fit runs two sizes small
2944,val,scope_short,0,replacing a five year old unit i will not confirm that the seller threw in a spare cable updating this review later
2945,train,scope_short,0,second one i have bought i would never tell a friend that it survived a drop onto concrete model number lc four seven five
2946,train,scope_short,1,i will not confirm that the battery drains overnight while it is off happy to answer questions
2947,test,scope_short,0,i would never tell a friend that the packaging was neat and fully recyclable
2948,train,scope_short,1,buying for a home office i would never tell a friend that the fit runs two sizes small
2949,test,scope_short,0,replacing a five year old unit i would tell a friend that the price went up the day after i ordered
2950,val,scope_short,0,second one i have bought i would never tell a friend that the hinge still feels tight after a year happy to answer questions
2951,test,scope_short,0,replacing a five year old unit the other reviews were correct that the printed instructions were one unreadable page ordered through the app
2952,train,scope_short,1,buying for a home office i can not honestly say that the mounting bracket snapped under load bought the black version
2953,test,scope_short,1,it is true that the keys have a satisfying travel happy to answer questions
2954,train,scope_short,0,replacing a five year old unit i will confirm that delivery was nine days late with no notice
2955,test,scope_short,1,shipped to a uk address i can not honestly say that delivery was nine days late with no notice
2956,train,scope_short,1,second one i have bought i would never tell a friend that the return label cost me twelve dollars model number lc four seven five
2957,test,scope_short,0,second one i have bought i would never tell a friend that the printed instructions were clear and short posting this after a month of use
2958,train,scope_short,1,shipped to a uk address my experience did not match the claim that the packaging arrived crushed and open
2959,test,scope_short,0,buying for a home office i will confirm that the packaging arrived crushed and open
2960,train,scope_short,0,replacing a five year old unit i will confirm that the carrying case tore at the seam happy to answer questions
2961,train,scope_short,1,for reference i can not honestly say that the seller shipped the wrong variant
2962,train,scope_short,0,shipped to a uk address it is not true that customer service refunded me the same day
2963,train,scope_short,0,bought during the autumn sale it is true that the carrying case tore at the seam
2964,test,scope_short,0,second one i have bought the other reviews were correct that the printed instructions were one unreadable page ordered through the app
2965,train,scope_short,1,replacing a five year old unit the other reviews were correct that the mounting bracket lines up perfectly
2966,train,scope_short,1,i have used it daily since march it is not true that delivery was nine days late with no notice updating this review later
2967,train,scope_short,1,second one i have bought the other reviews were not correct that the build quality feels cheap in the hand model number lc four seven five
2968,train,scope_short,0,my experience did not match the claim that it pairs with my laptop instantly
2969,train,scope_short,1,for reference it is true that the seller threw in a spare cable
2970,train,scope_short,1,ordered this in june i would never tell a friend that customer service put me on hold for an hour
2971,test,scope_short,1,shipped to a uk address i will confirm that the screen is bright and crisp bought the black version
2972,test,scope_short,1,second one i have bought the other reviews were correct that it pairs with my laptop instantly
2973,train,scope_short,0,for reference my experience did not match the claim that the hinge still feels tight after a year
2974,test,scope_short,1,second one i have bought i can honestly say that the companion app is responsive and clean
2975,train,scope_short,1,i will confirm that setup took under five minutes will report back after the winter
2976,train,scope_short,1,shipped to a uk address it is true that the seller threw in a spare cable bought the black version
2977,test,scope_short,0,ordered this in june my experience matched the claim that the warranty claim has been open for six weeks
2978,train,scope_short,1,my experience matched the claim that it survived a drop onto concrete
2979,test,scope_short,0,i can not honestly say that the sound is surprisingly rich
2980,train,scope_short,0,shipped to a uk address i would never tell a friend that customer service refunded me the same day ordered through the app
2981,train,scope_short,0,my experience matched the claim that the battery drains overnight while it is off model number lc four seven five
2982,train,scope_short,0,bought during the autumn sale my experience matched the claim that customer service put me on hold for an hour will report back after the winter
2983,train,scope_short,1,shipped to a uk address my experience matched the claim that it charges fully in about an hour posting this after a month of use
2984,train,scope_short,1,i would never tell a friend that the battery drains overnight while it is off updating this review later
2985,train,scope_short,1,second one i have bought it is not true that it stopped charging after three weeks model number lc four seven five
2986,test,scope_short,1,i can not honestly say that the sound is tinny at any volume will report back after the winter
2987,train,scope_short,0,i have used it daily since march i would tell a friend that the warranty claim has been open for six weeks
2988,train,scope_short,1,shipped to a uk address i would never tell a friend that the packaging arrived crushed and open model number lc four seven five
2989,train,scope_short,1,my experience did not match the claim that the firmware update bricked the unit
2990,test,scope_short,0,second one i have bought i can honestly say that the firmware update bricked the unit will report back after the winter
2991,train,scope_short,1,buying for a home office i can not honestly say that the colour is nothing like the product photos bought the black version
2992,train,scope_short,0,buying for a home office i will not confirm that the firmware update installed without a hitch
2993,test,scope_short,0,i can honestly say that the hinge went loose within a month
2994,val,scope_short,1,it is not true that the battery drains overnight while it is off will report back after the winter
2995,val,scope_short,1,i have used it daily since march i will not confirm that the printed instructions were one unreadable page
2996,train,scope_short,0,i would tell a friend that the sound is tinny at any volume happy to answer questions
2997,train,scope_short,0,ordered this in june my experience did not match the claim that the price is unbeatable for this spec
2998,train,scope_short,0,i can not honestly say that it pairs with my laptop instantly posting this after a month of use
2999,test,scope_short,0,buying for a home office the other reviews were correct that the seller shipped the wrong variant model number lc four seven five
3000,train,scope_short,1,my experience did not match the claim that customer service put me on hold for an hour
3001,test,scope_short,0,replacing a five year old unit the other reviews were correct that the companion app crashes on every launch will report back after the winter
3002,train,scope_short,0,second one i have bought i can honestly say that it stopped charging after three weeks bought the black version
3003,train,scope_short,1,bought during the autumn sale i can not honestly say that support never replied to my ticket will report back after the winter
3004,test,scope_short,1,replacing a five year old unit i will not confirm that the fit runs two sizes small updating this review later
3005,train,scope_short,0,for reference it is not true that the packaging was neat and fully recyclable
3006,val,scope_short,0,i would never tell a friend that the return label was already in the box ordered through the app
3007,train,scope_short,0,ordered this in june i will confirm that the build quality feels cheap in the hand updating this review later
3008,train,scope_short,0,for reference it is true that the price went up the day after i ordered ordered through the app
3009,train,scope_short,1,bought during the autumn sale my experience matched the claim that the keys have a satisfying travel updating this review later
3010,train,scope_short,0,i will not confirm that the stitching is even all the way round
3011,val,scope_short,0,my experience matched the claim that the mounting bracket snapped under load ordered through the app
3012,train,scope_short,1,i have used it daily since march my experience did not match the claim that the return label cost me twelve dollars model number lc four seven five
3013,train,scope_short,0,i would tell a friend that the hinge went loose within a month
3014,val,scope_short,1,shipped to a uk address it is not true that the return label cost me twelve dollars ordered through the app
3015,test,scope_short,0,second one i have bought i can honestly say that the colour is nothing like the product photos
3016,train,scope_short,1,buying for a home office the other reviews were not correct that it disconnects from my laptop constantly bought the black version
3017,val,scope_short,1,bought during the autumn sale the other reviews were not correct that the mounting bracket snapped under load ordered through the app
3018,train,scope_short,1,bought during the autumn sale i will confirm that the battery easily lasts two days happy to answer questions
3019,train,scope_short,1,bought during the autumn sale i can not honestly say that the build quality feels cheap in the hand
3020,train,scope_short,0,replacing a five year old unit i can honestly say that the seller shipped the wrong variant
3021,test,scope_short,0,buying for a home office it is true that the keys started sticking almost immediately posting this after a month of use
3022,test,scope_short,1,second one i have bought i can honestly say that the build quality feels premium
3023,train,scope_short,1,i can honestly say that the price is unbeatable for this spec ordered through the app
3024,train,scope_short,1,i would tell a friend that the warranty claim took three minutes online model number lc four seven five
3025,train,scope_short,0,i would never tell a friend that delivery arrived a day early bought the black version
3026,train,scope_short,0,ordered this in june my experience did not match the claim that the seller threw in a spare cable
3027,train,scope_short,1,ordered this in june i will not confirm that the firmware update bricked the unit
3028,train,scope_short,1,it is true that it charges fully in about an hour posting this after a month of use
3029,train,scope_short,0,replacing a five year old unit it is true that support never replied to my ticket ordered through the app
3030,train,scope_short,1,ordered this in june i will not confirm that the build quality feels cheap in the hand updating this review later
3031,train,scope_short,1,i will not confirm that it cracked from a knock off the desk updating this review later
3032,train,scope_short,1,for reference i can honestly say that the firmware update installed without a hitch happy to answer questions
3033,train,scope_short,1,bought during the autumn sale i would tell a friend that the warranty claim took three minutes online model number lc four seven five
3034,train,scope_short,1,shipped to a uk address the other reviews were not correct that the packaging arrived crushed and open ordered through the app
3035,train,scope_short,1,bought during the autumn sale i would tell a friend that delivery arrived a day early
3036,train,scope_short,0,my experience did not match the claim that support answered within an hour happy to answer questions
3037,train,scope_short,1,my experience matched the claim that the warranty claim took three minutes online
3038,train,scope_short,0,for reference i would never tell a friend that the weight is far lower than i expected posting this after a month of use
3039,train,scope_short,0,second one i have bought my experience matched the claim that the sound is tinny at any volume ordered through the app
3040,train,scope_short,0,ordered this in june my experience did not match the claim that the fabric held up after ten washes updating this review later
3041,train,scope_short,0,shipped to a uk address i would tell a friend that the hinge went loose within a month posting this after a month of use
3042,train,scope_short,1,i can honestly say that customer service refunded me the same day
3043,train,scope_short,1,i have used it daily since march my experience matched the claim that the battery easily lasts two days updating this review later
3044,train,scope_short,1,for reference i would never tell a friend that delivery was nine days late with no notice will report back after the winter
3045,test,scope_short,0,the other reviews were not correct that the hinge still feels tight after a year bought the black version
3046,val,scope_short,1,buying for a home office i can not honestly say that the fit runs two sizes small ordered through the app
3047,train,scope_short,0,second one i have bought my experience matched the claim that setup took me most of an afternoon
3048,test,scope_short,0,my experience matched the claim that the build quality feels cheap in the hand
3049,train,scope_short,0,the other reviews were not correct that the firmware update installed without a hitch updating this review later
3050,train,scope_short,1,bought during the autumn sale i can not honestly say that the packaging arrived crushed and open updating this review later
3051,test,scope_short,1,buying for a home office i can honestly say that the keys have a satisfying travel happy to answer questions
3052,test,scope_short,0,bought during the autumn sale my experience matched the claim that the printed instructions were one unreadable page
3053,train,scope_short,0,i can not honestly say that the build quality feels premium ordered through the app
3054,test,scope_short,0,for reference the other reviews were correct that the sound is tinny at any volume model number lc four seven five
3055,train,scope_short,0,shipped to a uk address i would never tell a friend that support answered within an hour
3056,train,scope_short,1,second one i have bought my experience matched the claim that the sound is surprisingly rich ordered through the app
3057,test,scope_short,0,bought during the autumn sale my experience matched the claim that the battery drains overnight while it is off model number lc four seven five
3058,train,scope_short,0,second one i have bought it is not true that the build quality feels premium updating this review later
3059,val,scope_short,0,the other reviews were not correct that the screen is bright and crisp will report back after the winter
3060,train,scope_short,0,shipped to a uk address i will not confirm that the firmware update installed without a hitch happy to answer questions
3061,train,scope_short,1,shipped to a uk address i would never tell a friend that the companion app crashes on every launch ordered through the app
3062,train,scope_short,1,for reference i will confirm that the price is unbeatable for this spec posting this after a month of use
3063,train,scope_short,0,replacing a five year old unit it is true that the companion app crashes on every launch ordered through the app
3064,train,scope_short,0,replacing a five year old unit i can not honestly say that the warranty claim took three minutes online
3065,train,scope_short,0,i have used it daily since march i would tell a friend that customer service put me on hold for an hour happy to answer questions
3066,train,scope_short,1,shipped to a uk address i will not confirm that delivery was nine days late with no notice
3067,train,scope_short,0,i have used it daily since march i would tell a friend that customer service put me on hold for an hour model number lc four seven five
3068,train,scope_short,1,second one i have bought i will not confirm that the stitching came apart at the corner posting this after a month of use
3069,train,scope_short,0,i have used it daily since march the other reviews were not correct that the battery easily lasts two days happy to answer questions
3070,test,scope_short,0,bought during the autumn sale it is true that it cracked from a knock off the desk happy to answer questions
3071,train,scope_short,1,replacing a five year old unit the other reviews were correct that the seller threw in a spare cable posting this after a month of use
3072,test,scope_short,1,for reference i will confirm that the return label was already in the box bought the black version
3073,train,scope_short,1,it is true that the build quality feels premium
3074,val,scope_short,0,for reference i can honestly say that delivery was nine days late with no notice bought the black version
3075,train,scope_short,0,replacing a five year old unit i will not confirm that the stitching is even all the way round happy to answer questions
3076,test,scope_short,1,my experience matched the claim that the seller threw in a spare cable
3077,train,scope_short,1,for reference the other reviews were correct that the weight is far lower than i expected happy to answer questions
3078,train,scope_short,0,bought during the autumn sale i will confirm that the seller shipped the wrong variant ordered through the app
3079,test,scope_short,0,buying for a home office i can honestly say that the seller shipped the wrong variant bought the black version
3080,train,scope_short,0,shipped to a uk address i will not confirm that the fabric held up after ten washes
3081,train,scope_short,1,replacing a five year old unit i will confirm that the companion app is responsive and clean ordered through the app
3082,train,scope_short,0,shipped to a uk address i will confirm that the colour is nothing like the product photos happy to answer questions
3083,train,scope_short,1,my experience did not match the claim that the seller shipped the wrong variant bought the black version
3084,test,scope_short,1,i have used it daily since march i can not honestly say that support never replied to my ticket updating this review later
3085,train,scope_short,0,for reference i would never tell a friend that the return label was already in the box
3086,train,scope_short,1,replacing a five year old unit the other reviews were not correct that customer service put me on hold for an hour ordered through the app
3087,train,scope_short,1,second one i have bought i would tell a friend that the keys have a satisfying travel
3088,test,scope_short,1,ordered this in june my experience did not match the claim that customer service put me on hold for an hour
3089,val,scope_short,1,shipped to a uk address i would never tell a friend that the packaging arrived crushed and open happy to answer questions
3090,train,scope_short,0,i would tell a friend that the battery drains overnight while it is off bought the black version
3091,train,scope_short,1,second one i have bought i will not confirm that it disconnects from my laptop constantly will report back after the winter
3092,test,scope_short,0,for reference i will not confirm that setup took under five minutes ordered through the app
3093,test,scope_short,1,the other reviews were not correct that the colour is nothing like the product photos posting this after a month of use
3094,val,scope_short,0,shipped to a uk address i would tell a friend that the stitching came apart at the corner updating this review later
3095,train,scope_short,0,ordered this in june i would never tell a friend that setup took under five minutes
3096,train,scope_short,0,the other reviews were not correct that the fabric held up after ten washes bought the black version
3097,train,scope_short,0,ordered this in june the other reviews were not correct that the carrying case is genuinely useful
3098,train,scope_short,0,my experience did not match the claim that the companion app is responsive and clean model number lc four seven five
3099,train,scope_short,1,ordered this in june it is not true that the hinge went loose within a month happy to answer questions
3100,train,scope_short,1,the other reviews were not correct that the build quality feels cheap in the hand will report back after the winter
3101,train,scope_short,1,second one i have bought it is not true that the screen developed a dead pixel in week two bought the black version
3102,train,scope_short,0,i will not confirm that the return label was already in the box bought the black version
3103,train,scope_short,1,i would never tell a friend that the carrying case tore at the seam posting this after a month of use
3104,val,scope_short,1,i have used it daily since march i would tell a friend that it pairs with my laptop instantly
3105,train,scope_short,0,my experience matched the claim that the build quality feels cheap in the hand model number lc four seven five
3106,train,scope_short,0,replacing a five year old unit it is not true that it survived a drop onto concrete model number lc four seven five
3107,train,scope_short,0,second one i have bought my experience matched the claim that it disconnects from my laptop constantly
3108,train,scope_short,1,the other reviews were not correct that the battery drains overnight while it is off
3109,train,scope_short,1,for reference it is not true that the mounting bracket snapped under load bought the black version
3110,train,scope_short,0,buying for a home office i can honestly say that the printed instructions were one unreadable page posting this after a month of use
3111,test,scope_short,0,for reference it is true that the weight makes it useless for travel happy to answer questions
3112,train,scope_short,0,second one i have bought i can not honestly say that the warranty claim took three minutes online ordered through the app
3113,val,scope_short,0,buying for a home office it is not true that the fabric held up after ten washes
3114,train,scope_short,1,my experience did not match the claim that the packaging arrived crushed and open
3115,test,scope_short,0,my experience did not match the claim that the fit is exactly as described
3116,train,scope_short,1,i will not confirm that the printed instructions were one unreadable page model number lc four seven five
3117,train,scope_short,1,ordered this in june the other reviews were correct that the companion app is responsive and clean
3118,train,scope_short,1,it is not true that the sound is tinny at any volume bought the black version
3119,train,scope_short,0,my experience did not match the claim that the hinge still feels tight after a year
3120,test,scope_short,0,i can honestly say that the seller shipped the wrong variant happy to answer questions
3121,test,scope_short,0,i have used it daily since march i would never tell a friend that the companion app is responsive and clean updating this review later
3122,train,scope_short,0,shipped to a uk address the other reviews were correct that the seller shipped the wrong variant happy to answer questions
3123,train,scope_short,0,buying for a home office my experience did not match the claim that it survived a drop onto concrete updating this review later
3124,train,scope_short,0,for reference my experience did not match the claim that the sound is surprisingly rich bought the black version
3125,train,scope_short,0,for reference it is true that support never replied to my ticket ordered through the app
3126,train,scope_short,1,i would never tell a friend that the seller shipped the wrong variant model number lc four seven five
3127,val,scope_short,0,i would tell a friend that the battery drains overnight while it is off posting this after a month of use
3128,test,scope_short,0,i can not honestly say that it charges fully in about an hour model number lc four seven five
3129,train,scope_short,0,the other reviews were correct that the packaging arrived crushed and open
3130,train,scope_short,1,shipped to a uk address it is true that the carrying case is genuinely useful
3131,train,scope_short,1,shipped to a uk address my experience matched the claim that the packaging was neat and fully recyclable
3132,train,scope_short,0,i can honestly say that the weight makes it useless for travel ordered through the app
3133,val,scope_short,0,for reference my experience did not match the claim that the warranty claim took three minutes online
3134,test,scope_short,1,it is true that the fit is exactly as described
3135,train,scope_short,1,buying for a home office my experience matched the claim that it survived a drop onto concrete model number lc four seven five
3136,train,scope_short,0,buying for a home office the other reviews were correct that support never replied to my ticket updating this review later
3137,val,scope_short,0,my experience matched the claim that the fabric pilled after a single wash ordered through the app
3138,train,scope_short,0,shipped to a uk address i will not confirm that it survived a drop onto concrete bought the black version
3139,train,scope_short,0,i would never tell a friend that the fabric held up after ten washes bought the black version
3140,train,scope_short,0,replacing a five year old unit the other reviews were correct that the fabric pilled after a single wash updating this review later
3141,train,scope_short,0,it is true that support never replied to my ticket
3142,train,scope_short,0,second one i have bought it is true that it cracked from a knock off the desk
3143,train,scope_short,1,my experience matched the claim that the fabric held up after ten washes model number lc four seven five
3144,train,scope_short,0,for reference i can honestly say that the packaging arrived crushed and open posting this after a month of use
3145,test,scope_short,0,ordered this in june my experience did not match the claim that the mounting bracket lines up perfectly will report back after the winter
3146,train,scope_short,0,bought during the autumn sale i will confirm that the return label cost me twelve dollars ordered through the app
3147,train,scope_short,0,replacing a five year old unit my experience matched the claim that the build quality feels cheap in the hand
3148,train,scope_short,1,i will not confirm that it cracked from a knock off the desk bought the black version
3149,train,scope_short,0,bought during the autumn sale it is true that the screen developed a dead pixel in week two model number lc four seven five
3150,test,scope_short,1,bought during the autumn sale it is not true that the sound is tinny at any volume
3151,val,scope_short,0,shipped to a uk address the other reviews were not correct that the packaging was neat and fully recyclable
3152,train,scope_short,1,the other reviews were not correct that the firmware update bricked the unit updating this review later
3153,train,scope_short,0,for reference the other reviews were correct that the seller shipped the wrong variant
3154,test,scope_short,1,second one i have bought i would never tell a friend that the battery drains overnight while it is off model number lc four seven five
3155,train,scope_short,0,ordered this in june it is not true that the colour matches the product photos happy to answer questions
3156,train,scope_short,0,for reference it is true that the fabric pilled after a single wash
3157,val,scope_short,1,second one i have bought my experience did not match the claim that the return label cost me twelve dollars happy to answer questions
3158,train,scope_short,1,the other reviews were not correct that the fabric pilled after a single wash
3159,test,scope_short,1,it is true that the return label was already in the box
3160,train,scope_short,1,second one i have bought the other reviews were correct that the weight is far lower than i expected
3161,train,scope_short,0,i can not honestly say that the colour matches the product photos will report back after the winter
3162,test,scope_short,1,second one i have bought it is not true that the price went up the day after i ordered posting this after a month of use
3163,val,scope_short,1,the other reviews were not correct that delivery was nine days late with no notice
3164,train,scope_short,1,for reference the other reviews were not correct that the seller shipped the wrong variant bought the black version
3165,test,scope_short,1,ordered this in june i can honestly say that the hinge still feels tight after a year model number lc four seven five
3166,test,scope_short,1,for reference it is not true that the companion app crashes on every launch model number lc four seven five
3167,train,scope_short,1,i would tell a friend that the fabric held up after ten washes
3168,val,scope_short,0,my experience matched the claim that it stopped charging after three weeks
3169,train,scope_short,0,shipped to a uk address the other reviews were correct that customer service put me on hold for an hour
3170,train,scope_short,0,i have used it daily since march it is true that the carrying case tore at the seam
3171,train,scope_short,1,i will not confirm that the weight makes it useless for travel
3172,train,scope_short,0,it is true that the stitching came apart at the corner updating this review later
3173,train,scope_short,1,i have used it daily since march i will not confirm that the carrying case tore at the seam happy to answer questions
3174,train,scope_short,1,bought during the autumn sale the other reviews were not correct that the fabric pilled after a single wash happy to answer questions
3175,train,scope_short,0,shipped to a uk address i can honestly say that the build quality feels cheap in the hand happy to answer questions
3176,val,scope_short,0,it is true that the packaging arrived crushed and open updating this review later
3177,train,scope_short,0,second one i have bought i will not confirm that the printed instructions were clear and short will report back after the winter
3178,train,scope_short,1,my experience matched the claim that the warranty claim took three minutes online bought the black version
3179,test,scope_short,0,i can not honestly say that the battery easily lasts two days bought the black version
3180,test,scope_short,0,i would tell a friend that delivery was nine days late with no notice posting this after a month of use
3181,train,scope_short,1,shipped to a uk address i can not honestly say that the companion app crashes on every launch will report back after the winter
3182,test,scope_short,1,buying for a home office it is true that the fit is exactly as described
3183,train,scope_short,1,shipped to a uk address the other reviews were not correct that the keys started sticking almost immediately
3184,train,scope_short,1,my experience did not match the claim that the companion app crashes on every launch
3185,train,scope_short,0,second one i have bought it is true that the stitching came apart at the corner
3186,test,scope_short,0,it is true that it stopped charging after three weeks happy to answer questions
3187,train,scope_short,0,bought during the autumn sale i can honestly say that the build quality feels cheap in the hand updating this review later
3188,test,scope_short,0,buying for a home office i will confirm that the fit runs two sizes small bought the black version
3189,train,scope_short,1,i can honestly say that the warranty claim took three minutes online
3190,test,scope_short,1,for reference the other reviews were correct that the firmware update installed without a hitch
3191,train,scope_short,0,ordered this in june it is true that the seller shipped the wrong variant happy to answer questions
3192,test,scope_short,0,for reference i will confirm that the colour is nothing like the product photos posting this after a month of use
3193,test,scope_short,0,i have used it daily since march i will not confirm that the return label was already in the box
3194,train,scope_short,1,the other reviews were correct that support answered within an hour updating this review later
3195,train,scope_short,0,i have used it daily since march it is true that the companion app crashes on every launch happy to answer questions
3196,train,scope_short,0,for reference i will not confirm that the companion app is responsive and clean ordered through the app
3197,train,scope_short,0,replacing a five year old unit i will not confirm that the warranty claim took three minutes online will report back after the winter
3198,train,scope_short,0,replacing a five year old unit i can honestly say that the fabric pilled after a single wash updating this review later
3199,train,scope_short,1,my experience did not match the claim that the stitching came apart at the corner bought the black version
3200,test,scope_short,1,shipped to a uk address i can honestly say that delivery arrived a day early
3201,train,scope_short,1,second one i have bought my experience matched the claim that delivery arrived a day early bought the black version
3202,train,scope_short,1,bought during the autumn sale my experience did not match the claim that the price went up the day after i ordered updating this review later
3203,test,scope_short,0,buying for a home office i can not honestly say that the return label was already in the box
3204,test,scope_short,0,shipped to a uk address my experience did not match the claim that the sound is surprisingly rich
3205,train,scope_short,0,i will not confirm that the fabric held up after ten washes will report back after the winter
3206,train,scope_short,0,ordered this in june i would never tell a friend that the companion app is responsive and clean ordered through the app
3207,train,scope_short,0,my experience did not match the claim that it charges fully in about an hour happy to answer questions
3208,train,scope_short,0,i will confirm that the keys started sticking almost immediately posting this after a month of use
3209,test,scope_short,1,i have used it daily since march it is not true that the printed instructions were one unreadable page bought the black version
3210,test,scope_short,0,it is true that the seller shipped the wrong variant bought the black version
3211,val,scope_short,0,ordered this in june the other reviews were correct that the return label cost me twelve dollars posting this after a month of use
3212,train,scope_short,1,i can honestly say that the seller threw in a spare cable
3213,test,scope_short,0,i can honestly say that the price went up the day after i ordered ordered through the app
3214,test,scope_short,1,i have used it daily since march i will confirm that delivery arrived a day early happy to answer questions
3215,test,scope_short,0,for reference the other reviews were not correct that support answered within an hour bought the black version
3216,train,scope_short,0,it is not true that the hinge still feels tight after a year
3217,test,scope_short,0,replacing a five year old unit it is not true that the return label was already in the box happy to answer questions
3218,train,scope_short,1,i would never tell a friend that the weight makes it useless for travel bought the black version
3219,train,scope_short,0,buying for a home office i would never tell a friend that the fit is exactly as described ordered through the app
3220,test,scope_short,0,second one i have bought it is true that the build quality feels cheap in the hand updating this review later
3221,train,scope_short,0,bought during the autumn sale i will confirm that the battery drains overnight while it is off updating this review later
3222,train,scope_short,0,ordered this in june i can not honestly say that the weight is far lower than i expected will report back after the winter
3223,test,scope_short,0,bought during the autumn sale my experience matched the claim that the price went up the day after i ordered posting this after a month of use
3224,train,scope_short,1,it is not true that delivery was nine days late with no notice
3225,train,scope_short,0,replacing a five year old unit i can honestly say that the hinge went loose within a month posting this after a month of use
3226,test,scope_short,1,buying for a home office the other reviews were correct that support answered within an hour will report back after the winter
3227,train,scope_short,0,bought during the autumn sale my experience did not match the claim that the stitching is even all the way round
3228,train,scope_short,0,second one i have bought i will not confirm that setup took under five minutes will report back after the winter
3229,train,scope_short,1,ordered this in june the other reviews were not correct that the keys started sticking almost immediately
3230,train,scope_short,1,i have used it daily since march i can honestly say that the battery easily lasts two days
3231,test,scope_short,1,bought during the autumn sale the other reviews were correct that the keys have a satisfying travel ordered through the app
3232,test,scope_short,1,second one i have bought i can not honestly say that the seller shipped the wrong variant posting this after a month of use
3233,val,scope_short,1,buying for a home office i will not confirm that the seller shipped the wrong variant posting this after a month of use
3234,train,scope_short,1,buying for a home office my experience did not match the claim that the sound is tinny at any volume
3235,val,scope_short,0,it is true that the keys started sticking almost immediately
3236,train,scope_short,0,i can honestly say that setup took me most of an afternoon will report back after the winter
3237,train,scope_short,0,i can honestly say that the warranty claim has been open for six weeks
3238,train,scope_short,0,second one i have bought the other reviews were not correct that the colour matches the product photos will report back after the winter
3239,train,scope_short,0,for reference the other reviews were not correct that delivery arrived a day early updating this review later
3240,train,scope_short,1,buying for a home office i would never tell a friend that it cracked from a knock off the desk ordered through the app
3241,test,scope_short,1,it is not true that support never replied to my ticket
3242,test,scope_short,0,buying for a home office it is true that the colour is nothing like the product photos posting this after a month of use
3243,train,scope_short,0,ordered this in june i can not honestly say that it pairs with my laptop instantly
3244,train,scope_short,0,replacing a five year old unit i would tell a friend that support never replied to my ticket ordered through the app
3245,test,scope_short,0,ordered this in june i would tell a friend that the return label cost me twelve dollars
3246,test,scope_short,0,i have used it daily since march i would never tell a friend that the warranty claim took three minutes online
3247,train,scope_short,0,i can honestly say that it stopped charging after three weeks model number lc four seven five
3248,val,scope_short,0,i can not honestly say that setup took under five minutes happy to answer questions
3249,train,scope_short,1,bought during the autumn sale i can not honestly say that support never replied to my ticket
3250,train,scope_short,1,the other reviews were not correct that the packaging arrived crushed and open
3251,train,scope_short,1,i can not honestly say that the screen developed a dead pixel in week two model number lc four seven five
3252,train,scope_short,0,replacing a five year old unit my experience matched the claim that customer service put me on hold for an hour updating this review later
3253,test,scope_short,0,replacing a five year old unit i will not confirm that the seller threw in a spare cable
3254,train,scope_short,1,i would never tell a friend that the printed instructions were one unreadable page posting this after a month of use
3255,val,scope_short,0,shipped to a uk address it is not true that the fabric held up after ten washes
3256,train,scope_short,1,the other reviews were correct that the keys have a satisfying travel model number lc four seven five
3257,val,scope_short,0,my experience matched the claim that support never replied to my ticket ordered through the app
3258,val,scope_short,0,my experience did not match the claim that the screen is bright and crisp ordered through the app
3259,train,scope_short,1,replacing a five year old unit the other reviews were correct that the firmware update installed without a hitch happy to answer questions
3260,test,scope_short,1,i have used it daily since march my experience did not match the claim that it cracked from a knock off the desk will report back after the winter
3261,test,scope_short,0,shipped to a uk address the other reviews were not correct that the warranty claim took three minutes online ordered through the app
3262,train,scope_short,1,i will confirm that the fabric held up after ten washes
3263,val,scope_short,1,for reference it is not true that the warranty claim has been open for six weeks model number lc four seven five
3264,train,scope_short,1,shipped to a uk address the other reviews were correct that the keys have a satisfying travel
3265,train,scope_short,0,my experience matched the claim that the fit runs two sizes small updating this review later
3266,test,scope_short,0,second one i have bought my experience matched the claim that the mounting bracket snapped under load posting this after a month of use
3267,train,scope_short,0,i would tell a friend that the keys started sticking almost immediately will report back after the winter
3268,test,scope_short,0,second one i have bought i would tell a friend that delivery was nine days late with no notice
3269,train,scope_short,1,replacing a five year old unit the other reviews were correct that the stitching is even all the way round bought the black version
3270,train,scope_short,1,bought during the autumn sale i can honestly say that the build quality feels premium model number lc four seven five
3271,train,scope_short,1,the other reviews were correct that the seller threw in a spare cable model number lc four seven five
3272,train,scope_short,0,it is true that the fit runs two sizes small bought the black version
3273,test,scope_short,1,it is true that the sound is surprisingly rich bought the black version
3274,test,scope_short,0,ordered this in june the other reviews were correct that it stopped charging after three weeks
3275,train,scope_short,1,buying for a home office it is not true that the weight makes it useless for travel
3276,train,scope_short,0,i can not honestly say that the warranty claim took three minutes online will report back after the winter
3277,test,scope_short,0,shipped to a uk address i would tell a friend that it cracked from a knock off the desk
3278,train,scope_short,1,for reference my experience did not match the claim that the fabric pilled after a single wash
3279,train,scope_short,1,buying for a home office i can honestly say that the printed instructions were clear and short happy to answer questions
3280,train,scope_short,1,shipped to a uk address the other reviews were not correct that the fabric pilled after a single wash ordered through the app
3281,test,scope_short,0,i can honestly say that the seller shipped the wrong variant
3282,test,scope_short,1,buying for a home office i can not honestly say that the mounting bracket snapped under load will report back after the winter
3283,train,scope_short,0,second one i have bought my experience did not match the claim that support answered within an hour will report back after the winter
3284,test,scope_short,0,i can honestly say that the companion app crashes on every launch will report back after the winter
3285,test,scope_short,0,bought during the autumn sale the other reviews were not correct that the warranty claim took three minutes online updating this review later
3286,train,scope_short,1,i will not confirm that the colour is nothing like the product photos
3287,train,scope_short,1,the other reviews were correct that the sound is surprisingly rich will report back after the winter
3288,train,scope_short,0,bought during the autumn sale the other reviews were correct that the fit runs two sizes small updating this review later
3289,train,scope_short,1,replacing a five year old unit it is true that the packaging was neat and fully recyclable
3290,test,scope_short,1,my experience matched the claim that the build quality feels premium posting this after a month of use
3291,test,scope_short,1,it is true that customer service refunded me the same day
3292,val,scope_short,0,for reference the other reviews were correct that the sound is tinny at any volume bought the black version
3293,train,scope_short,1,i have used it daily since march the other reviews were correct that the printed instructions were clear and short
3294,val,scope_short,0,shipped to a uk address the other reviews were not correct that the seller threw in a spare cable happy to answer questions
3295,test,scope_short,1,replacing a five year old unit the other reviews were not correct that the return label cost me twelve dollars happy to answer questions
3296,train,scope_short,0,ordered this in june my experience matched the claim that the colour is nothing like the product photos updating this review later
3297,val,scope_short,0,buying for a home office my experience did not match the claim that the mounting bracket lines up perfectly
3298,train,scope_short,0,replacing a five year old unit i will confirm that support never replied to my ticket will report back after the winter
3299,test,scope_short,0,i would tell a friend that it stopped charging after three weeks will report back after the winter
3300,train,scope_short,1,i would never tell a friend that delivery was nine days late with no notice
3301,train,scope_short,1,my experience did not match the claim that the battery drains overnight while it is off
3302,val,scope_short,0,i will not confirm that the colour matches the product photos posting this after a month of use
3303,train,scope_short,1,replacing a five year old unit it is true that the hinge still feels tight after a year updating this review later
3304,val,scope_short,1,shipped to a uk address it is true that the keys have a satisfying travel
3305,test,scope_short,0,it is true that the packaging arrived crushed and open
3306,train,scope_short,0,my experience did not match the claim that the stitching is even all the way round updating this review later
3307,train,scope_short,0,replacing a five year old unit it is true that the stitching came apart at the corner
3308,test,scope_short,1,shipped to a uk address i will confirm that the colour matches the product photos
3309,test,scope_short,1,shipped to a uk address my experience matched the claim that the return label was already in the box will report back after the winter
3310,train,scope_short,1,i have used it daily since march i would never tell a friend that the sound is tinny at any volume
3311,train,scope_short,1,it is true that delivery arrived a day early happy to answer questions
3312,train,scope_short,1,buying for a home office i would tell a friend that the mounting bracket lines up perfectly
3313,train,scope_short,0,i have used it daily since march i would tell a friend that the price went up the day after i ordered
3314,test,scope_short,0,for reference it is true that the keys started sticking almost immediately
3315,test,scope_short,0,buying for a home office my experience did not match the claim that it survived a drop onto concrete happy to answer questions
3316,val,scope_short,0,i have used it daily since march it is not true that the return label was already in the box bought the black version
3317,train,scope_short,0,second one i have bought i would never tell a friend that the mounting bracket lines up perfectly model number lc four seven five
3318,val,scope_short,0,i would never tell a friend that the price is unbeatable for this spec model number lc four seven five
3319,train,scope_short,1,shipped to a uk address it is not true that the fit runs two sizes small happy to answer questions
3320,train,scope_short,1,my experience did not match the claim that the printed instructions were one unreadable page
3321,test,scope_short,0,bought during the autumn sale my experience matched the claim that the printed instructions were one unreadable page ordered through the app
3322,train,scope_short,0,ordered this in june the other reviews were correct that the packaging arrived crushed and open will report back after the winter
3323,train,scope_short,1,shipped to a uk address i can not honestly say that it stopped charging after three weeks will report back after the winter
3324,val,scope_short,0,replacing a five year old unit i can honestly say that the warranty claim has been open for six weeks happy to answer questions
3325,train,scope_short,0,replacing a five year old unit i will confirm that the weight makes it useless for travel posting this after a month of use
3326,test,scope_short,1,my experience matched the claim that the battery easily lasts two days bought the black version
3327,train,scope_short,1,it is not true that the hinge went loose within a month will report back after the winter
3328,train,scope_short,0,replacing a five year old unit i can honestly say that it cracked from a knock off the desk
3329,test,scope_short,1,the other reviews were correct that the mounting bracket lines up perfectly
3330,test,scope_short,1,bought during the autumn sale it is true that it survived a drop onto concrete model number lc four seven five
3331,train,scope_short,0,ordered this in june i will confirm that the companion app crashes on every launch will report back after the winter
3332,train,scope_short,1,i have used it daily since march i can honestly say that the screen is bright and crisp
3333,train,scope_short,0,replacing a five year old unit my experience matched the claim that setup took me most of an afternoon updating this review later
3334,val,scope_short,0,second one i have bought the other reviews were correct that the firmware update bricked the unit
3335,train,scope_short,1,bought during the autumn sale i will not confirm that the carrying case tore at the seam
3336,train,scope_short,0,ordered this in june i would tell a friend that it disconnects from my laptop constantly will report back after the winter
3337,test,scope_short,0,shipped to a uk address i would tell a friend that customer service put me on hold for an hour will report back after the winter
3338,train,scope_short,1,my experience did not match the claim that the printed instructions were one unreadable page model number lc four seven five
3339,train,scope_short,0,replacing a five year old unit i can honestly say that setup took me most of an afternoon model number lc four seven five
3340,train,scope_short,0,buying for a home office i can honestly say that the keys started sticking almost immediately model number lc four seven five
3341,test,scope_short,1,ordered this in june i would never tell a friend that the return label cost me twelve dollars
3342,train,scope_short,0,i have used it daily since march it is true that the price went up the day after i ordered will report back after the winter
3343,train,scope_short,0,bought during the autumn sale the other reviews were not correct that it survived a drop onto concrete model number lc four seven five
3344,test,scope_short,1,for reference i would tell a friend that the printed instructions were clear and short
3345,train,scope_short,0,it is not true that the companion app is responsive and clean posting this after a month of use
3346,val,scope_short,0,bought during the autumn sale i will not confirm that the packaging was neat and fully recyclable happy to answer questions
3347,train,scope_short,0,i can not honestly say that the fabric held up after ten washes will report back after the winter
3348,train,scope_short,0,i have used it daily since march it is true that the fit runs two sizes small
3349,train,scope_short,1,for reference i would tell a friend that the return label was already in the box posting this after a month of use
3350,test,scope_short,0,i can honestly say that it cracked from a knock off the desk ordered through the app
3351,train,scope_short,1,second one i have bought i can honestly say that the fabric held up after ten washes bought the black version
3352,train,scope_short,0,for reference the other reviews were correct that it cracked from a knock off the desk
3353,train,scope_short,1,the other reviews were correct that the weight is far lower than i expected ordered through the app
3354,train,scope_short,0,for reference it is not true that the battery easily lasts two days
3355,train,scope_short,1,i have used it daily since march i can honestly say that setup took under five minutes posting this after a month of use
3356,train,scope_short,1,the other reviews were not correct that the carrying case tore at the seam model number lc four seven five
3357,val,scope_short,1,i would never tell a friend that the carrying case tore at the seam
3358,test,scope_short,1,i have used it daily since march i can not honestly say that the mounting bracket snapped under load
3359,test,scope_short,0,buying for a home office i can honestly say that the weight makes it useless for travel
3360,train,scope_short,0,i will confirm that the colour is nothing like the product photos updating this review later
3361,train,scope_short,1,the other reviews were not correct that the companion app crashes on every launch updating this review later
3362,train,scope_short,0,ordered this in june i would never tell a friend that the weight is far lower than i expected
3363,train,scope_short,1,i will not confirm that customer service put me on hold for an hour posting this after a month of use
3364,train,scope_short,1,second one i have bought i can not honestly say that the warranty claim has been open for six weeks model number lc four seven five
3365,train,scope_short,1,i will confirm that the stitching is even all the way round posting this after a month of use
3366,train,scope_short,0,my experience did not match the claim that the battery easily lasts two days will report back after the winter
3367,train,scope_short,0,replacing a five year old unit the other reviews were correct that support never replied to my ticket
3368,test,scope_short,1,buying for a home office my experience did not match the claim that the carrying case tore at the seam
3369,train,scope_short,0,it is not true that it survived a drop onto concrete posting this after a month of use
3370,test,scope_short,1,buying for a home office i can not honestly say that the firmware update bricked the unit ordered through the app
3371,train,scope_short,0,for reference i can honestly say that the fabric pilled after a single wash bought the black version
3372,test,scope_short,1,shipped to a uk address the other reviews were correct that the fit is exactly as described
3373,train,scope_short,0,it is not true that the mounting bracket lines up perfectly posting this after a month of use
3374,train,scope_short,0,replacing a five year old unit i can not honestly say that the hinge still feels tight after a year happy to answer questions
3375,train,scope_short,1,i would tell a friend that the fit is exactly as described ordered through the app
3376,train,scope_short,0,buying for a home office i can not honestly say that the printed instructions were clear and short updating this review later
3377,train,scope_short,1,ordered this in june i will not confirm that customer service put me on hold for an hour updating this review later
3378,train,scope_short,0,my experience matched the claim that the return label cost me twelve dollars
3379,train,scope_short,1,shipped to a uk address it is not true that the return label cost me twelve dollars
3380,train,scope_short,0,i would tell a friend that it disconnects from my laptop constantly updating this review later
3381,train,scope_short,0,for reference my experience did not match the claim that the carrying case is genuinely useful
3382,train,scope_short,1,replacing a five year old unit my experience matched the claim that setup took under five minutes happy to answer questions
3383,train,scope_short,1,replacing a five year old unit i can honestly say that the stitching is even all the way round happy to answer questions
3384,train,scope_short,1,ordered this in june my experience did not match the claim that the printed instructions were one unreadable page
3385,val,scope_short,1,shipped to a uk address i can honestly say that the fit is exactly as described
3386,train,scope_short,1,second one i have bought the other reviews were correct that the printed instructions were clear and short
3387,train,scope_short,0,the other reviews were not correct that delivery arrived a day early
3388,train,scope_short,0,the other reviews were not correct that the seller threw in a spare cable updating this review later
3389,train,scope_short,1,for reference the other reviews were not correct that the hinge went loose within a month ordered through the app
3390,test,scope_short,0,ordered this in june i will confirm that the fabric pilled after a single wash
3391,train,scope_short,0,the other reviews were correct that the return label cost me twelve dollars happy to answer questions
3392,test,scope_short,1,shipped to a uk address i can not honestly say that the sound is tinny at any volume posting this after a month of use
3393,train,scope_short,0,it is true that it stopped charging after three weeks posting this after a month of use
3394,train,scope_short,1,i will confirm that delivery arrived a day early
3395,test,scope_short,1,i will not confirm that the screen developed a dead pixel in week two will report back after the winter
3396,train,scope_short,0,second one i have bought i will confirm that it cracked from a knock off the desk happy to answer questions
3397,val,scope_short,0,second one i have bought i would never tell a friend that the return label was already in the box will report back after the winter
3398,train,scope_short,0,ordered this in june the other reviews were correct that the build quality feels cheap in the hand ordered through the app
3399,test,scope_short,1,shipped to a uk address i will not confirm that it stopped charging after three weeks bought the black version
3400,test,scope_short,1,second one i have bought the other reviews were not correct that the return label cost me twelve dollars ordered through the app
3401,val,scope_short,1,i will confirm that the colour matches the product photos
3402,test,scope_short,1,bought during the autumn sale the other reviews were not correct that delivery was nine days late with no notice
3403,train,scope_short,1,it is not true that the printed instructions were one unreadable page happy to answer questions
3404,train,scope_short,1,for reference my experience did not match the claim that customer service put me on hold for an hour ordered through the app
3405,test,scope_short,0,the other reviews were not correct that the seller threw in a spare cable model number lc four seven five
3406,test,scope_short,1,bought during the autumn sale i would never tell a friend that the fabric pilled after a single wash posting this after a month of use
3407,val,scope_short,1,it is not true that the companion app crashes on every launch
3408,train,scope_short,0,for reference i will not confirm that it pairs with my laptop instantly posting this after a month of use
3409,test,scope_short,1,bought during the autumn sale it is not true that the price went up the day after i ordered updating this review later
3410,train,scope_short,0,replacing a five year old unit i would tell a friend that the mounting bracket snapped under load model number lc four seven five
3411,train,scope_short,0,i have used it daily since march it is true that the weight makes it useless for travel posting this after a month of use
3412,train,scope_short,1,second one i have bought it is not true that setup took me most of an afternoon bought the black version
3413,train,scope_short,1,shipped to a uk address i would never tell a friend that the companion app crashes on every launch bought the black version
3414,val,scope_short,1,i will not confirm that the return label cost me twelve dollars
3415,train,scope_short,1,i will confirm that support answered within an hour ordered through the app
3416,train,scope_short,0,i have used it daily since march i would tell a friend that the hinge went loose within a month updating this review later
3417,train,scope_short,1,ordered this in june i will confirm that the battery easily lasts two days
3418,train,scope_short,1,buying for a home office i would never tell a friend that the stitching came apart at the corner
3419,train,scope_short,0,second one i have bought i will confirm that the printed instructions were one unreadable page
3420,val,scope_short,0,for reference i can honestly say that the keys started sticking almost immediately posting this after a month of use
3421,train,scope_short,1,shipped to a uk address the other reviews were not correct that it stopped charging after three weeks will report back after the winter
3422,train,scope_short,1,second one i have bought i would never tell a friend that the weight makes it useless for travel
3423,val,scope_short,0,for reference i can not honestly say that the seller threw in a spare cable
3424,val,scope_short,1,bought during the autumn sale the other reviews were not correct that the hinge went loose within a month bought the black version
3425,test,scope_short,0,bought during the autumn sale my experience did not match the claim that the printed instructions were clear and short happy to answer questions
3426,train,scope_short,1,shipped to a uk address i will confirm that customer service refunded me the same day happy to answer questions
3427,test,scope_short,1,i will confirm that the battery easily lasts two days
3428,test,scope_short,1,it is not true that the price went up the day after i ordered
3429,train,scope_short,1,for reference my experience matched the claim that the fabric held up after ten washes happy to answer questions
3430,train,scope_short,1,second one i have bought i can honestly say that the seller threw in a spare cable ordered through the app
3431,test,scope_short,1,shipped to a uk address it is not true that the mounting bracket snapped under load posting this after a month of use
3432,train,scope_short,0,ordered this in june i will not confirm that the stitching is even all the way round model number lc four seven five
3433,val,scope_short,1,ordered this in june i would tell a friend that the mounting bracket lines up perfectly ordered through the app
3434,test,scope_short,1,bought during the autumn sale the other reviews were not correct that the sound is tinny at any volume posting this after a month of use
3435,val,scope_short,0,i can not honestly say that the seller threw in a spare cable model number lc four seven five
3436,train,scope_short,1,shipped to a uk address i will confirm that the companion app is responsive and clean
3437,test,scope_short,1,second one i have bought the other reviews were correct that the weight is far lower than i expected ordered through the app
3438,train,scope_short,0,second one i have bought it is not true that the seller threw in a spare cable happy to answer questions
3439,train,scope_short,0,ordered this in june it is true that the battery drains overnight while it is off updating this review later
3440,train,scope_short,1,i will not confirm that the carrying case tore at the seam ordered through the app
3441,train,scope_short,0,it is not true that the fabric held up after ten washes
3442,train,scope_short,0,i have used it daily since march i will confirm that the fit runs two sizes small bought the black version
3443,train,scope_short,1,ordered this in june i will confirm that it charges fully in about an hour
3444,val,scope_short,1,it is true that delivery arrived a day early model number lc four seven five
3445,train,scope_short,1,buying for a home office i would tell a friend that the packaging was neat and fully recyclable model number lc four seven five
3446,train,scope_short,1,for reference i can honestly say that the weight is far lower than i expected
3447,train,scope_short,1,buying for a home office i can honestly say that the mounting bracket lines up perfectly happy to answer questions
3448,test,scope_short,1,i would tell a friend that the price is unbeatable for this spec happy to answer questions
3449,train,scope_short,0,i will not confirm that the carrying case is genuinely useful model number lc four seven five
3450,train,scope_short,0,buying for a home office my experience did not match the claim that setup took under five minutes
3451,train,scope_short,0,shipped to a uk address it is not true that the return label was already in the box model number lc four seven five
3452,train,scope_short,0,second one i have bought it is true that it stopped charging after three weeks
3453,train,scope_short,1,shipped to a uk address my experience did not match the claim that it stopped charging after three weeks ordered through the app
3454,train,scope_short,1,i will confirm that the warranty claim took three minutes online bought the black version
3455,train,scope_short,1,for reference i would never tell a friend that the packaging arrived crushed and open model number lc four seven five
3456,test,scope_short,0,replacing a five year old unit i would tell a friend that the carrying case tore at the seam happy to answer questions
3457,train,scope_short,1,bought during the autumn sale it is not true that the screen developed a dead pixel in week two
3458,train,scope_short,1,it is true that setup took under five minutes will report back after the winter
3459,train,scope_short,1,shipped to a uk address i will not confirm that the keys started sticking almost immediately ordered through the app
3460,train,scope_short,0,i have used it daily since march i will confirm that the build quality feels cheap in the hand
3461,test,scope_short,1,buying for a home office it is not true that the printed instructions were one unreadable page model number lc four seven five
3462,train,scope_short,1,my experience matched the claim that the hinge still feels tight after a year bought the black version
3463,train,scope_short,1,for reference i would never tell a friend that the hinge went loose within a month bought the black version
3464,train,scope_short,1,ordered this in june the other reviews were not correct that the return label cost me twelve dollars updating this review later
3465,train,scope_short,1,second one i have bought i will confirm that the return label was already in the box happy to answer questions
3466,test,scope_short,0,replacing a five year old unit my experience matched the claim that the carrying case tore at the seam
3467,test,scope_short,1,my experience matched the claim that the build quality feels premium model number lc four seven five
3468,train,scope_short,1,shipped to a uk address i would never tell a friend that the seller shipped the wrong variant updating this review later
3469,train,scope_short,0,buying for a home office i would tell a friend that the price went up the day after i ordered ordered through the app
3470,test,scope_short,1,buying for a home office the other reviews were not correct that the keys started sticking almost immediately posting this after a month of use
3471,train,scope_short,1,i have used it daily since march the other reviews were correct that setup took under five minutes ordered through the app
3472,train,scope_short,0,i have used it daily since march i would tell a friend that it cracked from a knock off the desk ordered through the app
3473,test,scope_short,0,for reference i can honestly say that customer service put me on hold for an hour
3474,train,scope_short,0,i have used it daily since march it is not true that delivery arrived a day early will report back after the winter
3475,test,scope_short,1,the other reviews were correct that the return label was already in the box bought the black version
3476,val,scope_short,0,shipped to a uk address i would tell a friend that it cracked from a knock off the desk bought the black version
3477,train,scope_short,1,replacing a five year old unit i will not confirm that the carrying case tore at the seam ordered through the app
3478,train,scope_short,1,bought during the autumn sale the other reviews were not correct that support never replied to my ticket model number lc four seven five
3479,train,scope_short,0,shipped to a uk address i can honestly say that the carrying case tore at the seam happy to answer questions
3480,train,scope_short,0,i can honestly say that delivery was nine days late with no notice posting this after a month of use
3481,train,scope_short,1,ordered this in june i would never tell a friend that the build quality feels cheap in the hand
3482,train,scope_short,0,replacing a five year old unit the other reviews were not correct that the carrying case is genuinely useful
3483,train,scope_short,0,for reference i would tell a friend that the keys started sticking almost immediately
3484,train,scope_short,1,it is true that the sound is surprisingly rich happy to answer questions
3485,test,scope_short,1,i have used it daily since march the other reviews were correct that the fabric held up after ten washes
3486,test,scope_short,0,i have used it daily since march i can not honestly say that it survived a drop onto concrete updating this review later
3487,test,scope_short,1,shipped to a uk address i can not honestly say that setup took me most of an afternoon
3488,train,scope_short,0,i would tell a friend that the weight makes it useless for travel
3489,train,scope_short,1,ordered this in june i can honestly say that customer service refunded me the same day
3490,test,scope_short,0,buying for a home office i would tell a friend that the companion app crashes on every launch happy to answer questions
3491,train,scope_short,0,replacing a five year old unit the other reviews were correct that the hinge went loose within a month bought the black version
3492,train,scope_short,1,shipped to a uk address the other reviews were correct that the companion app is responsive and clean happy to answer questions
3493,val,scope_short,0,buying for a home office it is not true that the screen is bright and crisp model number lc four seven five
3494,train,scope_short,1,i would never tell a friend that it cracked from a knock off the desk
3495,train,scope_short,1,second one i have bought i can honestly say that it pairs with my laptop instantly model number lc four seven five
3496,train,scope_short,1,bought during the autumn sale i can not honestly say that the stitching came apart at the corner will report back after the winter
3497,train,scope_short,1,replacing a five year old unit my experience did not match the claim that support never replied to my ticket will report back after the winter
3498,test,scope_short,1,for reference i can honestly say that the keys have a satisfying travel bought the black version
3499,train,scope_short,1,ordered this in june i would never tell a friend that the warranty claim has been open for six weeks
3500,val,scope_short,1,i will confirm that support answered within an hour posting this after a month of use
3501,val,scope_short,0,i can honestly say that the fit runs two sizes small bought the black version
3502,val,scope_short,1,the other reviews were correct that the mounting bracket lines up perfectly will report back after the winter
3503,test,scope_short,1,replacing a five year old unit i will confirm that it charges fully in about an hour happy to answer questions
3504,train,scope_short,1,bought during the autumn sale i would never tell a friend that the hinge went loose within a month
3505,test,scope_short,1,the other reviews were correct that it survived a drop onto concrete happy to answer questions
3506,train,scope_short,0,it is true that the printed instructions were one unreadable page
3507,val,scope_short,1,for reference i can honestly say that the sound is surprisingly rich model number lc four seven five
3508,train,scope_short,1,for reference i will not confirm that the seller shipped the wrong variant updating this review later
3509,train,scope_short,0,the other reviews were not correct that the stitching is even all the way round bought the black version
3510,test,scope_short,1,shipped to a uk address i would tell a friend that the stitching is even all the way round posting this after a month of use
3511,train,scope_short,0,ordered this in june i would tell a friend that the build quality feels cheap in the hand
3512,train,scope_short,0,replacing a five year old unit it is true that customer service put me on hold for an hour updating this review later
3513,val,scope_short,0,the other reviews were not correct that the hinge still feels tight after a year posting this after a month of use
3514,val,scope_short,0,replacing a five year old unit i will not confirm that the carrying case is genuinely useful model number lc four seven five
3515,train,scope_short,0,the other reviews were not correct that the price is unbeatable for this spec
3516,train,scope_short,1,my experience did not match the claim that the packaging arrived crushed and open happy to answer questions
3517,train,scope_short,0,it is true that the firmware update bricked the unit will report back after the winter
3518,train,scope_short,1,second one i have bought the other reviews were not correct that it stopped charging after three weeks
3519,val,scope_short,1,bought during the autumn sale i can not honestly say that the warranty claim has been open for six weeks will report back after the winter
3520,train,scope_short,0,my experience did not match the claim that it pairs with my laptop instantly ordered through the app
3521,test,scope_short,1,i would never tell a friend that the stitching came apart at the corner
3522,train,scope_short,1,shipped to a uk address the other reviews were correct that delivery arrived a day early
3523,train,scope_short,0,it is not true that the stitching is even all the way round
3524,train,scope_short,0,ordered this in june it is not true that it charges fully in about an hour ordered through the app
3525,train,scope_short,0,i will confirm that the packaging arrived crushed and open model number lc four seven five
3526,train,scope_short,1,replacing a five year old unit my experience did not match the claim that delivery was nine days late with no notice ordered through the app
3527,train,scope_short,1,i have used it daily since march it is not true that it stopped charging after three weeks posting this after a month of use
3528,train,scope_short,1,second one i have bought it is not true that the companion app crashes on every launch updating this review later
3529,test,scope_short,0,bought during the autumn sale the other reviews were not correct that the build quality feels premium bought the black version
3530,val,scope_short,1,ordered this in june my experience did not match the claim that the keys started sticking almost immediately updating this review later
3531,test,scope_short,1,second one i have bought i can not honestly say that the carrying case tore at the seam
3532,train,scope_short,0,bought during the autumn sale i can honestly say that the warranty claim has been open for six weeks posting this after a month of use
3533,train,scope_short,0,buying for a home office the other reviews were correct that the build quality feels cheap in the hand updating this review later
3534,test,scope_short,1,shipped to a uk address i would tell a friend that support answered within an hour bought the black version
3535,train,scope_short,1,for reference the other reviews were not correct that the fit runs two sizes small ordered through the app
3536,test,scope_short,0,buying for a home office the other reviews were correct that the fit runs two sizes small happy to answer questions
3537,train,scope_short,0,buying for a home office the other reviews were not correct that the firmware update installed without a hitch bought the black version
3538,train,scope_short,0,i will confirm that the companion app crashes on every launch
3539,test,scope_short,0,ordered this in june my experience matched the claim that the weight makes it useless for travel
3540,train,scope_short,1,the other reviews were correct that the keys have a satisfying travel
3541,train,scope_short,0,for reference i can honestly say that it stopped charging after three weeks ordered through the app
3542,train,scope_short,1,bought during the autumn sale it is true that the stitching is even all the way round will report back after the winter
3543,test,scope_short,0,i have used it daily since march it is not true that the sound is surprisingly rich model number lc four seven five
3544,train,scope_short,0,for reference i can honestly say that it cracked from a knock off the desk happy to answer questions
3545,train,scope_short,0,i would never tell a friend that the return label was already in the box updating this review later
3546,train,scope_short,1,replacing a five year old unit the other reviews were correct that the screen is bright and crisp ordered through the app
3547,test,scope_short,1,bought during the autumn sale i can not honestly say that the keys started sticking almost immediately model number lc four seven five
3548,train,scope_short,0,shipped to a uk address my experience matched the claim that the firmware update bricked the unit ordered through the app
3549,test,scope_short,1,replacing a five year old unit it is not true that the sound is tinny at any volume will report back after the winter
3550,train,scope_short,0,buying for a home office it is not true that support answered within an hour
3551,train,scope_short,0,shipped to a uk address i can honestly say that the printed instructions were one unreadable page ordered through the app
3552,test,scope_short,1,i would never tell a friend that the firmware update bricked the unit bought the black version
3553,test,scope_short,1,buying for a home office it is not true that it disconnects from my laptop constantly model number lc four seven five
3554,test,scope_short,0,i would never tell a friend that the hinge still feels tight after a year
3555,test,scope_short,1,my experience matched the claim that the printed instructions were clear and short ordered through the app
3556,train,scope_short,1,bought during the autumn sale i can not honestly say that the fit runs two sizes small happy to answer questions
3557,train,scope_short,0,for reference i will not confirm that customer service refunded me the same day updating this review later
3558,train,scope_short,1,shipped to a uk address the other reviews were correct that the hinge still feels tight after a year bought the black version
3559,train,scope_short,0,bought during the autumn sale i would never tell a friend that it charges fully in about an hour happy to answer questions
3560,test,scope_short,1,ordered this in june i would never tell a friend that it disconnects from my laptop constantly
3561,test,scope_short,1,i will confirm that customer service refunded me the same day will report back after the winter
3562,test,scope_short,1,bought during the autumn sale i can not honestly say that the mounting bracket snapped under load bought the black version
3563,train,scope_short,1,i will not confirm that the fit runs two sizes small happy to answer questions
3564,test,scope_short,1,buying for a home office the other reviews were correct that the fabric held up after ten washes
3565,train,scope_short,1,ordered this in june it is true that the battery easily lasts two days
3566,val,scope_short,0,buying for a home office the other reviews were not correct that the price is unbeatable for this spec will report back after the winter
3567,train,scope_short,1,ordered this in june i can honestly say that the seller threw in a spare cable model number lc four seven five
3568,test,scope_short,0,second one i have bought the other reviews were correct that the mounting bracket snapped under load model number lc four seven five
3569,train,scope_short,1,replacing a five year old unit i can honestly say that the firmware update installed without a hitch model number lc four seven five
3570,test,scope_short,1,for reference it is not true that the printed instructions were one unreadable page happy to answer questions
3571,train,scope_short,0,for reference it is true that the return label cost me twelve dollars
3572,val,scope_short,1,for reference i will not confirm that the carrying case tore at the seam will report back after the winter
3573,train,scope_short,0,i would never tell a friend that the sound is surprisingly rich
3574,train,scope_short,0,i have used it daily since march i would never tell a friend that the battery easily lasts two days will report back after the winter
3575,train,scope_short,0,i will not confirm that the hinge still feels tight after a year updating this review later
3576,test,scope_short,1,it is true that the keys have a satisfying travel
3577,train,scope_short,0,second one i have bought i can honestly say that the mounting bracket snapped under load will report back after the winter
3578,val,scope_short,0,replacing a five year old unit the other reviews were not correct that it survived a drop onto concrete
3579,train,scope_short,1,the other reviews were not correct that it disconnects from my laptop constantly model number lc four seven five
3580,train,scope_short,0,second one i have bought i can honestly say that the return label cost me twelve dollars posting this after a month of use
3581,train,scope_short,0,shipped to a uk address i would tell a friend that the firmware update bricked the unit posting this after a month of use
3582,train,scope_short,0,second one i have bought i will confirm that the sound is tinny at any volume model number lc four seven five
3583,train,scope_short,0,buying for a home office i would tell a friend that the firmware update bricked the unit posting this after a month of use
3584,train,scope_short,1,it is true that the return label was already in the box will report back after the winter
3585,train,scope_short,1,the other reviews were correct that the return label was already in the box
3586,train,scope_short,1,i would tell a friend that it charges fully in about an hour ordered through the app
3587,train,scope_long,1,buying for a home office my experience did not match the claim that after two weeks of daily use even allowing for the most recent firmware update it disconnects from my laptop constantly posting this after a month of use
3588,train,scope_long,0,i can not honestly say that going by what the product listing actually says once i had worked through the printed setup guide the sound is surprisingly rich updating this review later
3589,train,scope_long,0,i will not confirm that in the two months since the box arrived once i had worked through the printed setup guide the mounting bracket lines up perfectly
3590,val,scope_long,0,replacing a five year old unit it is true that going by what the product listing actually says compared with the previous model i owned the companion app crashes on every launch happy to answer questions
3591,train,scope_long,0,for reference my experience matched the claim that compared with the previous model i owned after two weeks of daily use delivery was nine days late with no notice
3592,train,scope_long,1,it is true that compared with the previous model i owned in the two months since the box arrived the firmware update installed without a hitch happy to answer questions
3593,train,scope_long,0,i can not honestly say that once i had worked through the printed setup guide after two weeks of daily use the screen is bright and crisp posting this after a month of use
3594,train,scope_long,1,shipped to a uk address it is not true that across three different laptops and one tablet compared with the previous model i owned the price went up the day after i ordered bought the black version
3595,train,scope_long,0,ordered this in june i can honestly say that going by what the product listing actually says after two weeks of daily use the stitching came apart at the corner bought the black version
3596,train,scope_long,0,for reference it is true that compared with the previous model i owned after two weeks of daily use support never replied to my ticket posting this after a month of use
3597,test,scope_long,0,bought during the autumn sale it is not true that even allowing for the most recent firmware update compared with the previous model i owned the sound is surprisingly rich ordered through the app
3598,val,scope_long,0,i will not confirm that having tried it in a home office and on the train across three different laptops and one tablet the battery easily lasts two days
3599,train,scope_long,0,i have used it daily since march my experience did not match the claim that once i had worked through the printed setup guide compared with the previous model i owned the fit is exactly as described updating this review later
3600,test,scope_long,0,it is not true that after two weeks of daily use going by what the product listing actually says the mounting bracket lines up perfectly happy to answer questions
3601,train,scope_long,0,replacing a five year old unit the other reviews were not correct that even allowing for the most recent firmware update in the two months since the box arrived the keys have a satisfying travel bought the black version
3602,train,scope_long,1,i would tell a friend that after swapping in the cable that came with it across three different laptops and one tablet the return label was already in the box posting this after a month of use
3603,train,scope_long,0,buying for a home office i can not honestly say that for the money and for the use case i bought it for compared with the previous model i owned the fabric held up after ten washes ordered through the app
3604,train,scope_long,0,for reference i would never tell a friend that once i had worked through the printed setup guide compared with the previous model i owned the fit is exactly as described
3605,test,scope_long,0,i would tell a friend that going by what the product listing actually says after swapping in the cable that came with it it cracked from a knock off the desk posting this after a month of use
3606,val,scope_long,1,replacing a five year old unit i can not honestly say that for the money and for the use case i bought it for after two weeks of daily use the packaging arrived crushed and open will report back after the winter
3607,train,scope_long,1,the other reviews were not correct that across three different laptops and one tablet once i had worked through the printed setup guide the price went up the day after i ordered posting this after a month of use
3608,train,scope_long,1,i would never tell a friend that after two weeks of daily use having tried it in a home office and on the train the companion app crashes on every launch
3609,test,scope_long,1,i have used it daily since march my experience did not match the claim that after swapping in the cable that came with it in the two months since the box arrived the printed instructions were one unreadable page
3610,train,scope_long,1,bought during the autumn sale my experience matched the claim that compared with the previous model i owned once i had worked through the printed setup guide it pairs with my laptop instantly
3611,test,scope_long,1,i can honestly say that even allowing for the most recent firmware update after two weeks of daily use the packaging was neat and fully recyclable
3612,train,scope_long,0,it is true that after swapping in the cable that came with it in the two months since the box arrived the keys started sticking almost immediately happy to answer questions
3613,train,scope_long,1,for reference my experience did not match the claim that once i had worked through the printed setup guide after swapping in the cable that came with it it stopped charging after three weeks posting this after a month of use
3614,train,scope_long,1,replacing a five year old unit my experience did not match the claim that across three different laptops and one tablet once i had worked through the printed setup guide the price went up the day after i ordered bought the black version
3615,train,scope_long,1,i can honestly say that even allowing for the most recent firmware update in the two months since the box arrived the battery easily lasts two days posting this after a month of use
3616,train,scope_long,0,buying for a home office i can honestly say that even allowing for the most recent firmware update going by what the product listing actually says the return label cost me twelve dollars
3617,train,scope_long,1,i have used it daily since march the other reviews were correct that even allowing for the most recent firmware update compared with the previous model i owned the printed instructions were clear and short updating this review later
3618,test,scope_long,0,shipped to a uk address i will confirm that for the money and for the use case i bought it for even allowing for the most recent firmware update the hinge went loose within a month posting this after a month of use
3619,train,scope_long,0,my experience matched the claim that across three different laptops and one tablet even allowing for the most recent firmware update the fit runs two sizes small
3620,train,scope_long,1,the other reviews were not correct that compared with the previous model i owned going by what the product listing actually says support never replied to my ticket
3621,val,scope_long,1,my experience matched the claim that after two weeks of daily use even allowing for the most recent firmware update the keys have a satisfying travel
3622,train,scope_long,1,i have used it daily since march the other reviews were correct that having tried it in a home office and on the train across three different laptops and one tablet the stitching is even all the way round updating this review later
3623,val,scope_long,0,for reference i will confirm that after swapping in the cable that came with it having tried it in a home office and on the train the printed instructions were one unreadable page
3624,train,scope_long,1,for reference i will not confirm that after two weeks of daily use for the money and for the use case i bought it for the stitching came apart at the corner happy to answer questions
3625,train,scope_long,0,ordered this in june my experience did not match the claim that across three different laptops and one tablet in the two months since the box arrived the battery easily lasts two days
3626,test,scope_long,0,for reference it is true that for the money and for the use case i bought it for across three different laptops and one tablet setup took me most of an afternoon
3627,train,scope_long,1,it is not true that once i had worked through the printed setup guide compared with the previous model i owned the packaging arrived crushed and open
3628,train,scope_long,1,replacing a five year old unit i would never tell a friend that for the money and for the use case i bought it for compared with the previous model i owned setup took me most of an afternoon
3629,train,scope_long,0,i can honestly say that even allowing for the most recent firmware update after swapping in the cable that came with it the warranty claim has been open for six weeks model number lc four seven five
3630,test,scope_long,1,the other reviews were correct that in the two months since the box arrived going by what the product listing actually says the return label was already in the box
3631,train,scope_long,1,it is not true that having tried it in a home office and on the train after two weeks of daily use the build quality feels cheap in the hand ordered through the app
3632,train,scope_long,1,replacing a five year old unit i would tell a friend that after two weeks of daily use compared with the previous model i owned the fit is exactly as described bought the black version
3633,train,scope_long,1,i will not confirm that for the money and for the use case i bought it for after swapping in the cable that came with it the mounting bracket snapped under load ordered through the app
3634,train,scope_long,0,bought during the autumn sale it is true that across three different laptops and one tablet once i had worked through the printed setup guide the fit runs two sizes small ordered through the app
3635,test,scope_long,1,second one i have bought i would tell a friend that having tried it in a home office and on the train going by what the product listing actually says the keys have a satisfying travel happy to answer questions
3636,train,scope_long,1,i will confirm that going by what the product listing actually says after swapping in the cable that came with it support answered within an hour happy to answer questions
3637,train,scope_long,0,my experience did not match the claim that once i had worked through the printed setup guide even allowing for the most recent firmware update the return label was already in the box ordered through the app
3638,train,scope_long,0,for reference i would tell a friend that after two weeks of daily use across three different laptops and one tablet the build quality feels cheap in the hand
3639,val,scope_long,0,i have used it daily since march the other reviews were correct that in the two months since the box arrived going by what the product listing actually says delivery was nine days late with no notice happy to answer questions
3640,train,scope_long,0,second one i have bought it is not true that once i had worked through the printed setup guide going by what the product listing actually says the carrying case is genuinely useful
3641,train,scope_long,1,shipped to a uk address i will not confirm that going by what the product listing actually says across three different laptops and one tablet the stitching came apart at the corner bought the black version
3642,train,scope_long,1,ordered this in june my experience did not match the claim that across three different laptops and one tablet once i had worked through the printed setup guide the companion app crashes on every launch bought the black version
3643,train,scope_long,1,for reference i will confirm that going by what the product listing actually says for the money and for the use case i bought it for the price is unbeatable for this spec
3644,train,scope_long,0,the other reviews were not correct that after two weeks of daily use once i had worked through the printed setup guide the fabric held up after ten washes
3645,test,scope_long,0,for reference my experience did not match the claim that even allowing for the most recent firmware update once i had worked through the printed setup guide delivery arrived a day early
3646,train,scope_long,0,i can not honestly say that compared with the previous model i owned once i had worked through the printed setup guide the screen is bright and crisp ordered through the app
3647,train,scope_long,1,ordered this in june i can honestly say that across three different laptops and one tablet for the money and for the use case i bought it for the return label was already in the box
3648,train,scope_long,0,second one i have bought i would tell a friend that across three different laptops and one tablet even allowing for the most recent firmware update the return label cost me twelve dollars
3649,test,scope_long,1,for reference i will not confirm that in the two months since the box arrived across three different laptops and one tablet the sound is tinny at any volume updating this review later
3650,train,scope_long,1,i can not honestly say that in the two months since the box arrived going by what the product listing actually says the companion app crashes on every launch posting this after a month of use
3651,test,scope_long,0,it is true that for the money and for the use case i bought it for after two weeks of daily use the weight makes it useless for travel updating this review later
3652,train,scope_long,0,i can not honestly say that after two weeks of daily use for the money and for the use case i bought it for the return label was already in the box updating this review later
3653,train,scope_long,0,replacing a five year old unit i can not honestly say that even allowing for the most recent firmware update across three different laptops and one tablet the fabric held up after ten washes
3654,train,scope_long,0,shipped to a uk address the other reviews were not correct that even allowing for the most recent firmware update after swapping in the cable that came with it the hinge still feels tight after a year model number lc four seven five
3655,train,scope_long,1,my experience matched the claim that after two weeks of daily use in the two months since the box arrived the price is unbeatable for this spec will report back after the winter
3656,train,scope_long,1,the other reviews were correct that after swapping in the cable that came with it in the two months since the box arrived delivery arrived a day early
3657,test,scope_long,1,i have used it daily since march i would never tell a friend that for the money and for the use case i bought it for after swapping in the cable that came with it the weight makes it useless for travel happy to answer questions
3658,val,scope_long,0,my experience matched the claim that after swapping in the cable that came with it going by what the product listing actually says the return label cost me twelve dollars model number lc four seven five
3659,test,scope_long,0,my experience matched the claim that having tried it in a home office and on the train compared with the previous model i owned the carrying case tore at the seam
3660,test,scope_long,0,replacing a five year old unit i would tell a friend that in the two months since the box arrived compared with the previous model i owned support never replied to my ticket
3661,train,scope_long,1,for reference my experience matched the claim that for the money and for the use case i bought it for going by what the product listing actually says it pairs with my laptop instantly
3662,test,scope_long,0,for reference i can honestly say that across three different laptops and one tablet going by what the product listing actually says delivery was nine days late with no notice posting this after a month of use
3663,train,scope_long,1,i would tell a friend that once i had worked through the printed setup guide after two weeks of daily use the warranty claim took three minutes online
3664,train,scope_long,0,ordered this in june i will not confirm that in the two months since the box arrived having tried it in a home office and on the train the fabric held up after ten washes
3665,val,scope_long,1,i will not confirm that even allowing for the most recent firmware update in the two months since the box arrived the keys started sticking almost immediately bought the black version
3666,test,scope_long,0,ordered this in june it is true that for the money and for the use case i bought it for even allowing for the most recent firmware update the battery drains overnight while it is off
3667,train,scope_long,1,bought during the autumn sale i would tell a friend that for the money and for the use case i bought it for compared with the previous model i owned the build quality feels premium will report back after the winter
3668,train,scope_long,0,second one i have bought it is true that after swapping in the cable that came with it once i had worked through the printed setup guide the keys started sticking almost immediately happy to answer questions
3669,val,scope_long,0,i will confirm that in the two months since the box arrived even allowing for the most recent firmware update it stopped charging after three weeks ordered through the app
3670,test,scope_long,1,buying for a home office the other reviews were correct that compared with the previous model i owned once i had worked through the printed setup guide the weight is far lower than i expected
3671,test,scope_long,1,ordered this in june it is true that even allowing for the most recent firmware update compared with the previous model i owned the firmware update installed without a hitch happy to answer questions
3672,train,scope_long,0,my experience did not match the claim that having tried it in a home office and on the train after swapping in the cable that came with it the firmware update installed without a hitch posting this after a month of use
3673,val,scope_long,0,it is not true that even allowing for the most recent firmware update after two weeks of daily use the mounting bracket lines up perfectly updating this review later
3674,train,scope_long,0,shipped to a uk address i will confirm that going by what the product listing actually says across three different laptops and one tablet the fit runs two sizes small will report back after the winter
3675,test,scope_long,0,ordered this in june my experience matched the claim that having tried it in a home office and on the train once i had worked through the printed setup guide customer service put me on hold for an hour happy to answer questions
3676,train,scope_long,0,i can not honestly say that having tried it in a home office and on the train after two weeks of daily use the warranty claim took three minutes online happy to answer questions
3677,train,scope_long,1,for reference it is not true that compared with the previous model i owned for the money and for the use case i bought it for setup took me most of an afternoon bought the black version
3678,test,scope_long,0,buying for a home office i would never tell a friend that compared with the previous model i owned having tried it in a home office and on the train delivery arrived a day early
3679,val,scope_long,0,for reference my experience matched the claim that after two weeks of daily use having tried it in a home office and on the train the printed instructions were one unreadable page model number lc four seven five
3680,train,scope_long,0,i have used it daily since march i will confirm that even allowing for the most recent firmware update once i had worked through the printed setup guide the stitching came apart at the corner happy to answer questions
3681,train,scope_long,0,i can not honestly say that having tried it in a home office and on the train compared with the previous model i owned customer service refunded me the same day posting this after a month of use
3682,train,scope_long,0,my experience matched the claim that compared with the previous model i owned once i had worked through the printed setup guide the return label cost me twelve dollars ordered through the app
3683,train,scope_long,0,the other reviews were correct that having tried it in a home office and on the train after two weeks of daily use the battery drains overnight while it is off bought the black version
3684,val,scope_long,0,bought during the autumn sale i would never tell a friend that having tried it in a home office and on the train once i had worked through the printed setup guide the sound is surprisingly rich model number lc four seven five
3685,train,scope_long,0,i have used it daily since march my experience did not match the claim that compared with the previous model i owned even allowing for the most recent firmware update setup took under five minutes bought the black version
3686,val,scope_long,0,for reference i would tell a friend that once i had worked through the printed setup guide even allowing for the most recent firmware update the stitching came apart at the corner
3687,train,scope_long,0,bought during the autumn sale i would never tell a friend that after swapping in the cable that came with it once i had worked through the printed setup guide the return label was already in the box will report back after the winter
3688,test,scope_long,1,i have used it daily since march i can honestly say that once i had worked through the printed setup guide after swapping in the cable that came with it the packaging was neat and fully recyclable
3689,val,scope_long,0,buying for a home office the other reviews were not correct that for the money and for the use case i bought it for after two weeks of daily use the stitching is even all the way round
3690,train,scope_long,0,the other reviews were correct that having tried it in a home office and on the train even allowing for the most recent firmware update the companion app crashes on every launch ordered through the app
3691,train,scope_long,1,second one i have bought my experience matched the claim that even allowing for the most recent firmware update for the money and for the use case i bought it for the colour matches the product photos happy to answer questions
3692,train,scope_long,1,buying for a home office i can not honestly say that going by what the product listing actually says after swapping in the cable that came with it customer service put me on hold for an hour bought the black version
3693,train,scope_long,1,my experience matched the claim that once i had worked through the printed setup guide after two weeks of daily use the fabric held up after ten washes bought the black version
3694,train,scope_long,1,i have used it daily since march my experience did not match the claim that having tried it in a home office and on the train across three different laptops and one tablet the price went up the day after i ordered updating this review later
3695,test,scope_long,0,the other reviews were not correct that compared with the previous model i owned even allowing for the most recent firmware update support answered within an hour model number lc four seven five
3696,train,scope_long,0,second one i have bought it is true that in the two months since the box arrived after swapping in the cable that came with it the seller shipped the wrong variant
3697,train,scope_long,1,ordered this in june it is true that having tried it in a home office and on the train going by what the product listing actually says the battery easily lasts two days updating this review later
3698,val,scope_long,0,i can not honestly say that once i had worked through the printed setup guide for the money and for the use case i bought it for the price is unbeatable for this spec
3699,train,scope_long,1,second one i have bought my experience matched the claim that after swapping in the cable that came with it having tried it in a home office and on the train customer service refunded me the same day happy to answer questions
3700,train,scope_long,1,bought during the autumn sale it is true that compared with the previous model i owned having tried it in a home office and on the train the seller threw in a spare cable posting this after a month of use
3701,train,scope_long,1,it is not true that having tried it in a home office and on the train for the money and for the use case i bought it for the keys started sticking almost immediately bought the black version
3702,train,scope_long,0,i would tell a friend that for the money and for the use case i bought it for having tried it in a home office and on the train the printed instructions were one unreadable page
3703,train,scope_long,0,buying for a home office i can honestly say that even allowing for the most recent firmware update after two weeks of daily use customer service put me on hold for an hour model number lc four seven five
3704,val,scope_long,1,it is not true that having tried it in a home office and on the train going by what the product listing actually says the warranty claim has been open for six weeks
3705,train,scope_long,1,for reference my experience did not match the claim that having tried it in a home office and on the train even allowing for the most recent firmware update the warranty claim has been open for six weeks posting this after a month of use
3706,train,scope_long,1,i have used it daily since march the other reviews were correct that after two weeks of daily use in the two months since the box arrived the warranty claim took three minutes online posting this after a month of use
3707,train,scope_long,1,bought during the autumn sale my experience matched the claim that once i had worked through the printed setup guide having tried it in a home office and on the train it survived a drop onto concrete
3708,train,scope_long,0,i can not honestly say that across three different laptops and one tablet after swapping in the cable that came with it the battery easily lasts two days
3709,test,scope_long,1,bought during the autumn sale i can honestly say that after two weeks of daily use even allowing for the most recent firmware update the stitching is even all the way round ordered through the app
3710,test,scope_long,0,for reference the other reviews were correct that even allowing for the most recent firmware update compared with the previous model i owned the return label cost me twelve dollars
3711,train,scope_long,1,buying for a home office my experience matched the claim that in the two months since the box arrived even allowing for the most recent firmware update the printed instructions were clear and short updating this review later
3712,train,scope_long,1,second one i have bought the other reviews were correct that across three different laptops and one tablet going by what the product listing actually says the screen is bright and crisp
3713,val,scope_long,0,i have used it daily since march i would never tell a friend that going by what the product listing actually says even allowing for the most recent firmware update it pairs with my laptop instantly ordered through the app
3714,test,scope_long,0,replacing a five year old unit my experience matched the claim that having tried it in a home office and on the train after two weeks of daily use the colour is nothing like the product photos
3715,train,scope_long,0,it is not true that once i had worked through the printed setup guide after swapping in the cable that came with it the stitching is even all the way round will report back after the winter
3716,test,scope_long,1,i will not confirm that after two weeks of daily use across three different laptops and one tablet the return label cost me twelve dollars
3717,test,scope_long,0,the other reviews were not correct that in the two months since the box arrived going by what the product listing actually says it charges fully in about an hour model number lc four seven five
3718,train,scope_long,1,my experience matched the claim that for the money and for the use case i bought it for compared with the previous model i owned the screen is bright and crisp will report back after the winter
3719,val,scope_long,1,replacing a five year old unit i would never tell a friend that across three different laptops and one tablet once i had worked through the printed setup guide the seller shipped the wrong variant
3720,train,scope_long,1,shipped to a uk address i can honestly say that after two weeks of daily use going by what the product listing actually says it survived a drop onto concrete ordered through the app
3721,train,scope_long,0,i would tell a friend that even allowing for the most recent firmware update after swapping in the cable that came with it setup took me most of an afternoon happy to answer questions
3722,train,scope_long,0,i would tell a friend that once i had worked through the printed setup guide compared with the previous model i owned the carrying case tore at the seam updating this review later
3723,train,scope_long,0,second one i have bought i can honestly say that once i had worked through the printed setup guide having tried it in a home office and on the train setup took me most of an afternoon posting this after a month of use
3724,train,scope_long,1,i would never tell a friend that after two weeks of daily use once i had worked through the printed setup guide the colour is nothing like the product photos happy to answer questions
3725,test,scope_long,1,buying for a home office the other reviews were not correct that compared with the previous model i owned in the two months since the box arrived the battery drains overnight while it is off bought the black version
3726,train,scope_long,0,it is not true that for the money and for the use case i bought it for in the two months since the box arrived delivery arrived a day early ordered through the app
3727,train,scope_long,0,it is not true that once i had worked through the printed setup guide after two weeks of daily use delivery arrived a day early
3728,train,scope_long,1,for reference it is true that for the money and for the use case i bought it for once i had worked through the printed setup guide it survived a drop onto concrete
3729,train,scope_long,1,second one i have bought it is not true that going by what the product listing actually says after swapping in the cable that came with it it stopped charging after three weeks
3730,train,scope_long,0,i would tell a friend that after swapping in the cable that came with it having tried it in a home office and on the train the firmware update bricked the unit
3731,train,scope_long,0,second one i have bought my experience matched the claim that across three different laptops and one tablet once i had worked through the printed setup guide the companion app crashes on every launch ordered through the app
3732,train,scope_long,0,i will not confirm that after swapping in the cable that came with it once i had worked through the printed setup guide the keys have a satisfying travel happy to answer questions
3733,train,scope_long,0,i have used it daily since march i can not honestly say that compared with the previous model i owned going by what the product listing actually says the weight is far lower than i expected happy to answer questions
3734,train,scope_long,0,i would tell a friend that across three different laptops and one tablet for the money and for the use case i bought it for it disconnects from my laptop constantly
3735,train,scope_long,1,bought during the autumn sale my experience matched the claim that once i had worked through the printed setup guide after two weeks of daily use the packaging was neat and fully recyclable happy to answer questions
3736,train,scope_long,0,ordered this in june the other reviews were correct that once i had worked through the printed setup guide for the money and for the use case i bought it for the sound is tinny at any volume model number lc four seven five
3737,train,scope_long,0,i can honestly say that after swapping in the cable that came with it in the two months since the box arrived it stopped charging after three weeks will report back after the winter
3738,train,scope_long,1,i have used it daily since march my experience did not match the claim that compared with the previous model i owned after swapping in the cable that came with it the screen developed a dead pixel in week two
3739,train,scope_long,0,i would tell a friend that compared with the previous model i owned in the two months since the box arrived the mounting bracket snapped under load updating this review later
3740,train,scope_long,0,my experience did not match the claim that after two weeks of daily use having tried it in a home office and on the train the warranty claim took three minutes online
3741,val,scope_long,1,replacing a five year old unit i can honestly say that after two weeks of daily use across three different laptops and one tablet the seller threw in a spare cable
3742,train,scope_long,0,ordered this in june i would never tell a friend that once i had worked through the printed setup guide after swapping in the cable that came with it the printed instructions were clear and short model number lc four seven five
3743,test,scope_long,0,ordered this in june the other reviews were not correct that once i had worked through the printed setup guide for the money and for the use case i bought it for the build quality feels premium will report back after the winter
3744,val,scope_long,0,i have used it daily since march it is true that after swapping in the cable that came with it going by what the product listing actually says the firmware update bricked the unit ordered through the app
3745,train,scope_long,1,i have used it daily since march my experience matched the claim that once i had worked through the printed setup guide across three different laptops and one tablet it survived a drop onto concrete
3746,train,scope_long,1,second one i have bought i can honestly say that across three different laptops and one tablet compared with the previous model i owned it survived a drop onto concrete updating this review later
3747,train,scope_long,0,buying for a home office i would never tell a friend that once i had worked through the printed setup guide in the two months since the box arrived the fit is exactly as described
3748,test,scope_long,1,for reference my experience matched the claim that even allowing for the most recent firmware update after two weeks of daily use the fabric held up after ten washes
3749,train,scope_long,0,i have used it daily since march the other reviews were not correct that having tried it in a home office and on the train for the money and for the use case i bought it for the keys have a satisfying travel bought the black version
3750,train,scope_long,0,ordered this in june i can not honestly say that going by what the product listing actually says compared with the previous model i owned customer service refunded me the same day happy to answer questions
3751,train,scope_long,1,i have used it daily since march the other reviews were not correct that in the two months since the box arrived after two weeks of daily use customer service put me on hold for an hour will report back after the winter
3752,train,scope_long,1,replacing a five year old unit i can not honestly say that for the money and for the use case i bought it for once i had worked through the printed setup guide delivery was nine days late with no notice bought the black version
3753,val,scope_long,1,bought during the autumn sale i will confirm that going by what the product listing actually says across three different laptops and one tablet the battery easily lasts two days updating this review later
3754,train,scope_long,1,ordered this in june i can honestly say that once i had worked through the printed setup guide in the two months since the box arrived it survived a drop onto concrete
3755,train,scope_long,0,buying for a home office my experience did not match the claim that across three different laptops and one tablet for the money and for the use case i bought it for the hinge still feels tight after a year will report back after the winter
3756,train,scope_long,1,the other reviews were not correct that after two weeks of daily use having tried it in a home office and on the train the mounting bracket snapped under load
3757,test,scope_long,0,for reference it is true that once i had worked through the printed setup guide for the money and for the use case i bought it for delivery was nine days late with no notice happy to answer questions
3758,test,scope_long,0,ordered this in june the other reviews were correct that for the money and for the use case i bought it for going by what the product listing actually says setup took me most of an afternoon will report back after the winter
3759,val,scope_long,1,bought during the autumn sale i would tell a friend that even allowing for the most recent firmware update having tried it in a home office and on the train the screen is bright and crisp will report back after the winter
3760,train,scope_long,0,buying for a home office the other reviews were correct that after swapping in the cable that came with it once i had worked through the printed setup guide support never replied to my ticket updating this review later
3761,train,scope_long,1,the other reviews were correct that after swapping in the cable that came with it having tried it in a home office and on the train setup took under five minutes updating this review later
3762,train,scope_long,1,second one i have bought i will confirm that across three different laptops and one tablet going by what the product listing actually says the screen is bright and crisp model number lc four seven five
3763,test,scope_long,0,bought during the autumn sale the other reviews were correct that after two weeks of daily use even allowing for the most recent firmware update the packaging arrived crushed and open model number lc four seven five
3764,test,scope_long,1,shipped to a uk address it is not true that after swapping in the cable that came with it after two weeks of daily use the fit runs two sizes small ordered through the app
3765,train,scope_long,0,for reference i can honestly say that after swapping in the cable that came with it for the money and for the use case i bought it for the sound is tinny at any volume updating this review later
3766,test,scope_long,1,it is not true that even allowing for the most recent firmware update going by what the product listing actually says the seller shipped the wrong variant will report back after the winter
3767,train,scope_long,1,second one i have bought it is true that after two weeks of daily use after swapping in the cable that came with it the keys have a satisfying travel will report back after the winter
3768,test,scope_long,0,second one i have bought i would tell a friend that after swapping in the cable that came with it once i had worked through the printed setup guide setup took me most of an afternoon
3769,test,scope_long,0,for reference my experience matched the claim that having tried it in a home office and on the train across three different laptops and one tablet support never replied to my ticket happy to answer questions
3770,test,scope_long,0,buying for a home office i will confirm that for the money and for the use case i bought it for having tried it in a home office and on the train the warranty claim has been open for six weeks
3771,train,scope_long,0,replacing a five year old unit it is not true that going by what the product listing actually says after swapping in the cable that came with it it pairs with my laptop instantly model number lc four seven five
3772,train,scope_long,0,shipped to a uk address the other reviews were not correct that once i had worked through the printed setup guide in the two months since the box arrived it pairs with my laptop instantly will report back after the winter
3773,train,scope_long,0,bought during the autumn sale my experience matched the claim that in the two months since the box arrived even allowing for the most recent firmware update the hinge went loose within a month
3774,val,scope_long,1,second one i have bought i can not honestly say that going by what the product listing actually says across three different laptops and one tablet the seller shipped the wrong variant will report back after the winter
3775,train,scope_long,1,i have used it daily since march my experience matched the claim that even allowing for the most recent firmware update going by what the product listing actually says the return label was already in the box
3776,test,scope_long,0,second one i have bought i can honestly say that after swapping in the cable that came with it after two weeks of daily use delivery was nine days late with no notice
3777,train,scope_long,0,i can honestly say that for the money and for the use case i bought it for compared with the previous model i owned the weight makes it useless for travel posting this after a month of use
3778,train,scope_long,1,replacing a five year old unit it is not true that compared with the previous model i owned once i had worked through the printed setup guide the fabric pilled after a single wash model number lc four seven five
3779,test,scope_long,1,replacing a five year old unit the other reviews were correct that once i had worked through the printed setup guide going by what the product listing actually says it pairs with my laptop instantly
3780,train,scope_long,1,my experience matched the claim that across three different laptops and one tablet even allowing for the most recent firmware update it survived a drop onto concrete ordered through the app
3781,test,scope_long,0,buying for a home office i will confirm that after two weeks of daily use in the two months since the box arrived the fabric pilled after a single wash posting this after a month of use
3782,train,scope_long,1,my experience matched the claim that for the money and for the use case i bought it for after swapping in the cable that came with it the carrying case is genuinely useful model number lc four seven five
3783,test,scope_long,0,my experience did not match the claim that even allowing for the most recent firmware update once i had worked through the printed setup guide the return label was already in the box
3784,train,scope_long,1,ordered this in june my experience matched the claim that across three different laptops and one tablet once i had worked through the printed setup guide the fit is exactly as described will report back after the winter
3785,train,scope_long,0,bought during the autumn sale the other reviews were not correct that after swapping in the cable that came with it in the two months since the box arrived the return label was already in the box updating this review later
3786,train,scope_long,0,second one i have bought i will not confirm that after two weeks of daily use for the money and for the use case i bought it for the mounting bracket lines up perfectly posting this after a month of use
3787,train,scope_long,0,bought during the autumn sale i can not honestly say that for the money and for the use case i bought it for having tried it in a home office and on the train the firmware update installed without a hitch will report back after the winter
3788,train,scope_long,0,it is not true that after two weeks of daily use having tried it in a home office and on the train the firmware update installed without a hitch ordered through the app
3789,train,scope_long,0,my experience matched the claim that going by what the product listing actually says having tried it in a home office and on the train the fit runs two sizes small bought the black version
3790,val,scope_long,0,i have used it daily since march i can honestly say that once i had worked through the printed setup guide having tried it in a home office and on the train the seller shipped the wrong variant
3791,train,scope_long,0,ordered this in june it is not true that once i had worked through the printed setup guide after swapping in the cable that came with it it pairs with my laptop instantly
3792,train,scope_long,1,ordered this in june it is not true that once i had worked through the printed setup guide compared with the previous model i owned the build quality feels cheap in the hand
3793,train,scope_long,1,the other reviews were correct that in the two months since the box arrived for the money and for the use case i bought it for the stitching is even all the way round bought the black version
3794,test,scope_long,1,it is true that in the two months since the box arrived for the money and for the use case i bought it for the seller threw in a spare cable happy to answer questions
3795,train,scope_long,1,it is not true that across three different laptops and one tablet going by what the product listing actually says support never replied to my ticket will report back after the winter
3796,train,scope_long,0,bought during the autumn sale i would tell a friend that having tried it in a home office and on the train even allowing for the most recent firmware update the sound is tinny at any volume ordered through the app
3797,train,scope_long,0,it is not true that going by what the product listing actually says even allowing for the most recent firmware update setup took under five minutes ordered through the app
3798,train,scope_long,1,bought during the autumn sale it is not true that having tried it in a home office and on the train compared with the previous model i owned the keys started sticking almost immediately posting this after a month of use
3799,train,scope_long,1,the other reviews were not correct that in the two months since the box arrived after two weeks of daily use the return label cost me twelve dollars happy to answer questions
3800,train,scope_long,1,ordered this in june my experience matched the claim that after swapping in the cable that came with it in the two months since the box arrived it charges fully in about an hour
3801,train,scope_long,1,i will not confirm that compared with the previous model i owned having tried it in a home office and on the train customer service put me on hold for an hour will report back after the winter
3802,test,scope_long,0,buying for a home office it is not true that compared with the previous model i owned in the two months since the box arrived the return label was already in the box model number lc four seven five
3803,train,scope_long,1,ordered this in june the other reviews were not correct that for the money and for the use case i bought it for having tried it in a home office and on the train the stitching came apart at the corner
3804,train,scope_long,0,my experience matched the claim that for the money and for the use case i bought it for compared with the previous model i owned the weight makes it useless for travel will report back after the winter
3805,val,scope_long,0,for reference it is not true that in the two months since the box arrived once i had worked through the printed setup guide the fit is exactly as described will report back after the winter
3806,val,scope_long,1,ordered this in june i can honestly say that across three different laptops and one tablet even allowing for the most recent firmware update the printed instructions were clear and short model number lc four seven five
3807,test,scope_long,0,the other reviews were not correct that even allowing for the most recent firmware update across three different laptops and one tablet the fabric held up after ten washes ordered through the app
3808,train,scope_long,1,shipped to a uk address i will confirm that in the two months since the box arrived once i had worked through the printed setup guide the companion app is responsive and clean
3809,train,scope_long,1,i have used it daily since march the other reviews were correct that in the two months since the box arrived after two weeks of daily use the colour matches the product photos
3810,train,scope_long,1,for reference it is not true that in the two months since the box arrived for the money and for the use case i bought it for the packaging arrived crushed and open bought the black version
3811,train,scope_long,0,for reference it is not true that after swapping in the cable that came with it after two weeks of daily use it survived a drop onto concrete updating this review later
3812,train,scope_long,1,ordered this in june the other reviews were correct that in the two months since the box arrived even allowing for the most recent firmware update the fit is exactly as described
3813,train,scope_long,0,shipped to a uk address my experience matched the claim that once i had worked through the printed setup guide compared with the previous model i owned the keys started sticking almost immediately will report back after the winter
3814,train,scope_long,1,i can honestly say that once i had worked through the printed setup guide in the two months since the box arrived the battery easily lasts two days posting this after a month of use
3815,train,scope_long,0,i have used it daily since march i can honestly say that even allowing for the most recent firmware update once i had worked through the printed setup guide delivery was nine days late with no notice
3816,train,scope_long,0,i can not honestly say that compared with the previous model i owned once i had worked through the printed setup guide setup took under five minutes ordered through the app
3817,train,scope_long,0,i have used it daily since march my experience matched the claim that having tried it in a home office and on the train across three different laptops and one tablet the fabric pilled after a single wash updating this review later
3818,test,scope_long,1,second one i have bought i would tell a friend that after two weeks of daily use even allowing for the most recent firmware update the seller threw in a spare cable updating this review later
3819,test,scope_long,1,it is not true that for the money and for the use case i bought it for having tried it in a home office and on the train the carrying case tore at the seam model number lc four seven five
3820,train,scope_long,0,it is not true that once i had worked through the printed setup guide having tried it in a home office and on the train the firmware update installed without a hitch updating this review later
3821,train,scope_long,1,second one i have bought my experience did not match the claim that for the money and for the use case i bought it for going by what the product listing actually says the stitching came apart at the corner bought the black version
3822,train,scope_long,0,i would tell a friend that after swapping in the cable that came with it having tried it in a home office and on the train the printed instructions were one unreadable page ordered through the app
3823,train,scope_long,1,i would never tell a friend that for the money and for the use case i bought it for compared with the previous model i owned the colour is nothing like the product photos model number lc four seven five
3824,val,scope_long,1,shipped to a uk address the other reviews were correct that for the money and for the use case i bought it for after swapping in the cable that came with it the sound is surprisingly rich updating this review later
3825,train,scope_long,0,buying for a home office i can not honestly say that compared with the previous model i owned once i had worked through the printed setup guide the companion app is responsive and clean posting this after a month of use
3826,test,scope_long,1,shipped to a uk address my experience did not match the claim that compared with the previous model i owned even allowing for the most recent firmware update the carrying case tore at the seam model number lc four seven five
3827,test,scope_long,1,i can not honestly say that going by what the product listing actually says in the two months since the box arrived support never replied to my ticket updating this review later
3828,test,scope_long,0,replacing a five year old unit i will not confirm that once i had worked through the printed setup guide going by what the product listing actually says it pairs with my laptop instantly updating this review later
3829,train,scope_long,0,i have used it daily since march i will confirm that for the money and for the use case i bought it for after swapping in the cable that came with it setup took me most of an afternoon bought the black version
3830,train,scope_long,0,bought during the autumn sale i would never tell a friend that even allowing for the most recent firmware update for the money and for the use case i bought it for the battery easily lasts two days ordered through the app
3831,train,scope_long,0,ordered this in june the other reviews were not correct that once i had worked through the printed setup guide going by what the product listing actually says the packaging was neat and fully recyclable updating this review later
3832,test,scope_long,1,ordered this in june my experience matched the claim that after two weeks of daily use having tried it in a home office and on the train the seller threw in a spare cable ordered through the app
3833,train,scope_long,0,i have used it daily since march i would never tell a friend that after two weeks of daily use in the two months since the box arrived the printed instructions were clear and short
3834,train,scope_long,0,i would tell a friend that even allowing for the most recent firmware update compared with the previous model i owned the seller shipped the wrong variant
3835,train,scope_long,0,i will confirm that across three different laptops and one tablet going by what the product listing actually says it stopped charging after three weeks model number lc four seven five
3836,val,scope_long,1,my experience matched the claim that having tried it in a home office and on the train going by what the product listing actually says the companion app is responsive and clean will report back after the winter
3837,train,scope_long,0,i would never tell a friend that going by what the product listing actually says for the money and for the use case i bought it for the screen is bright and crisp ordered through the app
3838,train,scope_long,0,the other reviews were correct that once i had worked through the printed setup guide compared with the previous model i owned it stopped charging after three weeks will report back after the winter
3839,train,scope_long,1,bought during the autumn sale i would never tell a friend that once i had worked through the printed setup guide compared with the previous model i owned the fit runs two sizes small
3840,val,scope_long,1,ordered this in june i can not honestly say that for the money and for the use case i bought it for going by what the product listing actually says support never replied to my ticket ordered through the app
3841,test,scope_long,1,bought during the autumn sale i will confirm that for the money and for the use case i bought it for in the two months since the box arrived the price is unbeatable for this spec model number lc four seven five
3842,train,scope_long,0,i have used it daily since march i will confirm that in the two months since the box arrived across three different laptops and one tablet the return label cost me twelve dollars
3843,train,scope_long,1,i have used it daily since march my experience matched the claim that for the money and for the use case i bought it for after two weeks of daily use it survived a drop onto concrete
3844,train,scope_long,1,bought during the autumn sale the other reviews were correct that compared with the previous model i owned having tried it in a home office and on the train the packaging was neat and fully recyclable updating this review later
3845,train,scope_long,1,bought during the autumn sale i can honestly say that after swapping in the cable that came with it after two weeks of daily use the carrying case is genuinely useful happy to answer questions
3846,test,scope_long,0,my experience matched the claim that having tried it in a home office and on the train for the money and for the use case i bought it for the mounting bracket snapped under load
3847,val,scope_long,0,for reference it is not true that having tried it in a home office and on the train after swapping in the cable that came with it the fabric held up after ten washes bought the black version
3848,test,scope_long,0,my experience matched the claim that compared with the previous model i owned across three different laptops and one tablet it cracked from a knock off the desk updating this review later
3849,test,scope_long,0,bought during the autumn sale the other reviews were not correct that going by what the product listing actually says for the money and for the use case i bought it for the carrying case is genuinely useful will report back after the winter
3850,train,scope_long,1,buying for a home office my experience did not match the claim that having tried it in a home office and on the train compared with the previous model i owned the seller shipped the wrong variant model number lc four seven five
3851,test,scope_long,0,replacing a five year old unit i would tell a friend that going by what the product listing actually says across three different laptops and one tablet the return label cost me twelve dollars updating this review later
3852,train,scope_long,1,i can honestly say that in the two months since the box arrived going by what the product listing actually says the companion app is responsive and clean model number lc four seven five
3853,val,scope_long,0,i have used it daily since march my experience did not match the claim that for the money and for the use case i bought it for once i had worked through the printed setup guide the mounting bracket lines up perfectly model number lc four seven five
3854,test,scope_long,0,for reference the other reviews were not correct that across three different laptops and one tablet compared with the previous model i owned the warranty claim took three minutes online model number lc four seven five
3855,train,scope_long,1,my experience matched the claim that having tried it in a home office and on the train after two weeks of daily use the colour matches the product photos bought the black version
3856,train,scope_long,0,shipped to a uk address i would never tell a friend that for the money and for the use case i bought it for even allowing for the most recent firmware update the printed instructions were clear and short
3857,train,scope_long,0,ordered this in june my experience matched the claim that going by what the product listing actually says even allowing for the most recent firmware update the stitching came apart at the corner posting this after a month of use
3858,train,scope_long,1,the other reviews were correct that after swapping in the cable that came with it going by what the product listing actually says the carrying case is genuinely useful happy to answer questions
3859,train,scope_long,1,replacing a five year old unit it is not true that after swapping in the cable that came with it in the two months since the box arrived the build quality feels cheap in the hand posting this after a month of use
3860,train,scope_long,0,second one i have bought i can not honestly say that once i had worked through the printed setup guide after swapping in the cable that came with it the fit is exactly as described
3861,train,scope_long,0,i can honestly say that across three different laptops and one tablet for the money and for the use case i bought it for the mounting bracket snapped under load
3862,test,scope_long,0,i would tell a friend that once i had worked through the printed setup guide in the two months since the box arrived delivery was nine days late with no notice
3863,train,scope_long,0,replacing a five year old unit it is not true that for the money and for the use case i bought it for after two weeks of daily use the price is unbeatable for this spec
3864,train,scope_long,0,for reference my experience did not match the claim that in the two months since the box arrived across three different laptops and one tablet the battery easily lasts two days
3865,train,scope_long,1,i would never tell a friend that having tried it in a home office and on the train in the two months since the box arrived the build quality feels cheap in the hand
3866,val,scope_long,0,i have used it daily since march the other reviews were not correct that even allowing for the most recent firmware update compared with the previous model i owned the fit is exactly as described updating this review later
3867,train,scope_long,0,buying for a home office i will not confirm that once i had worked through the printed setup guide even allowing for the most recent firmware update the carrying case is genuinely useful
3868,test,scope_long,1,for reference it is not true that in the two months since the box arrived after two weeks of daily use the battery drains overnight while it is off
3869,test,scope_long,0,bought during the autumn sale i can not honestly say that compared with the previous model i owned across three different laptops and one tablet the keys have a satisfying travel happy to answer questions
3870,train,scope_long,1,second one i have bought i would tell a friend that even allowing for the most recent firmware update after swapping in the cable that came with it the firmware update installed without a hitch ordered through the app
3871,train,scope_long,0,for reference it is true that across three different laptops and one tablet compared with the previous model i owned delivery was nine days late with no notice
3872,train,scope_long,1,replacing a five year old unit my experience did not match the claim that across three different laptops and one tablet after swapping in the cable that came with it the build quality feels cheap in the hand bought the black version
3873,train,scope_long,1,ordered this in june it is true that in the two months since the box arrived after swapping in the cable that came with it it survived a drop onto concrete
3874,train,scope_long,1,i would tell a friend that going by what the product listing actually says having tried it in a home office and on the train it charges fully in about an hour ordered through the app
3875,train,scope_long,1,replacing a five year old unit i would never tell a friend that compared with the previous model i owned after swapping in the cable that came with it it stopped charging after three weeks bought the black version
3876,train,scope_long,1,i can honestly say that going by what the product listing actually says after swapping in the cable that came with it the packaging was neat and fully recyclable
3877,test,scope_long,0,i can not honestly say that for the money and for the use case i bought it for after two weeks of daily use the build quality feels premium posting this after a month of use
3878,train,scope_long,0,ordered this in june i can not honestly say that going by what the product listing actually says after swapping in the cable that came with it the printed instructions were clear and short bought the black version
3879,train,scope_long,1,i have used it daily since march i would tell a friend that after swapping in the cable that came with it having tried it in a home office and on the train the price is unbeatable for this spec will report back after the winter
3880,test,scope_long,0,i have used it daily since march i would never tell a friend that for the money and for the use case i bought it for once i had worked through the printed setup guide the carrying case is genuinely useful model number lc four seven five
3881,train,scope_long,0,i can not honestly say that across three different laptops and one tablet once i had worked through the printed setup guide the fit is exactly as described
3882,test,scope_long,1,bought during the autumn sale the other reviews were not correct that after two weeks of daily use for the money and for the use case i bought it for the sound is tinny at any volume ordered through the app
3883,train,scope_long,1,buying for a home office i would never tell a friend that even allowing for the most recent firmware update going by what the product listing actually says delivery was nine days late with no notice bought the black version
3884,train,scope_long,0,the other reviews were correct that after swapping in the cable that came with it in the two months since the box arrived the colour is nothing like the product photos
3885,train,scope_long,1,bought during the autumn sale i can not honestly say that once i had worked through the printed setup guide having tried it in a home office and on the train it stopped charging after three weeks model number lc four seven five
3886,train,scope_long,1,i have used it daily since march i will confirm that once i had worked through the printed setup guide after two weeks of daily use the carrying case is genuinely useful ordered through the app
3887,train,scope_long,0,bought during the autumn sale my experience did not match the claim that going by what the product listing actually says for the money and for the use case i bought it for the keys have a satisfying travel ordered through the app
3888,test,scope_long,0,my experience matched the claim that across three different laptops and one tablet after two weeks of daily use the hinge went loose within a month
3889,train,scope_long,0,ordered this in june i would never tell a friend that going by what the product listing actually says in the two months since the box arrived the colour matches the product photos ordered through the app
3890,train,scope_long,0,second one i have bought my experience matched the claim that having tried it in a home office and on the train across three different laptops and one tablet it cracked from a knock off the desk
3891,train,scope_long,0,bought during the autumn sale i will not confirm that for the money and for the use case i bought it for having tried it in a home office and on the train the build quality feels premium
3892,train,scope_long,0,my experience did not match the claim that for the money and for the use case i bought it for in the two months since the box arrived it charges fully in about an hour
3893,train,scope_long,1,ordered this in june my experience did not match the claim that having tried it in a home office and on the train across three different laptops and one tablet the battery drains overnight while it is off bought the black version
3894,test,scope_long,0,buying for a home office my experience did not match the claim that across three different laptops and one tablet once i had worked through the printed setup guide the firmware update installed without a hitch updating this review later
3895,train,scope_long,1,i have used it daily since march my experience did not match the claim that after swapping in the cable that came with it across three different laptops and one tablet support never replied to my ticket
3896,val,scope_long,1,i have used it daily since march it is true that having tried it in a home office and on the train even allowing for the most recent firmware update the return label was already in the box ordered through the app
3897,val,scope_long,0,i have used it daily since march it is not true that even allowing for the most recent firmware update after swapping in the cable that came with it the fit is exactly as described bought the black version
3898,train,scope_long,0,second one i have bought the other reviews were correct that after two weeks of daily use going by what the product listing actually says the price went up the day after i ordered updating this review later
3899,test,scope_long,0,shipped to a uk address my experience did not match the claim that after two weeks of daily use once i had worked through the printed setup guide setup took under five minutes model number lc four seven five
3900,test,scope_long,0,i would tell a friend that for the money and for the use case i bought it for after swapping in the cable that came with it the fit runs two sizes small updating this review later
3901,train,scope_long,0,i would never tell a friend that compared with the previous model i owned for the money and for the use case i bought it for setup took under five minutes model number lc four seven five
3902,train,scope_long,0,i can not honestly say that compared with the previous model i owned going by what the product listing actually says support answered within an hour
3903,test,scope_long,1,bought during the autumn sale my experience matched the claim that in the two months since the box arrived for the money and for the use case i bought it for the printed instructions were clear and short updating this review later
3904,test,scope_long,1,replacing a five year old unit the other reviews were correct that going by what the product listing actually says even allowing for the most recent firmware update the seller threw in a spare cable posting this after a month of use
3905,train,scope_long,1,bought during the autumn sale my experience did not match the claim that once i had worked through the printed setup guide in the two months since the box arrived customer service put me on hold for an hour
3906,train,scope_long,0,i can honestly say that having tried it in a home office and on the train for the money and for the use case i bought it for the seller shipped the wrong variant
3907,train,scope_long,1,i have used it daily since march the other reviews were not correct that after two weeks of daily use across three different laptops and one tablet delivery was nine days late with no notice
3908,test,scope_long,0,bought during the autumn sale i can not honestly say that going by what the product listing actually says even allowing for the most recent firmware update the mounting bracket lines up perfectly
3909,test,scope_long,0,replacing a five year old unit the other reviews were not correct that for the money and for the use case i bought it for going by what the product listing actually says support answered within an hour
3910,train,scope_long,0,my experience matched the claim that in the two months since the box arrived once i had worked through the printed setup guide customer service put me on hold for an hour
3911,test,scope_long,0,i have used it daily since march my experience matched the claim that having tried it in a home office and on the train once i had worked through the printed setup guide the colour is nothing like the product photos
3912,train,scope_long,0,i will confirm that going by what the product listing actually says after two weeks of daily use the seller shipped the wrong variant bought the black version
3913,train,scope_long,1,it is not true that after two weeks of daily use going by what the product listing actually says the seller shipped the wrong variant
3914,train,scope_long,1,shipped to a uk address i can honestly say that for the money and for the use case i bought it for even allowing for the most recent firmware update it pairs with my laptop instantly
3915,train,scope_long,1,i have used it daily since march i can not honestly say that after two weeks of daily use compared with the previous model i owned the firmware update bricked the unit model number lc four seven five
3916,test,scope_long,1,second one i have bought the other reviews were not correct that even allowing for the most recent firmware update after swapping in the cable that came with it delivery was nine days late with no notice happy to answer questions
3917,val,scope_long,1,i have used it daily since march i would never tell a friend that in the two months since the box arrived even allowing for the most recent firmware update the carrying case tore at the seam posting this after a month of use
3918,train,scope_long,0,it is true that having tried it in a home office and on the train once i had worked through the printed setup guide the mounting bracket snapped under load
3919,train,scope_long,0,ordered this in june i can honestly say that once i had worked through the printed setup guide after two weeks of daily use the build quality feels cheap in the hand model number lc four seven five
3920,test,scope_long,0,the other reviews were correct that compared with the previous model i owned after two weeks of daily use the stitching came apart at the corner updating this review later
3921,train,scope_long,1,buying for a home office i will confirm that for the money and for the use case i bought it for after two weeks of daily use the companion app is responsive and clean ordered through the app
3922,val,scope_long,1,for reference it is true that even allowing for the most recent firmware update for the money and for the use case i bought it for the mounting bracket lines up perfectly updating this review later
3923,val,scope_long,0,it is not true that even allowing for the most recent firmware update after two weeks of daily use the carrying case is genuinely useful
3924,train,scope_long,1,for reference i would tell a friend that once i had worked through the printed setup guide after two weeks of daily use the battery easily lasts two days model number lc four seven five
3925,test,scope_long,1,i can honestly say that having tried it in a home office and on the train after two weeks of daily use it pairs with my laptop instantly ordered through the app
3926,train,scope_long,1,for reference my experience did not match the claim that after two weeks of daily use compared with the previous model i owned the hinge went loose within a month posting this after a month of use
3927,train,scope_long,0,second one i have bought i will confirm that even allowing for the most recent firmware update for the money and for the use case i bought it for the weight makes it useless for travel
3928,train,scope_long,0,bought during the autumn sale i can honestly say that once i had worked through the printed setup guide after swapping in the cable that came with it customer service put me on hold for an hour ordered through the app
3929,train,scope_long,1,i will not confirm that having tried it in a home office and on the train once i had worked through the printed setup guide it cracked from a knock off the desk
3930,test,scope_long,1,i have used it daily since march i would never tell a friend that going by what the product listing actually says compared with the previous model i owned the colour is nothing like the product photos
3931,val,scope_long,0,second one i have bought i can honestly say that for the money and for the use case i bought it for having tried it in a home office and on the train it cracked from a knock off the desk bought the black version
3932,val,scope_long,1,second one i have bought my experience did not match the claim that after two weeks of daily use having tried it in a home office and on the train it cracked from a knock off the desk will report back after the winter
3933,val,scope_long,0,it is not true that having tried it in a home office and on the train after two weeks of daily use the fabric held up after ten washes bought the black version
3934,test,scope_long,0,for reference it is not true that going by what the product listing actually says having tried it in a home office and on the train setup took under five minutes posting this after a month of use
3935,test,scope_long,0,replacing a five year old unit i would tell a friend that having tried it in a home office and on the train after two weeks of daily use setup took me most of an afternoon
3936,val,scope_long,0,for reference the other reviews were not correct that after two weeks of daily use in the two months since the box arrived the price is unbeatable for this spec updating this review later
3937,test,scope_long,1,ordered this in june i would tell a friend that after two weeks of daily use compared with the previous model i owned the warranty claim took three minutes online happy to answer questions
3938,train,scope_long,0,my experience matched the claim that in the two months since the box arrived once i had worked through the printed setup guide the keys started sticking almost immediately happy to answer questions
3939,test,scope_long,1,for reference i will confirm that compared with the previous model i owned going by what the product listing actually says the build quality feels premium happy to answer questions
3940,train,scope_long,0,i have used it daily since march i will not confirm that having tried it in a home office and on the train after swapping in the cable that came with it delivery arrived a day early model number lc four seven five
3941,val,scope_long,1,i have used it daily since march i can not honestly say that for the money and for the use case i bought it for in the two months since the box arrived delivery was nine days late with no notice
3942,train,scope_long,0,it is not true that across three different laptops and one tablet even allowing for the most recent firmware update support answered within an hour
3943,train,scope_long,1,for reference it is not true that going by what the product listing actually says even allowing for the most recent firmware update the warranty claim has been open for six weeks
3944,train,scope_long,1,ordered this in june the other reviews were correct that compared with the previous model i owned once i had worked through the printed setup guide it pairs with my laptop instantly ordered through the app
3945,train,scope_long,0,i have used it daily since march i can honestly say that even allowing for the most recent firmware update after two weeks of daily use the colour is nothing like the product photos
3946,test,scope_long,0,i would tell a friend that having tried it in a home office and on the train even allowing for the most recent firmware update it disconnects from my laptop constantly bought the black version
3947,train,scope_long,0,for reference the other reviews were correct that across three different laptops and one tablet once i had worked through the printed setup guide the price went up the day after i ordered posting this after a month of use
3948,test,scope_long,0,i would never tell a friend that even allowing for the most recent firmware update after swapping in the cable that came with it the hinge still feels tight after a year bought the black version
3949,train,scope_long,0,i have used it daily since march the other reviews were correct that for the money and for the use case i bought it for across three different laptops and one tablet the screen developed a dead pixel in week two ordered through the app
3950,val,scope_long,1,bought during the autumn sale my experience matched the claim that after swapping in the cable that came with it compared with the previous model i owned the battery easily lasts two days bought the black version
3951,test,scope_long,1,i would tell a friend that compared with the previous model i owned across three different laptops and one tablet the packaging was neat and fully recyclable ordered through the app
3952,val,scope_long,1,buying for a home office i can honestly say that even allowing for the most recent firmware update once i had worked through the printed setup guide the carrying case is genuinely useful bought the black version
3953,test,scope_long,1,shipped to a uk address i can not honestly say that after two weeks of daily use compared with the previous model i owned the battery drains overnight while it is off
3954,train,scope_long,1,the other reviews were correct that having tried it in a home office and on the train after two weeks of daily use the seller threw in a spare cable bought the black version
3955,train,scope_long,0,second one i have bought i can not honestly say that after swapping in the cable that came with it going by what the product listing actually says the mounting bracket lines up perfectly
3956,train,scope_long,0,ordered this in june the other reviews were not correct that once i had worked through the printed setup guide in the two months since the box arrived the sound is surprisingly rich posting this after a month of use
3957,train,scope_long,1,the other reviews were correct that after swapping in the cable that came with it across three different laptops and one tablet the fabric held up after ten washes ordered through the app
3958,train,scope_long,0,i will confirm that compared with the previous model i owned once i had worked through the printed setup guide delivery was nine days late with no notice posting this after a month of use
3959,train,scope_long,0,for reference i can honestly say that for the money and for the use case i bought it for having tried it in a home office and on the train customer service put me on hold for an hour updating this review later
3960,train,scope_long,0,i have used it daily since march the other reviews were correct that after two weeks of daily use in the two months since the box arrived the packaging arrived crushed and open
3961,train,scope_long,0,for reference my experience matched the claim that after swapping in the cable that came with it after two weeks of daily use customer service put me on hold for an hour
3962,train,scope_long,1,bought during the autumn sale the other reviews were not correct that even allowing for the most recent firmware update having tried it in a home office and on the train the packaging arrived crushed and open bought the black version
3963,train,scope_long,0,the other reviews were correct that once i had worked through the printed setup guide in the two months since the box arrived support never replied to my ticket bought the black version
3964,test,scope_long,1,i can not honestly say that compared with the previous model i owned going by what the product listing actually says the price went up the day after i ordered will report back after the winter
3965,test,scope_long,0,i will confirm that having tried it in a home office and on the train after two weeks of daily use the printed instructions were one unreadable page
3966,train,scope_long,0,for reference it is true that across three different laptops and one tablet in the two months since the box arrived the colour is nothing like the product photos happy to answer questions
3967,train,scope_long,0,i will confirm that having tried it in a home office and on the train even allowing for the most recent firmware update the return label cost me twelve dollars ordered through the app
3968,train,scope_long,0,replacing a five year old unit i will confirm that in the two months since the box arrived after two weeks of daily use the seller shipped the wrong variant ordered through the app
3969,train,scope_long,0,i have used it daily since march my experience matched the claim that having tried it in a home office and on the train across three different laptops and one tablet the stitching came apart at the corner ordered through the app
3970,train,scope_long,0,for reference i will confirm that for the money and for the use case i bought it for compared with the previous model i owned the weight makes it useless for travel posting this after a month of use
3971,train,scope_long,1,second one i have bought i can honestly say that for the money and for the use case i bought it for having tried it in a home office and on the train the build quality feels premium will report back after the winter
3972,train,scope_long,0,my experience did not match the claim that even allowing for the most recent firmware update compared with the previous model i owned the keys have a satisfying travel bought the black version
3973,train,scope_long,1,ordered this in june it is true that after two weeks of daily use once i had worked through the printed setup guide setup took under five minutes
3974,test,scope_long,1,replacing a five year old unit i can not honestly say that after swapping in the cable that came with it going by what the product listing actually says it cracked from a knock off the desk ordered through the app
3975,train,scope_long,0,bought during the autumn sale the other reviews were not correct that in the two months since the box arrived across three different laptops and one tablet it charges fully in about an hour
3976,train,scope_long,1,shipped to a uk address my experience matched the claim that once i had worked through the printed setup guide after two weeks of daily use the stitching is even all the way round
3977,train,scope_long,0,i will confirm that across three different laptops and one tablet in the two months since the box arrived the fabric pilled after a single wash updating this review later
3978,val,scope_long,0,second one i have bought i can not honestly say that having tried it in a home office and on the train once i had worked through the printed setup guide customer service refunded me the same day
3979,train,scope_long,1,buying for a home office the other reviews were correct that once i had worked through the printed setup guide having tried it in a home office and on the train setup took under five minutes
3980,train,scope_long,0,replacing a five year old unit i would tell a friend that compared with the previous model i owned in the two months since the box arrived the screen developed a dead pixel in week two posting this after a month of use
3981,val,scope_long,0,i can honestly say that having tried it in a home office and on the train even allowing for the most recent firmware update the screen developed a dead pixel in week two ordered through the app
3982,train,scope_long,1,i would never tell a friend that even allowing for the most recent firmware update compared with the previous model i owned the colour is nothing like the product photos ordered through the app
3983,test,scope_long,1,i can not honestly say that after two weeks of daily use going by what the product listing actually says setup took me most of an afternoon
3984,test,scope_long,1,for reference i can honestly say that compared with the previous model i owned going by what the product listing actually says support answered within an hour posting this after a month of use
3985,train,scope_long,1,shipped to a uk address my experience matched the claim that after swapping in the cable that came with it going by what the product listing actually says the seller threw in a spare cable model number lc four seven five
3986,train,scope_long,0,i would never tell a friend that having tried it in a home office and on the train going by what the product listing actually says the build quality feels premium ordered through the app
3987,test,scope_long,0,i can honestly say that even allowing for the most recent firmware update once i had worked through the printed setup guide the warranty claim has been open for six weeks model number lc four seven five
3988,val,scope_long,0,i have used it daily since march my experience did not match the claim that for the money and for the use case i bought it for having tried it in a home office and on the train it charges fully in about an hour
3989,test,scope_long,0,shipped to a uk address it is not true that for the money and for the use case i bought it for after two weeks of daily use the hinge still feels tight after a year
3990,test,scope_long,0,replacing a five year old unit my experience matched the claim that having tried it in a home office and on the train in the two months since the box arrived the keys started sticking almost immediately bought the black version
3991,train,scope_long,0,second one i have bought i can not honestly say that going by what the product listing actually says once i had worked through the printed setup guide the keys have a satisfying travel model number lc four seven five
3992,train,scope_long,1,buying for a home office the other reviews were not correct that going by what the product listing actually says after two weeks of daily use the hinge went loose within a month
3993,val,scope_long,0,i would tell a friend that having tried it in a home office and on the train once i had worked through the printed setup guide the colour is nothing like the product photos model number lc four seven five
3994,train,scope_long,0,second one i have bought my experience did not match the claim that for the money and for the use case i bought it for after two weeks of daily use the stitching is even all the way round bought the black version
3995,train,scope_long,0,it is not true that for the money and for the use case i bought it for across three different laptops and one tablet the weight is far lower than i expected
3996,test,scope_long,0,replacing a five year old unit i can honestly say that having tried it in a home office and on the train even allowing for the most recent firmware update it disconnects from my laptop constantly
3997,train,scope_long,0,i have used it daily since march it is not true that going by what the product listing actually says in the two months since the box arrived the hinge still feels tight after a year ordered through the app
3998,train,scope_long,0,replacing a five year old unit i can not honestly say that having tried it in a home office and on the train across three different laptops and one tablet the carrying case is genuinely useful model number lc four seven five
3999,test,scope_long,1,replacing a five year old unit it is true that going by what the product listing actually says having tried it in a home office and on the train the fabric held up after ten washes updating this review later
4000,train,scope_long,0,i would tell a friend that even allowing for the most recent firmware update after two weeks of daily use the hinge went loose within a month happy to answer questions
4001,train,scope_long,1,shipped to a uk address i will confirm that going by what the product listing actually says after two weeks of daily use the fit is exactly as described updating this review later
4002,train,scope_long,0,for reference the other reviews were not correct that going by what the product listing actually says even allowing for the most recent firmware update support answered within an hour
4003,train,scope_long,1,i will not confirm that after two weeks of daily use once i had worked through the printed setup guide the battery drains overnight while it is off model number lc four seven five
4004,test,scope_long,1,for reference i will not confirm that across three different laptops and one tablet for the money and for the use case i bought it for the seller shipped the wrong variant bought the black version
4005,train,scope_long,0,for reference i can honestly say that after swapping in the cable that came with it across three different laptops and one tablet customer service put me on hold for an hour updating this review later
4006,test,scope_long,0,my experience did not match the claim that compared with the previous model i owned once i had worked through the printed setup guide the warranty claim took three minutes online ordered through the app
4007,train,scope_long,1,ordered this in june my experience matched the claim that even allowing for the most recent firmware update after two weeks of daily use the screen is bright and crisp
4008,test,scope_long,1,i will confirm that across three different laptops and one tablet in the two months since the box arrived the carrying case is genuinely useful will report back after the winter
4009,train,scope_long,0,it is true that going by what the product listing actually says in the two months since the box arrived the seller shipped the wrong variant bought the black version
4010,test,scope_long,1,ordered this in june i can honestly say that even allowing for the most recent firmware update in the two months since the box arrived the warranty claim took three minutes online posting this after a month of use
4011,train,scope_long,0,bought during the autumn sale i would tell a friend that across three different laptops and one tablet once i had worked through the printed setup guide the mounting bracket snapped under load ordered through the app
4012,train,scope_long,0,second one i have bought the other reviews were correct that once i had worked through the printed setup guide after swapping in the cable that came with it the packaging arrived crushed and open posting this after a month of use
4013,train,scope_long,1,bought during the autumn sale it is not true that for the money and for the use case i bought it for after two weeks of daily use the return label cost me twelve dollars happy to answer questions
4014,train,scope_long,1,i have used it daily since march it is true that for the money and for the use case i bought it for even allowing for the most recent firmware update customer service refunded me the same day posting this after a month of use
4015,train,scope_long,0,second one i have bought i can not honestly say that after two weeks of daily use going by what the product listing actually says customer service refunded me the same day
4016,train,scope_long,0,my experience matched the claim that in the two months since the box arrived compared with the previous model i owned the firmware update bricked the unit
4017,test,scope_long,0,replacing a five year old unit i can honestly say that compared with the previous model i owned after swapping in the cable that came with it the keys started sticking almost immediately posting this after a month of use
4018,test,scope_long,1,my experience matched the claim that once i had worked through the printed setup guide compared with the previous model i owned the packaging was neat and fully recyclable model number lc four seven five
4019,train,scope_long,1,buying for a home office i would never tell a friend that for the money and for the use case i bought it for after two weeks of daily use it cracked from a knock off the desk model number lc four seven five
4020,train,scope_long,1,i will not confirm that even allowing for the most recent firmware update across three different laptops and one tablet setup took me most of an afternoon happy to answer questions
4021,train,scope_long,1,for reference my experience did not match the claim that once i had worked through the printed setup guide after swapping in the cable that came with it the colour is nothing like the product photos happy to answer questions
4022,train,scope_long,1,my experience did not match the claim that in the two months since the box arrived after swapping in the cable that came with it the packaging arrived crushed and open ordered through the app
4023,train,scope_long,0,my experience did not match the claim that once i had worked through the printed setup guide after swapping in the cable that came with it it charges fully in about an hour
4024,train,scope_long,1,i would never tell a friend that going by what the product listing actually says once i had worked through the printed setup guide the keys started sticking almost immediately model number lc four seven five
4025,test,scope_long,0,bought during the autumn sale i can honestly say that having tried it in a home office and on the train in the two months since the box arrived the printed instructions were one unreadable page will report back after the winter
4026,train,scope_long,0,i can honestly say that after swapping in the cable that came with it going by what the product listing actually says the firmware update bricked the unit
4027,val,scope_long,1,shipped to a uk address i will confirm that having tried it in a home office and on the train once i had worked through the printed setup guide the mounting bracket lines up perfectly posting this after a month of use
4028,train,scope_long,0,i have used it daily since march i can honestly say that once i had worked through the printed setup guide compared with the previous model i owned it stopped charging after three weeks will report back after the winter
4029,train,scope_long,0,it is not true that after two weeks of daily use compared with the previous model i owned setup took under five minutes happy to answer questions
4030,test,scope_long,1,buying for a home office it is true that after swapping in the cable that came with it compared with the previous model i owned the seller threw in a spare cable ordered through the app
4031,train,scope_long,1,shipped to a uk address the other reviews were not correct that for the money and for the use case i bought it for compared with the previous model i owned the hinge went loose within a month
4032,train,scope_long,1,bought during the autumn sale it is true that in the two months since the box arrived after two weeks of daily use the fabric held up after ten washes
4033,train,scope_long,1,shipped to a uk address i will not confirm that for the money and for the use case i bought it for even allowing for the most recent firmware update support never replied to my ticket updating this review later
4034,train,scope_long,1,buying for a home office i would tell a friend that across three different laptops and one tablet having tried it in a home office and on the train the fabric held up after ten washes happy to answer questions
4035,test,scope_long,0,i would never tell a friend that having tried it in a home office and on the train across three different laptops and one tablet the return label was already in the box
4036,train,scope_long,0,for reference i would never tell a friend that having tried it in a home office and on the train in the two months since the box arrived the seller threw in a spare cable
4037,train,scope_long,1,i have used it daily since march the other reviews were correct that having tried it in a home office and on the train after swapping in the cable that came with it the printed instructions were clear and short will report back after the winter
4038,test,scope_long,1,bought during the autumn sale it is true that for the money and for the use case i bought it for after two weeks of daily use the screen is bright and crisp posting this after a month of use
4039,train,scope_long,1,shipped to a uk address i would never tell a friend that even allowing for the most recent firmware update across three different laptops and one tablet the price went up the day after i ordered bought the black version
4040,train,scope_long,1,second one i have bought i will confirm that going by what the product listing actually says once i had worked through the printed setup guide the warranty claim took three minutes online updating this review later
4041,train,scope_long,0,bought during the autumn sale the other reviews were correct that after two weeks of daily use once i had worked through the printed setup guide the companion app crashes on every launch
4042,train,scope_long,1,i would never tell a friend that once i had worked through the printed setup guide even allowing for the most recent firmware update the companion app crashes on every launch posting this after a month of use
4043,train,scope_long,1,ordered this in june i would tell a friend that after swapping in the cable that came with it in the two months since the box arrived customer service refunded me the same day posting this after a month of use
4044,test,scope_long,1,for reference the other reviews were not correct that for the money and for the use case i bought it for going by what the product listing actually says the printed instructions were one unreadable page
4045,val,scope_long,0,ordered this in june the other reviews were correct that having tried it in a home office and on the train going by what the product listing actually says the seller shipped the wrong variant
4046,train,scope_long,1,i will not confirm that across three different laptops and one tablet in the two months since the box arrived the fit runs two sizes small updating this review later
4047,train,scope_long,1,for reference it is true that in the two months since the box arrived even allowing for the most recent firmware update the companion app is responsive and clean bought the black version
4048,train,scope_long,0,i will not confirm that compared with the previous model i owned after swapping in the cable that came with it the companion app is responsive and clean happy to answer questions
4049,train,scope_long,1,buying for a home office it is true that across three different laptops and one tablet having tried it in a home office and on the train the fit is exactly as described updating this review later
4050,test,scope_long,1,for reference i can not honestly say that after two weeks of daily use for the money and for the use case i bought it for the warranty claim has been open for six weeks
4051,train,scope_long,0,buying for a home office the other reviews were not correct that going by what the product listing actually says across three different laptops and one tablet the keys have a satisfying travel happy to answer questions
4052,train,scope_long,0,for reference i can honestly say that compared with the previous model i owned in the two months since the box arrived the warranty claim has been open for six weeks
4053,test,scope_long,0,buying for a home office it is true that compared with the previous model i owned in the two months since the box arrived the build quality feels cheap in the hand happy to answer questions
4054,test,scope_long,0,bought during the autumn sale it is true that for the money and for the use case i bought it for across three different laptops and one tablet the fabric pilled after a single wash ordered through the app
4055,val,scope_long,0,i will not confirm that for the money and for the use case i bought it for once i had worked through the printed setup guide the companion app is responsive and clean will report back after the winter
4056,test,scope_long,0,replacing a five year old unit i can honestly say that after swapping in the cable that came with it compared with the previous model i owned the packaging arrived crushed and open happy to answer questions
4057,val,scope_long,0,buying for a home office it is true that after swapping in the cable that came with it once i had worked through the printed setup guide the fit runs two sizes small bought the black version
4058,train,scope_long,1,it is true that across three different laptops and one tablet having tried it in a home office and on the train the sound is surprisingly rich bought the black version
4059,train,scope_long,0,i have used it daily since march i can not honestly say that having tried it in a home office and on the train after two weeks of daily use the build quality feels premium will report back after the winter
4060,train,scope_long,0,i can honestly say that once i had worked through the printed setup guide after swapping in the cable that came with it the packaging arrived crushed and open
4061,train,scope_long,1,my experience did not match the claim that even allowing for the most recent firmware update going by what the product listing actually says the colour is nothing like the product photos will report back after the winter
4062,test,scope_long,1,i would never tell a friend that even allowing for the most recent firmware update after two weeks of daily use the keys started sticking almost immediately
4063,train,scope_long,0,for reference i would never tell a friend that going by what the product listing actually says having tried it in a home office and on the train the build quality feels premium
4064,train,scope_long,1,i have used it daily since march it is not true that after two weeks of daily use after swapping in the cable that came with it the fabric pilled after a single wash
4065,test,scope_long,1,the other reviews were correct that across three different laptops and one tablet after two weeks of daily use the mounting bracket lines up perfectly posting this after a month of use
4066,val,scope_long,1,buying for a home office i would never tell a friend that compared with the previous model i owned even allowing for the most recent firmware update the firmware update bricked the unit
4067,train,scope_long,0,second one i have bought i can honestly say that in the two months since the box arrived for the money and for the use case i bought it for the battery drains overnight while it is off bought the black version
4068,test,scope_long,1,my experience matched the claim that even allowing for the most recent firmware update for the money and for the use case i bought it for the fit is exactly as described bought the black version
4069,train,scope_long,0,bought during the autumn sale it is true that once i had worked through the printed setup guide for the money and for the use case i bought it for the mounting bracket snapped under load ordered through the app
4070,train,scope_long,0,replacing a five year old unit i can not honestly say that for the money and for the use case i bought it for once i had worked through the printed setup guide it charges fully in about an hour model number lc four seven five
4071,train,scope_long,1,replacing a five year old unit my experience did not match the claim that in the two months since the box arrived even allowing for the most recent firmware update the fit runs two sizes small
4072,train,scope_long,0,i can not honestly say that for the money and for the use case i bought it for going by what the product listing actually says customer service refunded me the same day posting this after a month of use
4073,test,scope_long,0,shipped to a uk address i would tell a friend that compared with the previous model i owned once i had worked through the printed setup guide the keys started sticking almost immediately will report back after the winter
4074,test,scope_long,1,it is not true that after swapping in the cable that came with it compared with the previous model i owned the fit runs two sizes small bought the black version
4075,train,scope_long,1,for reference my experience matched the claim that going by what the product listing actually says in the two months since the box arrived setup took under five minutes bought the black version
4076,train,scope_long,1,buying for a home office my experience matched the claim that even allowing for the most recent firmware update once i had worked through the printed setup guide the mounting bracket lines up perfectly
4077,test,scope_long,1,replacing a five year old unit i would tell a friend that once i had worked through the printed setup guide having tried it in a home office and on the train the price is unbeatable for this spec posting this after a month of use
4078,train,scope_long,1,ordered this in june i can honestly say that even allowing for the most recent firmware update for the money and for the use case i bought it for the companion app is responsive and clean ordered through the app
4079,val,scope_long,0,i have used it daily since march i would never tell a friend that after swapping in the cable that came with it in the two months since the box arrived delivery arrived a day early
4080,test,scope_long,0,replacing a five year old unit i will confirm that after swapping in the cable that came with it for the money and for the use case i bought it for the mounting bracket snapped under load happy to answer questions
4081,train,scope_long,1,shipped to a uk address i can not honestly say that having tried it in a home office and on the train after two weeks of daily use customer service put me on hold for an hour
4082,train,scope_long,1,my experience did not match the claim that for the money and for the use case i bought it for once i had worked through the printed setup guide the warranty claim has been open for six weeks
4083,test,scope_long,0,shipped to a uk address i can honestly say that after swapping in the cable that came with it having tried it in a home office and on the train the build quality feels cheap in the hand model number lc four seven five
4084,val,scope_long,0,shipped to a uk address it is not true that after swapping in the cable that came with it even allowing for the most recent firmware update it charges fully in about an hour will report back after the winter
4085,test,scope_long,1,shipped to a uk address the other reviews were correct that compared with the previous model i owned across three different laptops and one tablet the screen is bright and crisp model number lc four seven five
4086,train,scope_long,1,ordered this in june i will confirm that even allowing for the most recent firmware update in the two months since the box arrived it pairs with my laptop instantly happy to answer questions
4087,train,scope_long,1,my experience did not match the claim that once i had worked through the printed setup guide after two weeks of daily use the keys started sticking almost immediately updating this review later
4088,train,scope_long,1,bought during the autumn sale i will confirm that once i had worked through the printed setup guide having tried it in a home office and on the train customer service refunded me the same day posting this after a month of use
4089,train,scope_long,0,i can honestly say that for the money and for the use case i bought it for going by what the product listing actually says it disconnects from my laptop constantly
4090,train,scope_long,1,the other reviews were not correct that going by what the product listing actually says compared with the previous model i owned the hinge went loose within a month posting this after a month of use
4091,train,scope_long,0,shipped to a uk address the other reviews were correct that in the two months since the box arrived once i had worked through the printed setup guide customer service put me on hold for an hour
4092,train,scope_long,0,buying for a home office it is true that across three different laptops and one tablet in the two months since the box arrived setup took me most of an afternoon updating this review later
4093,train,scope_long,0,shipped to a uk address i would tell a friend that once i had worked through the printed setup guide even allowing for the most recent firmware update setup took me most of an afternoon updating this review later
4094,train,scope_long,1,i will not confirm that after two weeks of daily use even allowing for the most recent firmware update the stitching came apart at the corner
4095,train,scope_long,1,ordered this in june i would never tell a friend that for the money and for the use case i bought it for having tried it in a home office and on the train it disconnects from my laptop constantly
4096,test,scope_long,1,replacing a five year old unit i will not confirm that once i had worked through the printed setup guide for the money and for the use case i bought it for the keys started sticking almost immediately posting this after a month of use
4097,train,scope_long,0,i have used it daily since march i can not honestly say that compared with the previous model i owned in the two months since the box arrived the seller threw in a spare cable
4098,train,scope_long,0,buying for a home office my experience matched the claim that after two weeks of daily use even allowing for the most recent firmware update the firmware update bricked the unit
4099,train,scope_long,1,replacing a five year old unit my experience matched the claim that going by what the product listing actually says after two weeks of daily use the build quality feels premium bought the black version
4100,train,scope_long,1,it is not true that even allowing for the most recent firmware update for the money and for the use case i bought it for the fit runs two sizes small bought the black version
4101,train,scope_long,0,replacing a five year old unit i would tell a friend that once i had worked through the printed setup guide for the money and for the use case i bought it for the mounting bracket snapped under load will report back after the winter
4102,train,scope_long,0,my experience did not match the claim that compared with the previous model i owned having tried it in a home office and on the train the seller threw in a spare cable updating this review later
4103,val,scope_long,1,for reference i would tell a friend that across three different laptops and one tablet once i had worked through the printed setup guide the weight is far lower than i expected
4104,test,scope_long,1,for reference i will not confirm that once i had worked through the printed setup guide across three different laptops and one tablet the packaging arrived crushed and open ordered through the app
4105,train,scope_long,0,bought during the autumn sale i would never tell a friend that after swapping in the cable that came with it for the money and for the use case i bought it for the companion app is responsive and clean ordered through the app
4106,test,scope_long,1,bought during the autumn sale the other reviews were correct that in the two months since the box arrived going by what the product listing actually says the fabric held up after ten washes
4107,test,scope_long,0,buying for a home office i would never tell a friend that even allowing for the most recent firmware update compared with the previous model i owned the firmware update installed without a hitch
4108,train,scope_long,1,buying for a home office i would tell a friend that having tried it in a home office and on the train once i had worked through the printed setup guide the build quality feels premium bought the black version
4109,train,scope_long,1,for reference i can honestly say that in the two months since the box arrived across three different laptops and one tablet the packaging was neat and fully recyclable updating this review later
4110,test,scope_long,1,my experience matched the claim that across three different laptops and one tablet compared with the previous model i owned the screen is bright and crisp model number lc four seven five
4111,train,scope_long,0,i would tell a friend that for the money and for the use case i bought it for after swapping in the cable that came with it the warranty claim has been open for six weeks
4112,test,scope_long,0,my experience did not match the claim that across three different laptops and one tablet for the money and for the use case i bought it for the price is unbeatable for this spec happy to answer questions
4113,train,scope_long,0,for reference the other reviews were not correct that after swapping in the cable that came with it having tried it in a home office and on the train the warranty claim took three minutes online updating this review later
4114,train,scope_long,0,second one i have bought i will confirm that even allowing for the most recent firmware update once i had worked through the printed setup guide the fit runs two sizes small ordered through the app
4115,train,scope_long,0,replacing a five year old unit the other reviews were not correct that after two weeks of daily use across three different laptops and one tablet the battery easily lasts two days ordered through the app
4116,train,scope_long,1,the other reviews were correct that after two weeks of daily use going by what the product listing actually says it survived a drop onto concrete
4117,train,scope_long,0,second one i have bought my experience matched the claim that compared with the previous model i owned having tried it in a home office and on the train customer service put me on hold for an hour ordered through the app
4118,train,scope_long,1,replacing a five year old unit i would tell a friend that for the money and for the use case i bought it for once i had worked through the printed setup guide the companion app is responsive and clean posting this after a month of use
4119,train,scope_long,1,my experience matched the claim that even allowing for the most recent firmware update going by what the product listing actually says the sound is surprisingly rich ordered through the app
4120,train,scope_long,0,ordered this in june it is true that even allowing for the most recent firmware update after swapping in the cable that came with it support never replied to my ticket posting this after a month of use
4121,train,scope_long,0,shipped to a uk address it is not true that having tried it in a home office and on the train after two weeks of daily use the colour matches the product photos
4122,test,scope_long,0,i will not confirm that once i had worked through the printed setup guide after two weeks of daily use the build quality feels premium posting this after a month of use
4123,train,scope_long,1,i will not confirm that after swapping in the cable that came with it after two weeks of daily use the packaging arrived crushed and open model number lc four seven five
4124,val,scope_long,1,i will not confirm that in the two months since the box arrived going by what the product listing actually says the fit runs two sizes small posting this after a month of use
4125,val,scope_long,1,for reference it is true that for the money and for the use case i bought it for compared with the previous model i owned the companion app is responsive and clean will report back after the winter
4126,train,scope_long,0,i would tell a friend that even allowing for the most recent firmware update compared with the previous model i owned the companion app crashes on every launch
4127,train,scope_long,0,ordered this in june the other reviews were not correct that once i had worked through the printed setup guide for the money and for the use case i bought it for it pairs with my laptop instantly ordered through the app
4128,val,scope_long,0,i have used it daily since march i would never tell a friend that for the money and for the use case i bought it for even allowing for the most recent firmware update the weight is far lower than i expected posting this after a month of use
4129,train,scope_long,1,ordered this in june i would never tell a friend that once i had worked through the printed setup guide across three different laptops and one tablet the keys started sticking almost immediately will report back after the winter
4130,test,scope_long,1,buying for a home office i will not confirm that having tried it in a home office and on the train going by what the product listing actually says delivery was nine days late with no notice updating this review later
4131,train,scope_long,0,for reference i would tell a friend that after two weeks of daily use for the money and for the use case i bought it for customer service put me on hold for an hour posting this after a month of use
4132,train,scope_long,1,for reference the other reviews were correct that once i had worked through the printed setup guide even allowing for the most recent firmware update the mounting bracket lines up perfectly model number lc four seven five
4133,test,scope_long,0,replacing a five year old unit i would tell a friend that going by what the product listing actually says having tried it in a home office and on the train the screen developed a dead pixel in week two
4134,train,scope_long,1,second one i have bought i would tell a friend that after two weeks of daily use after swapping in the cable that came with it the stitching is even all the way round ordered through the app
4135,train,scope_long,0,replacing a five year old unit i will not confirm that after swapping in the cable that came with it compared with the previous model i owned the screen is bright and crisp will report back after the winter
4136,train,scope_long,1,shipped to a uk address it is true that for the money and for the use case i bought it for compared with the previous model i owned the fit is exactly as described will report back after the winter
4137,train,scope_long,1,i would tell a friend that even allowing for the most recent firmware update once i had worked through the printed setup guide the fabric held up after ten washes happy to answer questions
4138,train,scope_long,0,replacing a five year old unit i will confirm that once i had worked through the printed setup guide after two weeks of daily use the weight makes it useless for travel bought the black version
4139,test,scope_long,0,bought during the autumn sale i would tell a friend that in the two months since the box arrived having tried it in a home office and on the train the return label cost me twelve dollars happy to answer questions
4140,test,scope_long,0,second one i have bought i would tell a friend that even allowing for the most recent firmware update once i had worked through the printed setup guide delivery was nine days late with no notice
4141,train,scope_long,0,it is true that for the money and for the use case i bought it for in the two months since the box arrived the packaging arrived crushed and open
4142,val,scope_long,0,ordered this in june it is true that for the money and for the use case i bought it for across three different laptops and one tablet the colour is nothing like the product photos will report back after the winter
4143,train,scope_long,1,second one i have bought i would tell a friend that compared with the previous model i owned even allowing for the most recent firmware update the carrying case is genuinely useful will report back after the winter
4144,test,scope_long,1,replacing a five year old unit it is true that even allowing for the most recent firmware update across three different laptops and one tablet the firmware update installed without a hitch happy to answer questions
4145,train,scope_long,0,i have used it daily since march the other reviews were correct that for the money and for the use case i bought it for once i had worked through the printed setup guide the seller shipped the wrong variant will report back after the winter
4146,train,scope_long,0,second one i have bought the other reviews were correct that once i had worked through the printed setup guide after swapping in the cable that came with it the printed instructions were one unreadable page model number lc four seven five
4147,test,scope_long,0,ordered this in june my experience did not match the claim that in the two months since the box arrived having tried it in a home office and on the train the hinge still feels tight after a year
4148,train,scope_long,0,replacing a five year old unit i can not honestly say that in the two months since the box arrived after two weeks of daily use the printed instructions were clear and short posting this after a month of use
4149,train,scope_long,1,my experience matched the claim that even allowing for the most recent firmware update across three different laptops and one tablet the sound is surprisingly rich will report back after the winter
4150,test,scope_long,1,i have used it daily since march i can not honestly say that even allowing for the most recent firmware update going by what the product listing actually says the build quality feels cheap in the hand will report back after the winter
4151,test,scope_long,0,replacing a five year old unit i will confirm that compared with the previous model i owned having tried it in a home office and on the train the packaging arrived crushed and open ordered through the app
4152,test,scope_long,0,second one i have bought it is true that in the two months since the box arrived after two weeks of daily use the packaging arrived crushed and open
4153,train,scope_long,1,replacing a five year old unit the other reviews were correct that across three different laptops and one tablet after two weeks of daily use the colour matches the product photos bought the black version
4154,test,scope_long,1,shipped to a uk address it is true that going by what the product listing actually says compared with the previous model i owned support answered within an hour
4155,train,scope_long,1,the other reviews were correct that compared with the previous model i owned in the two months since the box arrived the sound is surprisingly rich
4156,test,scope_long,1,for reference i would tell a friend that after swapping in the cable that came with it for the money and for the use case i bought it for the companion app is responsive and clean will report back after the winter
4157,val,scope_long,0,shipped to a uk address i would never tell a friend that even allowing for the most recent firmware update after swapping in the cable that came with it the packaging was neat and fully recyclable
4158,test,scope_long,1,the other reviews were correct that for the money and for the use case i bought it for going by what the product listing actually says the sound is surprisingly rich model number lc four seven five
4159,train,scope_long,0,ordered this in june my experience matched the claim that even allowing for the most recent firmware update across three different laptops and one tablet the seller shipped the wrong variant posting this after a month of use
4160,test,scope_long,1,bought during the autumn sale the other reviews were correct that across three different laptops and one tablet after swapping in the cable that came with it the fabric held up after ten washes
4161,test,scope_long,0,i have used it daily since march it is not true that after two weeks of daily use for the money and for the use case i bought it for the warranty claim took three minutes online model number lc four seven five
4162,train,scope_long,1,i would never tell a friend that going by what the product listing actually says after swapping in the cable that came with it the fabric pilled after a single wash
4163,train,scope_long,0,i have used it daily since march the other reviews were not correct that even allowing for the most recent firmware update after two weeks of daily use the fabric held up after ten washes
4164,train,scope_long,0,i can not honestly say that in the two months since the box arrived across three different laptops and one tablet setup took under five minutes
4165,train,scope_long,1,buying for a home office i can honestly say that having tried it in a home office and on the train after two weeks of daily use customer service refunded me the same day model number lc four seven five
4166,train,scope_long,0,ordered this in june it is true that compared with the previous model i owned after two weeks of daily use the colour is nothing like the product photos bought the black version
4167,test,scope_long,0,for reference my experience matched the claim that for the money and for the use case i bought it for after swapping in the cable that came with it the price went up the day after i ordered
4168,train,scope_long,1,i have used it daily since march i can honestly say that after two weeks of daily use even allowing for the most recent firmware update the colour matches the product photos
4169,val,scope_long,0,shipped to a uk address i would tell a friend that having tried it in a home office and on the train in the two months since the box arrived the companion app crashes on every launch
4170,train,scope_long,1,i will confirm that having tried it in a home office and on the train after swapping in the cable that came with it support answered within an hour model number lc four seven five
4171,train,scope_long,1,second one i have bought i can not honestly say that compared with the previous model i owned after swapping in the cable that came with it the mounting bracket snapped under load happy to answer questions
4172,train,scope_long,1,buying for a home office it is not true that after swapping in the cable that came with it even allowing for the most recent firmware update the companion app crashes on every launch model number lc four seven five
4173,train,scope_long,0,shipped to a uk address it is true that after two weeks of daily use having tried it in a home office and on the train the screen developed a dead pixel in week two will report back after the winter
4174,train,scope_long,1,replacing a five year old unit i would tell a friend that going by what the product listing actually says for the money and for the use case i bought it for the firmware update installed without a hitch bought the black version
4175,test,scope_long,1,shipped to a uk address i can not honestly say that after two weeks of daily use even allowing for the most recent firmware update the fabric pilled after a single wash ordered through the app
4176,train,scope_long,1,i can honestly say that for the money and for the use case i bought it for after two weeks of daily use setup took under five minutes
4177,train,scope_long,0,replacing a five year old unit i can not honestly say that having tried it in a home office and on the train in the two months since the box arrived setup took under five minutes
4178,train,scope_long,1,second one i have bought my experience did not match the claim that in the two months since the box arrived having tried it in a home office and on the train the hinge went loose within a month model number lc four seven five
4179,train,scope_long,1,i have used it daily since march i would never tell a friend that having tried it in a home office and on the train once i had worked through the printed setup guide the colour is nothing like the product photos
4180,train,scope_long,0,ordered this in june my experience did not match the claim that going by what the product listing actually says after swapping in the cable that came with it it survived a drop onto concrete posting this after a month of use
4181,train,scope_long,1,shipped to a uk address my experience did not match the claim that after swapping in the cable that came with it even allowing for the most recent firmware update the build quality feels cheap in the hand
4182,test,scope_long,1,buying for a home office the other reviews were not correct that after two weeks of daily use having tried it in a home office and on the train the battery drains overnight while it is off ordered through the app
4183,train,scope_long,0,i will confirm that after swapping in the cable that came with it across three different laptops and one tablet the mounting bracket snapped under load
4184,val,scope_long,0,buying for a home office i would tell a friend that once i had worked through the printed setup guide going by what the product listing actually says the colour is nothing like the product photos
4185,test,scope_long,0,shipped to a uk address i would tell a friend that going by what the product listing actually says in the two months since the box arrived the firmware update bricked the unit
4186,train,scope_long,1,buying for a home office i would never tell a friend that in the two months since the box arrived across three different laptops and one tablet the battery drains overnight while it is off ordered through the app
4187,train,scope_long,0,for reference my experience did not match the claim that compared with the previous model i owned going by what the product listing actually says the return label was already in the box
4188,train,scope_long,1,shipped to a uk address the other reviews were correct that once i had worked through the printed setup guide even allowing for the most recent firmware update the return label was already in the box ordered through the app
4189,train,scope_long,0,i would tell a friend that for the money and for the use case i bought it for having tried it in a home office and on the train the return label cost me twelve dollars
4190,train,scope_long,0,my experience did not match the claim that going by what the product listing actually says having tried it in a home office and on the train the fabric held up after ten washes will report back after the winter
4191,train,scope_long,0,i would never tell a friend that after two weeks of daily use having tried it in a home office and on the train customer service refunded me the same day updating this review later
4192,test,scope_long,0,for reference the other reviews were not correct that after swapping in the cable that came with it once i had worked through the printed setup guide the packaging was neat and fully recyclable ordered through the app
4193,train,scope_long,1,buying for a home office i would tell a friend that in the two months since the box arrived even allowing for the most recent firmware update the weight is far lower than i expected
4194,val,scope_long,1,it is not true that even allowing for the most recent firmware update going by what the product listing actually says the printed instructions were one unreadable page will report back after the winter
4195,train,scope_long,1,second one i have bought i will confirm that across three different laptops and one tablet having tried it in a home office and on the train the keys have a satisfying travel
4196,train,scope_long,1,for reference i would never tell a friend that across three different laptops and one tablet after two weeks of daily use the weight makes it useless for travel updating this review later
4197,train,scope_long,1,my experience did not match the claim that going by what the product listing actually says after two weeks of daily use the printed instructions were one unreadable page posting this after a month of use
4198,test,scope_long,1,i can honestly say that even allowing for the most recent firmware update in the two months since the box arrived the companion app is responsive and clean happy to answer questions
4199,test,scope_long,0,for reference i will confirm that even allowing for the most recent firmware update compared with the previous model i owned it disconnects from my laptop constantly
4200,train,scope_long,1,for reference i can not honestly say that in the two months since the box arrived across three different laptops and one tablet the warranty claim has been open for six weeks updating this review later
4201,train,scope_long,0,i can not honestly say that for the money and for the use case i bought it for even allowing for the most recent firmware update the build quality feels premium ordered through the app
4202,val,scope_long,0,buying for a home office it is not true that going by what the product listing actually says after swapping in the cable that came with it the carrying case is genuinely useful posting this after a month of use
4203,test,scope_long,1,replacing a five year old unit my experience did not match the claim that compared with the previous model i owned after two weeks of daily use it cracked from a knock off the desk updating this review later
4204,test,scope_long,1,replacing a five year old unit my experience did not match the claim that after two weeks of daily use going by what the product listing actually says the screen developed a dead pixel in week two
4205,train,scope_long,1,i would never tell a friend that after swapping in the cable that came with it going by what the product listing actually says the keys started sticking almost immediately
4206,test,scope_long,1,i have used it daily since march i can honestly say that across three different laptops and one tablet even allowing for the most recent firmware update the carrying case is genuinely useful happy to answer questions
4207,train,scope_long,1,buying for a home office i can honestly say that compared with the previous model i owned in the two months since the box arrived the stitching is even all the way round updating this review later
4208,test,scope_long,1,the other reviews were not correct that after swapping in the cable that came with it having tried it in a home office and on the train the battery drains overnight while it is off happy to answer questions
4209,train,scope_long,0,bought during the autumn sale it is true that in the two months since the box arrived after two weeks of daily use the price went up the day after i ordered posting this after a month of use
4210,test,scope_long,1,bought during the autumn sale i would tell a friend that across three different laptops and one tablet once i had worked through the printed setup guide the colour matches the product photos
4211,train,scope_long,0,the other reviews were correct that compared with the previous model i owned once i had worked through the printed setup guide the fabric pilled after a single wash will report back after the winter
4212,train,scope_long,1,ordered this in june the other reviews were correct that for the money and for the use case i bought it for after swapping in the cable that came with it the stitching is even all the way round happy to answer questions
4213,val,scope_long,1,replacing a five year old unit i would never tell a friend that even allowing for the most recent firmware update across three different laptops and one tablet the carrying case tore at the seam will report back after the winter
4214,train,scope_long,1,bought during the autumn sale i would never tell a friend that compared with the previous model i owned even allowing for the most recent firmware update support never replied to my ticket
4215,test,scope_long,0,i will not confirm that having tried it in a home office and on the train going by what the product listing actually says the price is unbeatable for this spec
4216,train,scope_long,0,buying for a home office i can honestly say that in the two months since the box arrived after two weeks of daily use customer service put me on hold for an hour bought the black version
4217,test,scope_long,1,buying for a home office the other reviews were not correct that after two weeks of daily use going by what the product listing actually says the printed instructions were one unreadable page ordered through the app
4218,train,scope_long,0,for reference my experience did not match the claim that after two weeks of daily use once i had worked through the printed setup guide it survived a drop onto concrete updating this review later
4219,train,scope_long,0,ordered this in june the other reviews were not correct that after swapping in the cable that came with it for the money and for the use case i bought it for the printed instructions were clear and short ordered through the app
4220,train,scope_long,0,the other reviews were not correct that even allowing for the most recent firmware update in the two months since the box arrived setup took under five minutes will report back after the winter
4221,train,scope_long,1,i have used it daily since march i would never tell a friend that compared with the previous model i owned after two weeks of daily use the price went up the day after i ordered
4222,test,scope_long,0,replacing a five year old unit my experience did not match the claim that after swapping in the cable that came with it once i had worked through the printed setup guide the price is unbeatable for this spec ordered through the app
4223,train,scope_long,0,ordered this in june i would tell a friend that going by what the product listing actually says after two weeks of daily use the colour is nothing like the product photos updating this review later
4224,train,scope_long,1,i would tell a friend that in the two months since the box arrived once i had worked through the printed setup guide the battery easily lasts two days posting this after a month of use
4225,train,scope_long,0,i will confirm that having tried it in a home office and on the train after swapping in the cable that came with it the fit runs two sizes small happy to answer questions
4226,test,scope_long,0,bought during the autumn sale i will not confirm that in the two months since the box arrived going by what the product listing actually says customer service refunded me the same day posting this after a month of use
4227,test,scope_long,1,it is true that for the money and for the use case i bought it for having tried it in a home office and on the train the colour matches the product photos
4228,train,scope_long,0,for reference my experience matched the claim that for the money and for the use case i bought it for even allowing for the most recent firmware update the hinge went loose within a month
4229,train,scope_long,0,replacing a five year old unit i will not confirm that compared with the previous model i owned once i had worked through the printed setup guide the sound is surprisingly rich posting this after a month of use
4230,test,scope_long,0,for reference it is true that in the two months since the box arrived after two weeks of daily use the screen developed a dead pixel in week two bought the black version
4231,test,scope_long,1,bought during the autumn sale the other reviews were not correct that having tried it in a home office and on the train for the money and for the use case i bought it for the weight makes it useless for travel will report back after the winter
4232,train,scope_long,1,my experience did not match the claim that in the two months since the box arrived compared with the previous model i owned it stopped charging after three weeks happy to answer questions
4233,train,scope_long,1,my experience did not match the claim that for the money and for the use case i bought it for going by what the product listing actually says support never replied to my ticket happy to answer questions
4234,test,scope_long,0,i can honestly say that after two weeks of daily use going by what the product listing actually says the printed instructions were one unreadable page ordered through the app
4235,train,scope_long,0,second one i have bought i would never tell a friend that across three different laptops and one tablet having tried it in a home office and on the train it pairs with my laptop instantly
4236,train,scope_long,1,replacing a five year old unit the other reviews were not correct that after swapping in the cable that came with it for the money and for the use case i bought it for it disconnects from my laptop constantly
4237,test,scope_long,0,i have used it daily since march i can not honestly say that for the money and for the use case i bought it for after two weeks of daily use the companion app is responsive and clean happy to answer questions
4238,train,scope_long,0,bought during the autumn sale i will not confirm that for the money and for the use case i bought it for once i had worked through the printed setup guide it charges fully in about an hour
4239,val,scope_long,0,buying for a home office i will not confirm that even allowing for the most recent firmware update for the money and for the use case i bought it for delivery arrived a day early posting this after a month of use
4240,train,scope_long,0,for reference i would never tell a friend that across three different laptops and one tablet after two weeks of daily use the hinge still feels tight after a year
4241,train,scope_long,1,shipped to a uk address i would never tell a friend that for the money and for the use case i bought it for after two weeks of daily use support never replied to my ticket happy to answer questions
4242,test,scope_long,1,ordered this in june i can honestly say that after two weeks of daily use after swapping in the cable that came with it the price is unbeatable for this spec bought the black version
4243,train,scope_long,1,i will not confirm that after two weeks of daily use compared with the previous model i owned it cracked from a knock off the desk
4244,train,scope_long,1,i would tell a friend that after two weeks of daily use going by what the product listing actually says the fabric held up after ten washes
4245,train,scope_long,0,shipped to a uk address my experience matched the claim that even allowing for the most recent firmware update across three different laptops and one tablet the weight makes it useless for travel
4246,train,scope_long,0,the other reviews were not correct that after two weeks of daily use once i had worked through the printed setup guide the printed instructions were clear and short happy to answer questions
4247,val,scope_long,1,my experience matched the claim that even allowing for the most recent firmware update across three different laptops and one tablet the colour matches the product photos posting this after a month of use
4248,train,scope_long,0,i have used it daily since march the other reviews were correct that compared with the previous model i owned even allowing for the most recent firmware update it cracked from a knock off the desk updating this review later
4249,train,scope_long,1,second one i have bought i will not confirm that going by what the product listing actually says in the two months since the box arrived the keys started sticking almost immediately
4250,train,scope_long,1,buying for a home office my experience matched the claim that after two weeks of daily use across three different laptops and one tablet the screen is bright and crisp model number lc four seven five
4251,train,scope_long,0,buying for a home office my experience matched the claim that for the money and for the use case i bought it for across three different laptops and one tablet the warranty claim has been open for six weeks ordered through the app
4252,test,scope_long,0,for reference my experience did not match the claim that for the money and for the use case i bought it for after swapping in the cable that came with it the hinge still feels tight after a year bought the black version
4253,train,scope_long,1,ordered this in june it is true that once i had worked through the printed setup guide for the money and for the use case i bought it for the hinge still feels tight after a year will report back after the winter
4254,val,scope_long,1,my experience did not match the claim that in the two months since the box arrived after two weeks of daily use the price went up the day after i ordered
4255,train,scope_long,1,for reference it is true that after two weeks of daily use having tried it in a home office and on the train the printed instructions were clear and short happy to answer questions
4256,test,scope_long,1,the other reviews were correct that once i had worked through the printed setup guide after swapping in the cable that came with it the fabric held up after ten washes happy to answer questions
4257,train,scope_long,1,it is not true that compared with the previous model i owned across three different laptops and one tablet the build quality feels cheap in the hand model number lc four seven five
4258,train,scope_long,1,for reference it is not true that once i had worked through the printed setup guide across three different laptops and one tablet the colour is nothing like the product photos
4259,train,scope_long,1,bought during the autumn sale it is true that for the money and for the use case i bought it for going by what the product listing actually says the carrying case is genuinely useful
4260,train,scope_long,0,i have used it daily since march i can honestly say that going by what the product listing actually says after swapping in the cable that came with it setup took me most of an afternoon updating this review later
4261,train,scope_long,1,i have used it daily since march the other reviews were not correct that in the two months since the box arrived across three different laptops and one tablet the build quality feels cheap in the hand bought the black version
4262,train,scope_long,1,it is not true that after swapping in the cable that came with it once i had worked through the printed setup guide the fabric pilled after a single wash
4263,train,scope_long,0,i have used it daily since march i would never tell a friend that once i had worked through the printed setup guide across three different laptops and one tablet it pairs with my laptop instantly
4264,train,scope_long,0,i will not confirm that compared with the previous model i owned once i had worked through the printed setup guide the mounting bracket lines up perfectly
4265,train,scope_long,1,it is not true that once i had worked through the printed setup guide after swapping in the cable that came with it the price went up the day after i ordered
4266,train,scope_long,0,for reference i will confirm that going by what the product listing actually says compared with the previous model i owned the hinge went loose within a month
4267,test,scope_long,0,second one i have bought i can honestly say that after two weeks of daily use for the money and for the use case i bought it for the fit runs two sizes small
4268,test,scope_long,0,replacing a five year old unit my experience matched the claim that across three different laptops and one tablet after two weeks of daily use the firmware update bricked the unit
4269,train,scope_long,0,my experience did not match the claim that after two weeks of daily use across three different laptops and one tablet the screen is bright and crisp updating this review later
4270,test,scope_long,1,second one i have bought i can honestly say that for the money and for the use case i bought it for after two weeks of daily use the fabric held up after ten washes
4271,train,scope_long,0,for reference i would never tell a friend that for the money and for the use case i bought it for across three different laptops and one tablet it pairs with my laptop instantly
4272,train,scope_long,1,for reference my experience matched the claim that after two weeks of daily use across three different laptops and one tablet the warranty claim took three minutes online updating this review later
4273,train,scope_long,0,buying for a home office my experience matched the claim that across three different laptops and one tablet compared with the previous model i owned it disconnects from my laptop constantly
4274,train,scope_long,0,replacing a five year old unit my experience did not match the claim that having tried it in a home office and on the train after swapping in the cable that came with it the fit is exactly as described
4275,test,scope_long,1,shipped to a uk address i will not confirm that once i had worked through the printed setup guide having tried it in a home office and on the train the build quality feels cheap in the hand
4276,train,scope_long,0,buying for a home office the other reviews were correct that even allowing for the most recent firmware update having tried it in a home office and on the train delivery was nine days late with no notice
4277,test,scope_long,1,i will not confirm that in the two months since the box arrived once i had worked through the printed setup guide it cracked from a knock off the desk
4278,train,scope_long,0,replacing a five year old unit i can honestly say that having tried it in a home office and on the train after swapping in the cable that came with it setup took me most of an afternoon
4279,train,scope_long,1,bought during the autumn sale i will not confirm that across three different laptops and one tablet even allowing for the most recent firmware update setup took me most of an afternoon bought the black version
4280,train,scope_long,1,i have used it daily since march i can not honestly say that after two weeks of daily use across three different laptops and one tablet the printed instructions were one unreadable page
4281,train,scope_long,0,shipped to a uk address the other reviews were correct that going by what the product listing actually says once i had worked through the printed setup guide the price went up the day after i ordered bought the black version
4282,train,scope_long,1,buying for a home office i will confirm that across three different laptops and one tablet for the money and for the use case i bought it for the printed instructions were clear and short posting this after a month of use
4283,train,scope_long,1,bought during the autumn sale it is not true that compared with the previous model i owned going by what the product listing actually says the stitching came apart at the corner ordered through the app
4284,train,scope_long,0,bought during the autumn sale i can honestly say that compared with the previous model i owned after swapping in the cable that came with it the companion app crashes on every launch will report back after the winter
4285,train,scope_long,0,my experience matched the claim that across three different laptops and one tablet after two weeks of daily use the packaging arrived crushed and open
4286,test,scope_long,1,it is true that having tried it in a home office and on the train across three different laptops and one tablet support answered within an hour bought the black version
4287,test,scope_long,0,replacing a five year old unit i will not confirm that for the money and for the use case i bought it for after two weeks of daily use it survived a drop onto concrete model number lc four seven five
4288,train,scope_long,0,shipped to a uk address i can not honestly say that even allowing for the most recent firmware update across three different laptops and one tablet the screen is bright and crisp
4289,train,scope_long,1,it is true that even allowing for the most recent firmware update once i had worked through the printed setup guide support answered within an hour
4290,test,scope_long,0,replacing a five year old unit i can honestly say that after swapping in the cable that came with it across three different laptops and one tablet the carrying case tore at the seam happy to answer questions
4291,train,scope_long,1,replacing a five year old unit i will confirm that after swapping in the cable that came with it going by what the product listing actually says it charges fully in about an hour model number lc four seven five
4292,test,scope_long,0,replacing a five year old unit it is true that in the two months since the box arrived once i had worked through the printed setup guide support never replied to my ticket
4293,test,scope_long,1,i have used it daily since march i will confirm that after two weeks of daily use across three different laptops and one tablet the packaging was neat and fully recyclable will report back after the winter
4294,test,scope_long,0,ordered this in june it is not true that for the money and for the use case i bought it for after swapping in the cable that came with it the stitching is even all the way round
4295,train,scope_long,0,my experience did not match the claim that for the money and for the use case i bought it for in the two months since the box arrived support answered within an hour model number lc four seven five
4296,train,scope_long,1,i will confirm that after swapping in the cable that came with it across three different laptops and one tablet the build quality feels premium
4297,train,scope_long,1,replacing a five year old unit my experience did not match the claim that going by what the product listing actually says after swapping in the cable that came with it customer service put me on hold for an hour posting this after a month of use
4298,train,scope_long,0,bought during the autumn sale the other reviews were not correct that after two weeks of daily use even allowing for the most recent firmware update the weight is far lower than i expected
4299,train,scope_long,1,i can honestly say that for the money and for the use case i bought it for compared with the previous model i owned the colour matches the product photos
4300,train,scope_long,0,ordered this in june i can honestly say that having tried it in a home office and on the train after two weeks of daily use the colour is nothing like the product photos ordered through the app
4301,train,scope_long,0,bought during the autumn sale the other reviews were correct that in the two months since the box arrived after two weeks of daily use the stitching came apart at the corner
4302,train,scope_long,1,my experience matched the claim that in the two months since the box arrived after two weeks of daily use the return label was already in the box will report back after the winter
4303,train,scope_long,1,the other reviews were correct that across three different laptops and one tablet after two weeks of daily use the build quality feels premium posting this after a month of use
4304,train,scope_long,1,i will confirm that after swapping in the cable that came with it going by what the product listing actually says customer service refunded me the same day posting this after a month of use
4305,train,scope_long,1,my experience did not match the claim that once i had worked through the printed setup guide having tried it in a home office and on the train it stopped charging after three weeks will report back after the winter
4306,val,scope_long,0,ordered this in june i will confirm that after two weeks of daily use even allowing for the most recent firmware update the mounting bracket snapped under load
4307,train,scope_long,0,bought during the autumn sale i can not honestly say that in the two months since the box arrived after two weeks of daily use the fabric held up after ten washes updating this review later
4308,train,scope_long,1,bought during the autumn sale the other reviews were correct that compared with the previous model i owned once i had worked through the printed setup guide the colour matches the product photos
4309,train,scope_long,0,for reference it is not true that in the two months since the box arrived after two weeks of daily use the printed instructions were clear and short
4310,test,scope_long,0,i will not confirm that even allowing for the most recent firmware update after two weeks of daily use the price is unbeatable for this spec will report back after the winter
4311,val,scope_long,1,ordered this in june i would never tell a friend that even allowing for the most recent firmware update in the two months since the box arrived the mounting bracket snapped under load
4312,train,scope_long,1,for reference the other reviews were correct that after swapping in the cable that came with it for the money and for the use case i bought it for the packaging was neat and fully recyclable
4313,train,scope_long,1,it is true that going by what the product listing actually says after swapping in the cable that came with it the warranty claim took three minutes online ordered through the app
4314,train,scope_long,1,buying for a home office i will not confirm that going by what the product listing actually says in the two months since the box arrived it stopped charging after three weeks happy to answer questions
4315,val,scope_long,1,bought during the autumn sale i can not honestly say that in the two months since the box arrived compared with the previous model i owned the screen developed a dead pixel in week two posting this after a month of use
4316,train,scope_long,0,second one i have bought i would tell a friend that once i had worked through the printed setup guide in the two months since the box arrived the warranty claim has been open for six weeks ordered through the app
4317,train,scope_long,1,shipped to a uk address i would tell a friend that having tried it in a home office and on the train even allowing for the most recent firmware update the companion app is responsive and clean
4318,train,scope_long,0,my experience matched the claim that once i had worked through the printed setup guide after swapping in the cable that came with it the seller shipped the wrong variant
4319,train,scope_long,1,shipped to a uk address i would never tell a friend that having tried it in a home office and on the train after two weeks of daily use it stopped charging after three weeks bought the black version
4320,train,scope_long,0,i would tell a friend that once i had worked through the printed setup guide after two weeks of daily use setup took me most of an afternoon bought the black version
4321,train,scope_long,0,shipped to a uk address i can not honestly say that after two weeks of daily use for the money and for the use case i bought it for the printed instructions were clear and short will report back after the winter
4322,train,scope_long,0,it is true that compared with the previous model i owned after two weeks of daily use the printed instructions were one unreadable page
4323,test,scope_long,0,replacing a five year old unit it is true that even allowing for the most recent firmware update after swapping in the cable that came with it the stitching came apart at the corner happy to answer questions
4324,val,scope_long,0,i can not honestly say that after swapping in the cable that came with it in the two months since the box arrived the warranty claim took three minutes online
4325,train,scope_long,1,bought during the autumn sale i can not honestly say that once i had worked through the printed setup guide having tried it in a home office and on the train the return label cost me twelve dollars
4326,train,scope_long,1,it is true that after swapping in the cable that came with it compared with the previous model i owned the fit is exactly as described will report back after the winter
4327,test,scope_long,1,second one i have bought my experience did not match the claim that going by what the product listing actually says after two weeks of daily use the seller shipped the wrong variant happy to answer questions
4328,val,scope_long,0,my experience matched the claim that across three different laptops and one tablet after two weeks of daily use the carrying case tore at the seam updating this review later
4329,train,scope_long,1,shipped to a uk address i would never tell a friend that for the money and for the use case i bought it for across three different laptops and one tablet the mounting bracket snapped under load
4330,train,scope_long,0,i can not honestly say that after swapping in the cable that came with it after two weeks of daily use the packaging was neat and fully recyclable bought the black version
4331,train,scope_long,1,bought during the autumn sale the other reviews were not correct that once i had worked through the printed setup guide after swapping in the cable that came with it the packaging arrived crushed and open model number lc four seven five
4332,test,scope_long,0,bought during the autumn sale my experience did not match the claim that having tried it in a home office and on the train for the money and for the use case i bought it for delivery arrived a day early
4333,train,scope_long,0,for reference it is not true that once i had worked through the printed setup guide compared with the previous model i owned the carrying case is genuinely useful posting this after a month of use
4334,test,scope_long,1,i can honestly say that compared with the previous model i owned even allowing for the most recent firmware update it charges fully in about an hour ordered through the app
4335,train,scope_long,0,second one i have bought my experience matched the claim that once i had worked through the printed setup guide even allowing for the most recent firmware update the return label cost me twelve dollars posting this after a month of use
4336,train,scope_long,1,it is true that in the two months since the box arrived even allowing for the most recent firmware update the screen is bright and crisp ordered through the app
4337,train,scope_long,0,ordered this in june the other reviews were correct that even allowing for the most recent firmware update for the money and for the use case i bought it for the return label cost me twelve dollars will report back after the winter
4338,test,scope_long,0,replacing a five year old unit it is not true that going by what the product listing actually says after two weeks of daily use the build quality feels premium
4339,test,scope_long,0,for reference i would never tell a friend that going by what the product listing actually says even allowing for the most recent firmware update the sound is surprisingly rich updating this review later
4340,train,scope_long,0,the other reviews were correct that going by what the product listing actually says having tried it in a home office and on the train the return label cost me twelve dollars updating this review later
4341,test,scope_long,1,i have used it daily since march my experience matched the claim that even allowing for the most recent firmware update for the money and for the use case i bought it for the firmware update installed without a hitch happy to answer questions
4342,train,scope_long,1,i would never tell a friend that after two weeks of daily use once i had worked through the printed setup guide the build quality feels cheap in the hand updating this review later
4343,train,scope_long,0,bought during the autumn sale my experience did not match the claim that across three different laptops and one tablet after two weeks of daily use the mounting bracket lines up perfectly
4344,train,scope_long,1,i would tell a friend that compared with the previous model i owned going by what the product listing actually says the weight is far lower than i expected will report back after the winter
4345,test,scope_long,1,shipped to a uk address the other reviews were not correct that once i had worked through the printed setup guide having tried it in a home office and on the train the fabric pilled after a single wash
4346,train,scope_long,1,second one i have bought i can not honestly say that across three different laptops and one tablet compared with the previous model i owned the firmware update bricked the unit bought the black version
4347,test,scope_long,1,the other reviews were not correct that across three different laptops and one tablet after two weeks of daily use the fabric pilled after a single wash updating this review later
4348,train,scope_long,1,i will not confirm that across three different laptops and one tablet after two weeks of daily use the firmware update bricked the unit bought the black version
4349,test,scope_long,1,the other reviews were not correct that having tried it in a home office and on the train even allowing for the most recent firmware update the stitching came apart at the corner happy to answer questions
4350,train,scope_long,1,i will not confirm that after two weeks of daily use in the two months since the box arrived it stopped charging after three weeks
4351,test,scope_long,0,i have used it daily since march i can not honestly say that after two weeks of daily use once i had worked through the printed setup guide the sound is surprisingly rich model number lc four seven five
4352,train,scope_long,0,replacing a five year old unit i would never tell a friend that after two weeks of daily use even allowing for the most recent firmware update the warranty claim took three minutes online
4353,train,scope_long,0,for reference i will confirm that once i had worked through the printed setup guide for the money and for the use case i bought it for the seller shipped the wrong variant
4354,val,scope_long,1,buying for a home office it is true that across three different laptops and one tablet after two weeks of daily use the mounting bracket lines up perfectly
4355,train,scope_long,1,i have used it daily since march i would tell a friend that even allowing for the most recent firmware update compared with the previous model i owned the fabric held up after ten washes happy to answer questions
4356,train,scope_long,0,replacing a five year old unit my experience did not match the claim that in the two months since the box arrived after swapping in the cable that came with it delivery arrived a day early updating this review later
4357,train,scope_long,0,for reference i will not confirm that for the money and for the use case i bought it for in the two months since the box arrived the printed instructions were clear and short happy to answer questions
4358,train,scope_long,1,shipped to a uk address it is not true that going by what the product listing actually says in the two months since the box arrived the firmware update bricked the unit
4359,train,scope_long,0,replacing a five year old unit the other reviews were not correct that for the money and for the use case i bought it for going by what the product listing actually says it charges fully in about an hour bought the black version
4360,train,scope_long,1,shipped to a uk address it is true that once i had worked through the printed setup guide going by what the product listing actually says the return label was already in the box posting this after a month of use
4361,train,scope_long,1,for reference my experience did not match the claim that going by what the product listing actually says once i had worked through the printed setup guide the price went up the day after i ordered will report back after the winter
4362,train,scope_long,0,bought during the autumn sale i would tell a friend that once i had worked through the printed setup guide even allowing for the most recent firmware update the fit runs two sizes small ordered through the app
4363,val,scope_long,0,replacing a five year old unit i can honestly say that for the money and for the use case i bought it for after two weeks of daily use the packaging arrived crushed and open posting this after a month of use
4364,train,scope_long,1,i can honestly say that after two weeks of daily use even allowing for the most recent firmware update delivery arrived a day early bought the black version
4365,val,scope_long,0,ordered this in june i can honestly say that compared with the previous model i owned having tried it in a home office and on the train it cracked from a knock off the desk model number lc four seven five
4366,test,scope_long,1,bought during the autumn sale it is not true that after swapping in the cable that came with it having tried it in a home office and on the train the battery drains overnight while it is off
4367,train,scope_long,1,replacing a five year old unit my experience matched the claim that once i had worked through the printed setup guide going by what the product listing actually says the keys have a satisfying travel
4368,test,scope_long,1,second one i have bought my experience matched the claim that across three different laptops and one tablet after two weeks of daily use the warranty claim took three minutes online model number lc four seven five
4369,train,scope_long,0,bought during the autumn sale it is not true that after two weeks of daily use going by what the product listing actually says the printed instructions were clear and short will report back after the winter
4370,train,scope_long,1,for reference i would tell a friend that for the money and for the use case i bought it for across three different laptops and one tablet the sound is surprisingly rich model number lc four seven five
4371,train,scope_long,1,i can honestly say that after two weeks of daily use across three different laptops and one tablet the battery easily lasts two days updating this review later
4372,train,scope_long,1,bought during the autumn sale my experience did not match the claim that across three different laptops and one tablet compared with the previous model i owned the keys started sticking almost immediately
4373,test,scope_long,0,i have used it daily since march i can not honestly say that once i had worked through the printed setup guide compared with the previous model i owned setup took under five minutes will report back after the winter
4374,train,scope_long,0,i can honestly say that in the two months since the box arrived going by what the product listing actually says the hinge went loose within a month posting this after a month of use
4375,train,scope_long,1,i can honestly say that after swapping in the cable that came with it going by what the product listing actually says customer service refunded me the same day
4376,train,scope_long,1,buying for a home office it is not true that in the two months since the box arrived compared with the previous model i owned the battery drains overnight while it is off bought the black version
4377,train,scope_long,0,i will not confirm that for the money and for the use case i bought it for after swapping in the cable that came with it the build quality feels premium ordered through the app
4378,train,scope_long,0,shipped to a uk address i would never tell a friend that across three different laptops and one tablet after two weeks of daily use the weight is far lower than i expected bought the black version
4379,train,scope_long,0,ordered this in june my experience did not match the claim that after swapping in the cable that came with it compared with the previous model i owned the warranty claim took three minutes online
4380,train,scope_long,0,my experience matched the claim that across three different laptops and one tablet for the money and for the use case i bought it for it cracked from a knock off the desk happy to answer questions
4381,test,scope_long,0,second one i have bought my experience matched the claim that having tried it in a home office and on the train for the money and for the use case i bought it for delivery was nine days late with no notice
4382,train,scope_long,0,i would tell a friend that having tried it in a home office and on the train in the two months since the box arrived delivery was nine days late with no notice updating this review later
4383,train,scope_long,1,second one i have bought the other reviews were correct that having tried it in a home office and on the train even allowing for the most recent firmware update the build quality feels premium
4384,train,scope_long,0,bought during the autumn sale i would tell a friend that for the money and for the use case i bought it for even allowing for the most recent firmware update the sound is tinny at any volume
4385,test,scope_long,1,shipped to a uk address i can not honestly say that for the money and for the use case i bought it for even allowing for the most recent firmware update the stitching came apart at the corner ordered through the app
4386,train,scope_long,0,i would tell a friend that in the two months since the box arrived compared with the previous model i owned the stitching came apart at the corner updating this review later
4387,train,scope_long,0,i would tell a friend that going by what the product listing actually says compared with the previous model i owned the seller shipped the wrong variant
4388,train,scope_long,1,i have used it daily since march it is not true that compared with the previous model i owned once i had worked through the printed setup guide the stitching came apart at the corner posting this after a month of use
4389,train,scope_long,1,i have used it daily since march i can honestly say that across three different laptops and one tablet for the money and for the use case i bought it for the packaging was neat and fully recyclable
4390,train,scope_long,1,for reference i would tell a friend that after swapping in the cable that came with it having tried it in a home office and on the train the seller threw in a spare cable bought the black version
4391,train,scope_long,0,the other reviews were correct that for the money and for the use case i bought it for after swapping in the cable that came with it the screen developed a dead pixel in week two model number lc four seven five
4392,test,scope_long,0,i can honestly say that once i had worked through the printed setup guide for the money and for the use case i bought it for it stopped charging after three weeks model number lc four seven five
4393,train,scope_long,1,replacing a five year old unit i will confirm that having tried it in a home office and on the train across three different laptops and one tablet customer service refunded me the same day
4394,train,scope_long,1,my experience matched the claim that for the money and for the use case i bought it for once i had worked through the printed setup guide it survived a drop onto concrete bought the black version
4395,train,scope_long,1,i have used it daily since march it is true that going by what the product listing actually says even allowing for the most recent firmware update the screen is bright and crisp posting this after a month of use
4396,train,scope_long,0,bought during the autumn sale my experience matched the claim that in the two months since the box arrived after two weeks of daily use the fit runs two sizes small
4397,train,scope_long,1,second one i have bought the other reviews were not correct that once i had worked through the printed setup guide after two weeks of daily use the fit runs two sizes small
4398,train,scope_long,1,second one i have bought i can honestly say that after swapping in the cable that came with it across three different laptops and one tablet the companion app is responsive and clean ordered through the app
4399,train,scope_long,1,i have used it daily since march i can honestly say that in the two months since the box arrived once i had worked through the printed setup guide the printed instructions were clear and short updating this review later
4400,test,scope_long,0,second one i have bought i will not confirm that after swapping in the cable that came with it for the money and for the use case i bought it for the warranty claim took three minutes online ordered through the app
4401,train,scope_long,1,buying for a home office my experience did not match the claim that across three different laptops and one tablet in the two months since the box arrived the mounting bracket snapped under load ordered through the app
4402,test,scope_long,1,i would tell a friend that compared with the previous model i owned even allowing for the most recent firmware update it pairs with my laptop instantly
4403,train,scope_long,1,it is not true that after two weeks of daily use once i had worked through the printed setup guide the warranty claim has been open for six weeks posting this after a month of use
4404,train,scope_long,1,i can not honestly say that compared with the previous model i owned in the two months since the box arrived the build quality feels cheap in the hand posting this after a month of use
4405,test,scope_long,0,it is true that in the two months since the box arrived compared with the previous model i owned setup took me most of an afternoon posting this after a month of use
4406,train,scope_long,1,second one i have bought my experience did not match the claim that after swapping in the cable that came with it once i had worked through the printed setup guide the warranty claim has been open for six weeks posting this after a month of use
4407,test,scope_long,0,i can not honestly say that even allowing for the most recent firmware update once i had worked through the printed setup guide the carrying case is genuinely useful
4408,train,scope_long,1,second one i have bought i would tell a friend that having tried it in a home office and on the train after two weeks of daily use the printed instructions were clear and short will report back after the winter
4409,val,scope_long,0,for reference it is not true that even allowing for the most recent firmware update going by what the product listing actually says the build quality feels premium
4410,test,scope_long,1,i have used it daily since march i will confirm that once i had worked through the printed setup guide having tried it in a home office and on the train the stitching is even all the way round
4411,train,scope_long,0,buying for a home office i can not honestly say that going by what the product listing actually says in the two months since the box arrived the packaging was neat and fully recyclable
4412,test,scope_long,1,shipped to a uk address i will confirm that after two weeks of daily use across three different laptops and one tablet the build quality feels premium happy to answer questions
4413,train,scope_long,0,i would tell a friend that even allowing for the most recent firmware update for the money and for the use case i bought it for the price went up the day after i ordered
4414,train,scope_long,1,ordered this in june the other reviews were not correct that in the two months since the box arrived after swapping in the cable that came with it the packaging arrived crushed and open updating this review later
4415,train,scope_long,0,i have used it daily since march the other reviews were not correct that after swapping in the cable that came with it for the money and for the use case i bought it for the seller threw in a spare cable posting this after a month of use
4416,train,scope_long,1,it is true that once i had worked through the printed setup guide for the money and for the use case i bought it for the battery easily lasts two days
4417,test,scope_long,1,it is true that once i had worked through the printed setup guide after swapping in the cable that came with it it survived a drop onto concrete updating this review later
4418,train,scope_long,1,i would tell a friend that compared with the previous model i owned even allowing for the most recent firmware update the stitching is even all the way round ordered through the app
4419,test,scope_long,1,my experience matched the claim that compared with the previous model i owned having tried it in a home office and on the train the weight is far lower than i expected happy to answer questions
4420,train,scope_long,1,i will confirm that in the two months since the box arrived after swapping in the cable that came with it the packaging was neat and fully recyclable
4421,train,scope_long,0,i can honestly say that across three different laptops and one tablet even allowing for the most recent firmware update the printed instructions were one unreadable page
4422,test,scope_long,1,replacing a five year old unit i would tell a friend that compared with the previous model i owned having tried it in a home office and on the train the carrying case is genuinely useful will report back after the winter
4423,test,scope_long,1,bought during the autumn sale i can honestly say that once i had worked through the printed setup guide for the money and for the use case i bought it for the mounting bracket lines up perfectly updating this review later
4424,train,scope_long,0,buying for a home office i will not confirm that once i had worked through the printed setup guide after two weeks of daily use delivery arrived a day early bought the black version
4425,train,scope_long,1,replacing a five year old unit i will confirm that compared with the previous model i owned going by what the product listing actually says the stitching is even all the way round happy to answer questions
4426,train,scope_long,1,it is true that once i had worked through the printed setup guide having tried it in a home office and on the train it survived a drop onto concrete
4427,train,scope_long,1,i will not confirm that after two weeks of daily use going by what the product listing actually says it stopped charging after three weeks
4428,train,scope_long,1,shipped to a uk address my experience matched the claim that once i had worked through the printed setup guide having tried it in a home office and on the train the hinge still feels tight after a year happy to answer questions
4429,train,scope_long,0,shipped to a uk address i will confirm that having tried it in a home office and on the train across three different laptops and one tablet setup took me most of an afternoon model number lc four seven five
4430,train,scope_long,0,i will confirm that for the money and for the use case i bought it for compared with the previous model i owned the firmware update bricked the unit
4431,train,scope_long,1,ordered this in june i can honestly say that compared with the previous model i owned having tried it in a home office and on the train delivery arrived a day early happy to answer questions
4432,train,scope_long,1,bought during the autumn sale i would tell a friend that across three different laptops and one tablet compared with the previous model i owned the companion app is responsive and clean updating this review later
4433,train,scope_long,1,my experience did not match the claim that even allowing for the most recent firmware update having tried it in a home office and on the train the weight makes it useless for travel
4434,test,scope_long,0,the other reviews were correct that once i had worked through the printed setup guide after swapping in the cable that came with it it disconnects from my laptop constantly updating this review later
4435,test,scope_long,1,buying for a home office it is true that having tried it in a home office and on the train even allowing for the most recent firmware update the battery easily lasts two days
4436,train,scope_long,0,replacing a five year old unit i can honestly say that once i had worked through the printed setup guide after two weeks of daily use customer service put me on hold for an hour
4437,test,scope_long,0,i would tell a friend that even allowing for the most recent firmware update across three different laptops and one tablet the build quality feels cheap in the hand posting this after a month of use
4438,train,scope_long,1,shipped to a uk address my experience did not match the claim that compared with the previous model i owned after swapping in the cable that came with it the screen developed a dead pixel in week two updating this review later
4439,val,scope_long,0,it is not true that for the money and for the use case i bought it for in the two months since the box arrived the printed instructions were clear and short
4440,train,scope_long,1,i have used it daily since march i can honestly say that in the two months since the box arrived after two weeks of daily use the battery easily lasts two days bought the black version
4441,train,scope_long,0,for reference i can not honestly say that even allowing for the most recent firmware update after swapping in the cable that came with it the fabric held up after ten washes ordered through the app
4442,test,scope_long,0,i can honestly say that for the money and for the use case i bought it for having tried it in a home office and on the train the screen developed a dead pixel in week two will report back after the winter
4443,test,scope_long,1,for reference my experience did not match the claim that even allowing for the most recent firmware update compared with the previous model i owned the return label cost me twelve dollars will report back after the winter
4444,train,scope_long,0,it is true that going by what the product listing actually says having tried it in a home office and on the train the mounting bracket snapped under load
4445,train,scope_long,1,i would never tell a friend that even allowing for the most recent firmware update having tried it in a home office and on the train setup took me most of an afternoon model number lc four seven five
4446,test,scope_long,1,shipped to a uk address i can not honestly say that once i had worked through the printed setup guide after two weeks of daily use the colour is nothing like the product photos
4447,train,scope_long,1,it is not true that after swapping in the cable that came with it in the two months since the box arrived the companion app crashes on every launch ordered through the app
4448,train,scope_long,0,i would tell a friend that for the money and for the use case i bought it for having tried it in a home office and on the train the fit runs two sizes small posting this after a month of use
4449,train,scope_long,1,replacing a five year old unit the other reviews were not correct that after swapping in the cable that came with it in the two months since the box arrived support never replied to my ticket
4450,train,scope_long,1,i would never tell a friend that once i had worked through the printed setup guide after swapping in the cable that came with it the carrying case tore at the seam posting this after a month of use
4451,train,scope_long,0,it is true that after two weeks of daily use compared with the previous model i owned the carrying case tore at the seam happy to answer questions
4452,train,scope_long,1,for reference i will not confirm that having tried it in a home office and on the train after swapping in the cable that came with it the warranty claim has been open for six weeks
4453,train,scope_long,1,second one i have bought it is not true that having tried it in a home office and on the train across three different laptops and one tablet support never replied to my ticket
4454,train,scope_long,0,replacing a five year old unit i can not honestly say that for the money and for the use case i bought it for in the two months since the box arrived the packaging was neat and fully recyclable model number lc four seven five
4455,train,scope_long,0,for reference i can not honestly say that after two weeks of daily use for the money and for the use case i bought it for the hinge still feels tight after a year posting this after a month of use
4456,test,scope_long,1,bought during the autumn sale i would tell a friend that across three different laptops and one tablet in the two months since the box arrived the weight is far lower than i expected ordered through the app
4457,train,scope_long,0,i would never tell a friend that even allowing for the most recent firmware update compared with the previous model i owned the fabric held up after ten washes
4458,test,scope_long,1,it is true that compared with the previous model i owned going by what the product listing actually says the seller threw in a spare cable bought the black version
4459,test,scope_long,0,bought during the autumn sale it is not true that in the two months since the box arrived for the money and for the use case i bought it for the mounting bracket lines up perfectly
4460,test,scope_long,0,buying for a home office i would tell a friend that going by what the product listing actually says even allowing for the most recent firmware update the stitching came apart at the corner
4461,train,scope_long,1,ordered this in june my experience matched the claim that even allowing for the most recent firmware update after two weeks of daily use the build quality feels premium
4462,train,scope_long,1,buying for a home office i will confirm that going by what the product listing actually says even allowing for the most recent firmware update the mounting bracket lines up perfectly ordered through the app
4463,test,scope_long,0,my experience matched the claim that after swapping in the cable that came with it going by what the product listing actually says the fit runs two sizes small bought the black version
4464,train,scope_long,1,ordered this in june the other reviews were not correct that after swapping in the cable that came with it in the two months since the box arrived it stopped charging after three weeks posting this after a month of use
4465,test,scope_long,1,shipped to a uk address i would tell a friend that even allowing for the most recent firmware update after two weeks of daily use the fit is exactly as described model number lc four seven five
4466,train,scope_long,0,i can honestly say that going by what the product listing actually says in the two months since the box arrived the warranty claim has been open for six weeks updating this review later
4467,test,scope_long,0,ordered this in june the other reviews were not correct that even allowing for the most recent firmware update in the two months since the box arrived the packaging was neat and fully recyclable will report back after the winter
4468,val,scope_long,0,the other reviews were correct that across three different laptops and one tablet having tried it in a home office and on the train it stopped charging after three weeks will report back after the winter
4469,train,scope_long,0,buying for a home office i would never tell a friend that after swapping in the cable that came with it across three different laptops and one tablet the fit is exactly as described bought the black version
4470,val,scope_long,1,for reference i would tell a friend that in the two months since the box arrived after swapping in the cable that came with it it pairs with my laptop instantly
4471,train,scope_long,0,i would never tell a friend that after swapping in the cable that came with it once i had worked through the printed setup guide the fit is exactly as described happy to answer questions
4472,test,scope_long,0,i have used it daily since march my experience matched the claim that across three different laptops and one tablet going by what the product listing actually says the stitching came apart at the corner ordered through the app
4473,train,scope_long,0,i can not honestly say that after swapping in the cable that came with it once i had worked through the printed setup guide the companion app is responsive and clean happy to answer questions
4474,train,scope_long,0,i have used it daily since march it is not true that in the two months since the box arrived for the money and for the use case i bought it for the firmware update installed without a hitch
4475,train,scope_long,0,i can not honestly say that across three different laptops and one tablet for the money and for the use case i bought it for the return label was already in the box posting this after a month of use
4476,train,scope_long,0,bought during the autumn sale i would never tell a friend that after two weeks of daily use after swapping in the cable that came with it the fabric held up after ten washes will report back after the winter
4477,test,scope_long,1,buying for a home office i can not honestly say that having tried it in a home office and on the train going by what the product listing actually says the battery drains overnight while it is off model number lc four seven five
4478,val,scope_long,0,my experience did not match the claim that even allowing for the most recent firmware update having tried it in a home office and on the train support answered within an hour
4479,train,scope_long,1,replacing a five year old unit my experience matched the claim that once i had worked through the printed setup guide in the two months since the box arrived the hinge still feels tight after a year
4480,train,scope_long,0,shipped to a uk address the other reviews were not correct that across three different laptops and one tablet once i had worked through the printed setup guide the price is unbeatable for this spec updating this review later
4481,train,scope_long,0,shipped to a uk address i will confirm that in the two months since the box arrived going by what the product listing actually says the sound is tinny at any volume ordered through the app
4482,train,scope_long,0,for reference it is not true that even allowing for the most recent firmware update going by what the product listing actually says it pairs with my laptop instantly
4483,train,scope_long,1,for reference my experience matched the claim that having tried it in a home office and on the train across three different laptops and one tablet the fabric held up after ten washes model number lc four seven five
4484,test,scope_long,0,the other reviews were correct that once i had worked through the printed setup guide even allowing for the most recent firmware update it disconnects from my laptop constantly happy to answer questions
4485,train,scope_long,1,second one i have bought i can not honestly say that after swapping in the cable that came with it for the money and for the use case i bought it for the firmware update bricked the unit
4486,train,scope_long,1,ordered this in june the other reviews were correct that compared with the previous model i owned going by what the product listing actually says it pairs with my laptop instantly happy to answer questions
4487,test,scope_long,1,ordered this in june i will not confirm that after two weeks of daily use after swapping in the cable that came with it the keys started sticking almost immediately
4488,test,scope_long,1,for reference i will confirm that in the two months since the box arrived going by what the product listing actually says the colour matches the product photos updating this review later
4489,train,scope_long,0,second one i have bought i can not honestly say that going by what the product listing actually says after two weeks of daily use the return label was already in the box
4490,train,scope_long,0,second one i have bought i will confirm that even allowing for the most recent firmware update once i had worked through the printed setup guide the mounting bracket snapped under load
4491,train,scope_long,1,i can honestly say that after two weeks of daily use going by what the product listing actually says customer service refunded me the same day posting this after a month of use
4492,test,scope_long,0,replacing a five year old unit i will confirm that for the money and for the use case i bought it for after swapping in the cable that came with it the sound is tinny at any volume will report back after the winter
4493,train,scope_long,0,bought during the autumn sale i would never tell a friend that for the money and for the use case i bought it for after two weeks of daily use the seller threw in a spare cable updating this review later
4494,train,scope_long,1,i can honestly say that after two weeks of daily use once i had worked through the printed setup guide the sound is surprisingly rich model number lc four seven five
4495,val,scope_long,0,shipped to a uk address it is true that even allowing for the most recent firmware update having tried it in a home office and on the train the build quality feels cheap in the hand
4496,train,scope_long,1,i can honestly say that going by what the product listing actually says having tried it in a home office and on the train the fit is exactly as described model number lc four seven five
4497,train,scope_long,1,i would never tell a friend that across three different laptops and one tablet going by what the product listing actually says the sound is tinny at any volume ordered through the app
4498,train,scope_long,1,my experience matched the claim that after swapping in the cable that came with it for the money and for the use case i bought it for the battery easily lasts two days
4499,train,scope_long,0,it is true that even allowing for the most recent firmware update going by what the product listing actually says the keys started sticking almost immediately
4500,test,scope_long,1,buying for a home office the other reviews were not correct that going by what the product listing actually says even allowing for the most recent firmware update the mounting bracket snapped under load bought the black version
4501,val,scope_long,1,for reference my experience matched the claim that across three different laptops and one tablet having tried it in a home office and on the train customer service refunded me the same day happy to answer questions
4502,train,scope_long,1,ordered this in june it is true that across three different laptops and one tablet going by what the product listing actually says the weight is far lower than i expected updating this review later
4503,val,scope_long,0,ordered this in june i can honestly say that going by what the product listing actually says even allowing for the most recent firmware update the hinge went loose within a month happy to answer questions
4504,test,scope_long,1,replacing a five year old unit i will confirm that once i had worked through the printed setup guide having tried it in a home office and on the train the battery easily lasts two days posting this after a month of use
4505,train,scope_long,1,i have used it daily since march my experience matched the claim that having tried it in a home office and on the train after two weeks of daily use the price is unbeatable for this spec posting this after a month of use
4506,train,scope_long,1,i can not honestly say that across three different laptops and one tablet once i had worked through the printed setup guide the fabric pilled after a single wash happy to answer questions
4507,train,scope_long,1,it is not true that having tried it in a home office and on the train going by what the product listing actually says the fabric pilled after a single wash posting this after a month of use
4508,train,scope_long,0,i would never tell a friend that compared with the previous model i owned after two weeks of daily use the stitching is even all the way round will report back after the winter
4509,train,scope_long,1,i have used it daily since march i will confirm that after swapping in the cable that came with it compared with the previous model i owned the colour matches the product photos ordered through the app
4510,train,scope_long,1,buying for a home office i would tell a friend that in the two months since the box arrived compared with the previous model i owned the firmware update installed without a hitch happy to answer questions
4511,val,scope_long,1,the other reviews were correct that in the two months since the box arrived after swapping in the cable that came with it customer service refunded me the same day
4512,train,scope_long,1,ordered this in june the other reviews were correct that once i had worked through the printed setup guide after swapping in the cable that came with it the screen is bright and crisp
4513,train,scope_long,0,replacing a five year old unit the other reviews were not correct that across three different laptops and one tablet once i had worked through the printed setup guide the packaging was neat and fully recyclable
4514,train,scope_long,1,buying for a home office it is not true that for the money and for the use case i bought it for after two weeks of daily use the screen developed a dead pixel in week two
4515,train,scope_long,1,the other reviews were correct that going by what the product listing actually says even allowing for the most recent firmware update the battery easily lasts two days will report back after the winter
4516,val,scope_long,0,for reference i will not confirm that compared with the previous model i owned having tried it in a home office and on the train the battery easily lasts two days
4517,test,scope_long,0,for reference i can honestly say that in the two months since the box arrived even allowing for the most recent firmware update support never replied to my ticket updating this review later
4518,test,scope_long,1,i have used it daily since march it is true that once i had worked through the printed setup guide compared with the previous model i owned the stitching is even all the way round happy to answer questions
4519,train,scope_long,1,it is not true that across three different laptops and one tablet once i had worked through the printed setup guide the sound is tinny at any volume bought the black version
4520,train,scope_long,1,i will confirm that having tried it in a home office and on the train even allowing for the most recent firmware update setup took under five minutes
4521,train,scope_long,1,it is not true that across three different laptops and one tablet going by what the product listing actually says the price went up the day after i ordered bought the black version
4522,val,scope_long,1,shipped to a uk address my experience did not match the claim that compared with the previous model i owned having tried it in a home office and on the train the build quality feels cheap in the hand model number lc four seven five
4523,train,scope_long,1,replacing a five year old unit i would never tell a friend that in the two months since the box arrived after two weeks of daily use the build quality feels cheap in the hand will report back after the winter
4524,train,scope_long,0,replacing a five year old unit it is true that going by what the product listing actually says in the two months since the box arrived support never replied to my ticket
4525,train,scope_long,0,i can honestly say that for the money and for the use case i bought it for going by what the product listing actually says the weight makes it useless for travel
4526,train,scope_long,1,i have used it daily since march the other reviews were not correct that having tried it in a home office and on the train across three different laptops and one tablet the price went up the day after i ordered updating this review later
4527,val,scope_long,1,shipped to a uk address it is not true that in the two months since the box arrived once i had worked through the printed setup guide the battery drains overnight while it is off posting this after a month of use
4528,train,scope_long,0,second one i have bought it is true that having tried it in a home office and on the train compared with the previous model i owned the hinge went loose within a month model number lc four seven five
4529,train,scope_long,0,i can honestly say that after two weeks of daily use in the two months since the box arrived customer service put me on hold for an hour
4530,train,scope_long,0,bought during the autumn sale my experience matched the claim that across three different laptops and one tablet having tried it in a home office and on the train it disconnects from my laptop constantly
4531,train,scope_long,0,replacing a five year old unit i will not confirm that after swapping in the cable that came with it across three different laptops and one tablet it pairs with my laptop instantly bought the black version
4532,train,scope_long,0,i will confirm that having tried it in a home office and on the train once i had worked through the printed setup guide the mounting bracket snapped under load happy to answer questions
4533,test,scope_long,0,replacing a five year old unit the other reviews were not correct that once i had worked through the printed setup guide going by what the product listing actually says it survived a drop onto concrete
4534,val,scope_long,1,for reference the other reviews were correct that for the money and for the use case i bought it for across three different laptops and one tablet the firmware update installed without a hitch
4535,train,scope_long,1,second one i have bought i will confirm that compared with the previous model i owned after swapping in the cable that came with it support answered within an hour
4536,train,scope_long,1,shipped to a uk address i will confirm that in the two months since the box arrived after two weeks of daily use the battery easily lasts two days happy to answer questions
4537,train,scope_long,0,i have used it daily since march i will confirm that once i had worked through the printed setup guide compared with the previous model i owned the mounting bracket snapped under load will report back after the winter
4538,test,scope_long,1,it is true that compared with the previous model i owned having tried it in a home office and on the train the return label was already in the box
4539,test,scope_long,0,my experience did not match the claim that for the money and for the use case i bought it for once i had worked through the printed setup guide it pairs with my laptop instantly
4540,train,scope_long,1,for reference i can not honestly say that for the money and for the use case i bought it for once i had worked through the printed setup guide the warranty claim has been open for six weeks bought the black version
4541,train,scope_long,0,replacing a five year old unit my experience did not match the claim that even allowing for the most recent firmware update having tried it in a home office and on the train the fabric held up after ten washes updating this review later
4542,train,scope_long,0,ordered this in june it is not true that after swapping in the cable that came with it after two weeks of daily use the fabric held up after ten washes
4543,test,scope_long,0,i would tell a friend that compared with the previous model i owned across three different laptops and one tablet it disconnects from my laptop constantly model number lc four seven five
4544,train,scope_long,0,shipped to a uk address it is true that across three different laptops and one tablet after swapping in the cable that came with it the return label cost me twelve dollars
4545,train,scope_long,1,i will not confirm that having tried it in a home office and on the train once i had worked through the printed setup guide the printed instructions were one unreadable page
4546,train,scope_long,1,the other reviews were not correct that going by what the product listing actually says after swapping in the cable that came with it the printed instructions were one unreadable page posting this after a month of use
4547,train,scope_long,1,bought during the autumn sale i can honestly say that having tried it in a home office and on the train once i had worked through the printed setup guide the packaging was neat and fully recyclable happy to answer questions
4548,test,scope_long,0,for reference i will confirm that for the money and for the use case i bought it for across three different laptops and one tablet delivery was nine days late with no notice ordered through the app
4549,train,scope_long,0,buying for a home office it is not true that having tried it in a home office and on the train going by what the product listing actually says the weight is far lower than i expected ordered through the app
4550,val,scope_long,1,bought during the autumn sale it is true that across three different laptops and one tablet having tried it in a home office and on the train the mounting bracket lines up perfectly
4551,train,scope_long,1,i have used it daily since march it is true that for the money and for the use case i bought it for in the two months since the box arrived it charges fully in about an hour
4552,val,scope_long,1,it is true that for the money and for the use case i bought it for compared with the previous model i owned the stitching is even all the way round ordered through the app
4553,test,scope_long,0,i would tell a friend that going by what the product listing actually says after swapping in the cable that came with it the battery drains overnight while it is off
4554,train,scope_long,1,bought during the autumn sale i would never tell a friend that for the money and for the use case i bought it for going by what the product listing actually says it cracked from a knock off the desk ordered through the app
4555,train,scope_long,1,for reference i would never tell a friend that after swapping in the cable that came with it in the two months since the box arrived the seller shipped the wrong variant
4556,val,scope_long,1,i have used it daily since march i can honestly say that compared with the previous model i owned going by what the product listing actually says delivery arrived a day early
4557,test,scope_long,0,it is not true that once i had worked through the printed setup guide after swapping in the cable that came with it the seller threw in a spare cable
4558,train,scope_long,1,second one i have bought i can honestly say that after swapping in the cable that came with it going by what the product listing actually says delivery arrived a day early posting this after a month of use
4559,train,scope_long,1,i will confirm that going by what the product listing actually says across three different laptops and one tablet the price is unbeatable for this spec bought the black version
4560,train,scope_long,0,replacing a five year old unit i will confirm that even allowing for the most recent firmware update after two weeks of daily use the stitching came apart at the corner ordered through the app
4561,train,scope_long,1,for reference my experience matched the claim that in the two months since the box arrived across three different laptops and one tablet it pairs with my laptop instantly updating this review later
4562,test,scope_long,1,i have used it daily since march it is true that compared with the previous model i owned for the money and for the use case i bought it for the carrying case is genuinely useful
4563,test,scope_long,0,bought during the autumn sale the other reviews were not correct that once i had worked through the printed setup guide compared with the previous model i owned it pairs with my laptop instantly happy to answer questions
4564,train,scope_long,1,i can honestly say that going by what the product listing actually says compared with the previous model i owned setup took under five minutes bought the black version
4565,test,scope_long,0,bought during the autumn sale it is true that in the two months since the box arrived compared with the previous model i owned the sound is tinny at any volume
4566,test,scope_long,0,for reference i will confirm that after swapping in the cable that came with it having tried it in a home office and on the train setup took me most of an afternoon ordered through the app
4567,train,scope_long,1,it is true that having tried it in a home office and on the train in the two months since the box arrived the seller threw in a spare cable
4568,test,scope_long,0,it is not true that going by what the product listing actually says after two weeks of daily use the screen is bright and crisp
4569,test,scope_long,0,bought during the autumn sale my experience matched the claim that even allowing for the most recent firmware update across three different laptops and one tablet the warranty claim has been open for six weeks will report back after the winter
4570,train,scope_long,1,bought during the autumn sale i can honestly say that even allowing for the most recent firmware update across three different laptops and one tablet delivery arrived a day early bought the black version
4571,test,scope_long,1,i would never tell a friend that after two weeks of daily use compared with the previous model i owned the seller shipped the wrong variant model number lc four seven five
4572,test,scope_long,0,i have used it daily since march i can honestly say that for the money and for the use case i bought it for compared with the previous model i owned the screen developed a dead pixel in week two will report back after the winter
4573,train,scope_long,0,the other reviews were not correct that once i had worked through the printed setup guide for the money and for the use case i bought it for the screen is bright and crisp posting this after a month of use
4574,train,scope_long,0,i will not confirm that compared with the previous model i owned for the money and for the use case i bought it for setup took under five minutes
4575,test,scope_long,1,second one i have bought the other reviews were not correct that once i had worked through the printed setup guide even allowing for the most recent firmware update delivery was nine days late with no notice ordered through the app
4576,test,scope_long,0,my experience matched the claim that even allowing for the most recent firmware update having tried it in a home office and on the train it disconnects from my laptop constantly bought the black version
4577,train,scope_long,1,replacing a five year old unit i will confirm that going by what the product listing actually says across three different laptops and one tablet the warranty claim took three minutes online
4578,train,scope_long,0,ordered this in june it is true that even allowing for the most recent firmware update compared with the previous model i owned setup took me most of an afternoon will report back after the winter
4579,train,scope_long,1,shipped to a uk address the other reviews were correct that once i had worked through the printed setup guide having tried it in a home office and on the train the mounting bracket lines up perfectly happy to answer questions
4580,test,scope_long,0,buying for a home office my experience did not match the claim that after two weeks of daily use having tried it in a home office and on the train the seller threw in a spare cable
4581,train,scope_long,0,buying for a home office the other reviews were correct that for the money and for the use case i bought it for in the two months since the box arrived it stopped charging after three weeks ordered through the app
4582,train,scope_long,0,shipped to a uk address my experience did not match the claim that in the two months since the box arrived after two weeks of daily use it charges fully in about an hour happy to answer questions
4583,test,scope_long,0,bought during the autumn sale i will not confirm that after two weeks of daily use compared with the previous model i owned the fabric held up after ten washes will report back after the winter
4584,train,scope_long,1,i would tell a friend that for the money and for the use case i bought it for compared with the previous model i owned the warranty claim took three minutes online updating this review later
4585,test,scope_long,0,shipped to a uk address i can honestly say that across three different laptops and one tablet after two weeks of daily use the warranty claim has been open for six weeks
4586,train,scope_long,1,it is not true that after swapping in the cable that came with it even allowing for the most recent firmware update the warranty claim has been open for six weeks happy to answer questions
4587,test,scope_long,1,buying for a home office i can honestly say that compared with the previous model i owned going by what the product listing actually says customer service refunded me the same day
4588,test,scope_long,1,i would never tell a friend that across three different laptops and one tablet after two weeks of daily use the warranty claim has been open for six weeks happy to answer questions
4589,train,scope_long,0,i have used it daily since march i will not confirm that after swapping in the cable that came with it compared with the previous model i owned the sound is surprisingly rich posting this after a month of use
4590,train,scope_long,1,i would never tell a friend that once i had worked through the printed setup guide after swapping in the cable that came with it the build quality feels cheap in the hand
4591,train,scope_long,0,for reference i will confirm that having tried it in a home office and on the train after swapping in the cable that came with it it disconnects from my laptop constantly bought the black version
4592,train,scope_long,0,buying for a home office the other reviews were correct that once i had worked through the printed setup guide after swapping in the cable that came with it it stopped charging after three weeks
4593,train,scope_long,1,i have used it daily since march my experience matched the claim that across three different laptops and one tablet in the two months since the box arrived the firmware update installed without a hitch
4594,train,scope_long,1,replacing a five year old unit the other reviews were not correct that across three different laptops and one tablet having tried it in a home office and on the train the colour is nothing like the product photos will report back after the winter
4595,test,scope_long,1,bought during the autumn sale the other reviews were not correct that after two weeks of daily use going by what the product listing actually says the printed instructions were one unreadable page model number lc four seven five
4596,train,scope_long,0,bought during the autumn sale my experience did not match the claim that in the two months since the box arrived compared with the previous model i owned the build quality feels premium happy to answer questions
4597,train,scope_long,0,i can honestly say that even allowing for the most recent firmware update across three different laptops and one tablet setup took me most of an afternoon bought the black version
4598,val,scope_long,1,buying for a home office i will not confirm that compared with the previous model i owned even allowing for the most recent firmware update the colour is nothing like the product photos
4599,train,scope_long,0,i will not confirm that in the two months since the box arrived after two weeks of daily use it survived a drop onto concrete
4600,train,scope_long,1,shipped to a uk address the other reviews were not correct that after swapping in the cable that came with it across three different laptops and one tablet the colour is nothing like the product photos model number lc four seven five
4601,test,scope_long,1,i can not honestly say that in the two months since the box arrived after swapping in the cable that came with it the fabric pilled after a single wash will report back after the winter
4602,train,scope_long,0,replacing a five year old unit i would tell a friend that across three different laptops and one tablet after two weeks of daily use the weight makes it useless for travel
4603,train,scope_long,0,replacing a five year old unit i can not honestly say that even allowing for the most recent firmware update in the two months since the box arrived the mounting bracket lines up perfectly
4604,train,scope_long,0,buying for a home office the other reviews were not correct that for the money and for the use case i bought it for having tried it in a home office and on the train the weight is far lower than i expected model number lc four seven five
4605,train,scope_long,0,i have used it daily since march i can honestly say that even allowing for the most recent firmware update going by what the product listing actually says the weight makes it useless for travel model number lc four seven five
4606,train,scope_long,0,for reference the other reviews were correct that having tried it in a home office and on the train in the two months since the box arrived delivery was nine days late with no notice
4607,train,scope_long,1,ordered this in june my experience matched the claim that after two weeks of daily use once i had worked through the printed setup guide the build quality feels premium will report back after the winter
4608,train,scope_long,0,the other reviews were correct that compared with the previous model i owned across three different laptops and one tablet setup took me most of an afternoon
4609,train,scope_long,0,second one i have bought the other reviews were correct that compared with the previous model i owned across three different laptops and one tablet the mounting bracket snapped under load
4610,train,scope_long,0,second one i have bought it is not true that compared with the previous model i owned across three different laptops and one tablet it pairs with my laptop instantly will report back after the winter
4611,train,scope_long,1,it is not true that going by what the product listing actually says even allowing for the most recent firmware update the price went up the day after i ordered ordered through the app
4612,train,scope_long,1,i have used it daily since march i can honestly say that compared with the previous model i owned going by what the product listing actually says the price is unbeatable for this spec ordered through the app
4613,train,scope_long,0,it is not true that in the two months since the box arrived after swapping in the cable that came with it the build quality feels premium
4614,val,scope_long,0,i have used it daily since march my experience matched the claim that after swapping in the cable that came with it across three different laptops and one tablet the hinge went loose within a month ordered through the app
4615,train,scope_long,1,replacing a five year old unit i will not confirm that compared with the previous model i owned going by what the product listing actually says the hinge went loose within a month bought the black version
4616,test,scope_long,1,for reference i will not confirm that going by what the product listing actually says for the money and for the use case i bought it for the packaging arrived crushed and open
4617,test,scope_long,1,shipped to a uk address i would tell a friend that after swapping in the cable that came with it having tried it in a home office and on the train the build quality feels premium posting this after a month of use
4618,train,scope_long,0,ordered this in june it is not true that going by what the product listing actually says across three different laptops and one tablet the warranty claim took three minutes online
4619,train,scope_long,1,my experience matched the claim that even allowing for the most recent firmware update in the two months since the box arrived the mounting bracket lines up perfectly model number lc four seven five
4620,train,scope_long,1,i have used it daily since march i would never tell a friend that in the two months since the box arrived compared with the previous model i owned it disconnects from my laptop constantly updating this review later
4621,train,scope_long,1,i have used it daily since march my experience did not match the claim that for the money and for the use case i bought it for going by what the product listing actually says the firmware update bricked the unit
4622,val,scope_long,0,i would never tell a friend that going by what the product listing actually says having tried it in a home office and on the train the companion app is responsive and clean posting this after a month of use
4623,train,scope_long,0,for reference i would never tell a friend that after swapping in the cable that came with it compared with the previous model i owned the stitching is even all the way round ordered through the app
4624,train,scope_long,1,ordered this in june i can not honestly say that having tried it in a home office and on the train after swapping in the cable that came with it it disconnects from my laptop constantly bought the black version
4625,train,scope_long,0,replacing a five year old unit i can honestly say that in the two months since the box arrived after two weeks of daily use the packaging arrived crushed and open bought the black version
4626,test,scope_long,0,bought during the autumn sale my experience did not match the claim that once i had worked through the printed setup guide in the two months since the box arrived the price is unbeatable for this spec will report back after the winter
4627,train,scope_long,0,bought during the autumn sale it is true that after two weeks of daily use having tried it in a home office and on the train the colour is nothing like the product photos bought the black version
4628,test,scope_long,1,my experience matched the claim that even allowing for the most recent firmware update across three different laptops and one tablet setup took under five minutes updating this review later
4629,test,scope_long,0,buying for a home office i can honestly say that having tried it in a home office and on the train in the two months since the box arrived it cracked from a knock off the desk
4630,train,scope_long,0,i will not confirm that once i had worked through the printed setup guide even allowing for the most recent firmware update the screen is bright and crisp
4631,test,scope_long,0,my experience matched the claim that for the money and for the use case i bought it for going by what the product listing actually says support never replied to my ticket model number lc four seven five
4632,train,scope_long,1,second one i have bought my experience did not match the claim that compared with the previous model i owned across three different laptops and one tablet it stopped charging after three weeks happy to answer questions
4633,train,scope_long,1,shipped to a uk address the other reviews were correct that in the two months since the box arrived going by what the product listing actually says the warranty claim took three minutes online ordered through the app
4634,train,scope_long,0,i would tell a friend that going by what the product listing actually says having tried it in a home office and on the train the mounting bracket snapped under load will report back after the winter
4635,train,scope_long,1,shipped to a uk address i would never tell a friend that going by what the product listing actually says even allowing for the most recent firmware update the build quality feels cheap in the hand
4636,train,scope_long,1,for reference it is not true that after two weeks of daily use compared with the previous model i owned delivery was nine days late with no notice will report back after the winter
4637,train,scope_long,0,i can not honestly say that in the two months since the box arrived across three different laptops and one tablet the keys have a satisfying travel
4638,train,scope_long,1,second one i have bought the other reviews were not correct that for the money and for the use case i bought it for after two weeks of daily use it cracked from a knock off the desk
4639,val,scope_long,0,shipped to a uk address i would tell a friend that for the money and for the use case i bought it for in the two months since the box arrived it stopped charging after three weeks updating this review later
4640,train,scope_long,1,for reference i can honestly say that in the two months since the box arrived compared with the previous model i owned the build quality feels premium model number lc four seven five
4641,train,scope_long,1,replacing a five year old unit i would tell a friend that after two weeks of daily use having tried it in a home office and on the train the warranty claim took three minutes online model number lc four seven five
4642,train,scope_long,1,replacing a five year old unit it is true that even allowing for the most recent firmware update for the money and for the use case i bought it for the hinge still feels tight after a year
4643,train,scope_long,1,ordered this in june i can honestly say that compared with the previous model i owned even allowing for the most recent firmware update the return label was already in the box posting this after a month of use
4644,train,scope_long,1,ordered this in june i would tell a friend that for the money and for the use case i bought it for compared with the previous model i owned the mounting bracket lines up perfectly
4645,train,scope_long,1,i will confirm that going by what the product listing actually says for the money and for the use case i bought it for delivery arrived a day early ordered through the app
4646,train,scope_long,1,replacing a five year old unit i would never tell a friend that compared with the previous model i owned having tried it in a home office and on the train the carrying case tore at the seam happy to answer questions
4647,test,scope_long,1,i have used it daily since march the other reviews were not correct that even allowing for the most recent firmware update across three different laptops and one tablet the colour is nothing like the product photos model number lc four seven five
4648,val,scope_long,1,shipped to a uk address i will confirm that even allowing for the most recent firmware update going by what the product listing actually says the build quality feels premium
4649,val,scope_long,0,i have used it daily since march i will confirm that going by what the product listing actually says across three different laptops and one tablet support never replied to my ticket ordered through the app
4650,train,scope_long,0,second one i have bought i will not confirm that having tried it in a home office and on the train after swapping in the cable that came with it the build quality feels premium
4651,train,scope_long,1,the other reviews were not correct that in the two months since the box arrived compared with the previous model i owned the companion app crashes on every launch will report back after the winter
4652,train,scope_long,0,bought during the autumn sale i would never tell a friend that having tried it in a home office and on the train once i had worked through the printed setup guide support answered within an hour
4653,train,scope_long,1,for reference i would never tell a friend that going by what the product listing actually says after swapping in the cable that came with it the return label cost me twelve dollars
4654,val,scope_long,1,shipped to a uk address my experience matched the claim that in the two months since the box arrived after swapping in the cable that came with it setup took under five minutes
4655,train,scope_long,1,it is true that going by what the product listing actually says across three different laptops and one tablet the firmware update installed without a hitch model number lc four seven five
4656,train,scope_long,1,shipped to a uk address i can honestly say that once i had worked through the printed setup guide across three different laptops and one tablet the return label was already in the box posting this after a month of use
4657,train,scope_long,0,i can not honestly say that across three different laptops and one tablet having tried it in a home office and on the train the hinge still feels tight after a year bought the black version
4658,test,scope_long,1,i will not confirm that for the money and for the use case i bought it for going by what the product listing actually says the carrying case tore at the seam happy to answer questions
4659,train,scope_long,0,bought during the autumn sale i would tell a friend that having tried it in a home office and on the train across three different laptops and one tablet the price went up the day after i ordered bought the black version
4660,test,scope_long,1,i have used it daily since march the other reviews were correct that going by what the product listing actually says even allowing for the most recent firmware update it survived a drop onto concrete posting this after a month of use
4661,train,scope_long,1,my experience matched the claim that having tried it in a home office and on the train in the two months since the box arrived it charges fully in about an hour
4662,test,scope_long,0,buying for a home office my experience matched the claim that going by what the product listing actually says for the money and for the use case i bought it for support never replied to my ticket bought the black version
4663,train,scope_long,1,ordered this in june i would never tell a friend that for the money and for the use case i bought it for in the two months since the box arrived customer service put me on hold for an hour updating this review later
4664,test,scope_long,0,second one i have bought it is true that compared with the previous model i owned even allowing for the most recent firmware update the carrying case tore at the seam
4665,train,scope_long,1,second one i have bought my experience did not match the claim that in the two months since the box arrived after two weeks of daily use customer service put me on hold for an hour model number lc four seven five
4666,train,scope_long,0,ordered this in june i can not honestly say that having tried it in a home office and on the train going by what the product listing actually says it charges fully in about an hour
4667,train,scope_long,1,it is not true that having tried it in a home office and on the train in the two months since the box arrived the stitching came apart at the corner bought the black version
4668,test,scope_long,0,i can not honestly say that even allowing for the most recent firmware update going by what the product listing actually says the keys have a satisfying travel
4669,test,scope_long,0,it is not true that compared with the previous model i owned across three different laptops and one tablet it pairs with my laptop instantly ordered through the app
4670,test,scope_long,1,for reference i can not honestly say that compared with the previous model i owned after two weeks of daily use the keys started sticking almost immediately ordered through the app
4671,train,scope_long,0,second one i have bought my experience matched the claim that after two weeks of daily use in the two months since the box arrived support never replied to my ticket
4672,train,scope_long,1,ordered this in june i can honestly say that for the money and for the use case i bought it for in the two months since the box arrived setup took under five minutes
4673,train,scope_long,0,shipped to a uk address it is not true that going by what the product listing actually says in the two months since the box arrived the stitching is even all the way round
4674,train,scope_long,0,ordered this in june i can honestly say that in the two months since the box arrived having tried it in a home office and on the train the stitching came apart at the corner ordered through the app
4675,train,scope_long,0,ordered this in june it is true that once i had worked through the printed setup guide going by what the product listing actually says the stitching came apart at the corner
4676,train,scope_long,0,i have used it daily since march i would never tell a friend that once i had worked through the printed setup guide after swapping in the cable that came with it the build quality feels premium
4677,train,scope_long,1,i have used it daily since march i would never tell a friend that in the two months since the box arrived having tried it in a home office and on the train it stopped charging after three weeks
4678,test,scope_long,0,replacing a five year old unit my experience matched the claim that once i had worked through the printed setup guide having tried it in a home office and on the train the printed instructions were one unreadable page updating this review later
4679,test,scope_long,1,the other reviews were not correct that having tried it in a home office and on the train after swapping in the cable that came with it the fabric pilled after a single wash ordered through the app
4680,train,scope_long,0,bought during the autumn sale i can honestly say that even allowing for the most recent firmware update compared with the previous model i owned delivery was nine days late with no notice
4681,val,scope_long,1,buying for a home office i will confirm that once i had worked through the printed setup guide across three different laptops and one tablet the hinge still feels tight after a year
4682,val,scope_long,1,shipped to a uk address i can not honestly say that once i had worked through the printed setup guide after two weeks of daily use the mounting bracket snapped under load bought the black version
4683,train,scope_long,0,i can honestly say that having tried it in a home office and on the train once i had worked through the printed setup guide the mounting bracket snapped under load
4684,train,scope_long,0,buying for a home office i would never tell a friend that for the money and for the use case i bought it for going by what the product listing actually says the companion app is responsive and clean
4685,train,scope_long,1,i will confirm that compared with the previous model i owned after two weeks of daily use the sound is surprisingly rich
4686,train,scope_long,1,replacing a five year old unit i can not honestly say that having tried it in a home office and on the train after two weeks of daily use the firmware update bricked the unit
4687,train,scope_long,0,ordered this in june i will not confirm that in the two months since the box arrived going by what the product listing actually says setup took under five minutes happy to answer questions
4688,train,scope_long,0,my experience did not match the claim that after two weeks of daily use even allowing for the most recent firmware update the packaging was neat and fully recyclable posting this after a month of use
4689,train,scope_long,1,replacing a five year old unit i will confirm that going by what the product listing actually says once i had worked through the printed setup guide the build quality feels premium model number lc four seven five
4690,train,scope_long,1,the other reviews were correct that after two weeks of daily use across three different laptops and one tablet the firmware update installed without a hitch bought the black version
4691,train,scope_long,1,i can not honestly say that compared with the previous model i owned in the two months since the box arrived the sound is tinny at any volume posting this after a month of use
4692,train,scope_long,1,the other reviews were correct that once i had worked through the printed setup guide in the two months since the box arrived the firmware update installed without a hitch
4693,train,scope_long,1,i would never tell a friend that going by what the product listing actually says for the money and for the use case i bought it for the printed instructions were one unreadable page ordered through the app
4694,test,scope_long,0,i have used it daily since march i will confirm that after swapping in the cable that came with it once i had worked through the printed setup guide the carrying case tore at the seam ordered through the app
4695,train,scope_long,1,second one i have bought it is not true that having tried it in a home office and on the train going by what the product listing actually says the hinge went loose within a month posting this after a month of use
4696,train,scope_long,1,i will not confirm that in the two months since the box arrived after swapping in the cable that came with it the battery drains overnight while it is off bought the black version
4697,test,scope_long,0,bought during the autumn sale it is true that going by what the product listing actually says after swapping in the cable that came with it the printed instructions were one unreadable page posting this after a month of use
4698,train,scope_long,1,i will not confirm that compared with the previous model i owned for the money and for the use case i bought it for the build quality feels cheap in the hand ordered through the app
4699,val,scope_long,0,shipped to a uk address i can not honestly say that after two weeks of daily use for the money and for the use case i bought it for the seller threw in a spare cable happy to answer questions
4700,train,scope_long,1,shipped to a uk address i can honestly say that compared with the previous model i owned having tried it in a home office and on the train the return label was already in the box posting this after a month of use
4701,train,scope_long,0,bought during the autumn sale i will confirm that across three different laptops and one tablet after swapping in the cable that came with it support never replied to my ticket
4702,train,scope_long,0,bought during the autumn sale my experience matched the claim that once i had worked through the printed setup guide having tried it in a home office and on the train the build quality feels cheap in the hand updating this review later
4703,val,scope_long,0,i will confirm that even allowing for the most recent firmware update compared with the previous model i owned the companion app crashes on every launch will report back after the winter
4704,train,scope_long,1,buying for a home office it is true that for the money and for the use case i bought it for once i had worked through the printed setup guide the build quality feels premium will report back after the winter
4705,train,scope_long,1,bought during the autumn sale the other reviews were correct that for the money and for the use case i bought it for across three different laptops and one tablet the battery easily lasts two days model number lc four seven five
4706,train,scope_long,0,for reference the other reviews were correct that even allowing for the most recent firmware update across three different laptops and one tablet the sound is tinny at any volume posting this after a month of use
4707,train,scope_long,1,my experience did not match the claim that having tried it in a home office and on the train for the money and for the use case i bought it for customer service put me on hold for an hour model number lc four seven five
4708,test,scope_long,1,i would tell a friend that after swapping in the cable that came with it across three different laptops and one tablet it survived a drop onto concrete model number lc four seven five
4709,train,scope_long,1,replacing a five year old unit the other reviews were not correct that after swapping in the cable that came with it having tried it in a home office and on the train the carrying case tore at the seam ordered through the app
4710,train,scope_long,0,my experience did not match the claim that having tried it in a home office and on the train after two weeks of daily use the mounting bracket lines up perfectly posting this after a month of use
4711,train,scope_long,1,my experience did not match the claim that even allowing for the most recent firmware update after two weeks of daily use setup took me most of an afternoon ordered through the app
4712,train,scope_long,0,it is true that having tried it in a home office and on the train after swapping in the cable that came with it the mounting bracket snapped under load
4713,train,scope_long,1,i can honestly say that after two weeks of daily use going by what the product listing actually says it survived a drop onto concrete ordered through the app
4714,test,scope_long,1,my experience matched the claim that after swapping in the cable that came with it compared with the previous model i owned it pairs with my laptop instantly bought the black version
4715,train,scope_long,0,replacing a five year old unit i can not honestly say that after two weeks of daily use across three different laptops and one tablet the colour matches the product photos ordered through the app
4716,train,scope_long,1,second one i have bought i will confirm that compared with the previous model i owned going by what the product listing actually says the stitching is even all the way round bought the black version
4717,train,scope_long,1,i would never tell a friend that compared with the previous model i owned for the money and for the use case i bought it for the companion app crashes on every launch posting this after a month of use
4718,train,scope_long,0,i can not honestly say that once i had worked through the printed setup guide in the two months since the box arrived the warranty claim took three minutes online will report back after the winter
4719,train,scope_long,1,my experience matched the claim that in the two months since the box arrived after swapping in the cable that came with it the mounting bracket lines up perfectly updating this review later
4720,test,scope_long,0,ordered this in june my experience did not match the claim that once i had worked through the printed setup guide across three different laptops and one tablet it pairs with my laptop instantly bought the black version
4721,train,scope_long,1,i have used it daily since march i would tell a friend that compared with the previous model i owned after swapping in the cable that came with it the colour matches the product photos ordered through the app
4722,train,scope_long,0,second one i have bought my experience matched the claim that once i had worked through the printed setup guide across three different laptops and one tablet delivery was nine days late with no notice posting this after a month of use
4723,train,scope_long,0,i will not confirm that in the two months since the box arrived across three different laptops and one tablet the fabric held up after ten washes
4724,train,scope_long,0,for reference my experience matched the claim that going by what the product listing actually says compared with the previous model i owned customer service put me on hold for an hour updating this review later
4725,train,scope_long,1,i have used it daily since march i would never tell a friend that even allowing for the most recent firmware update going by what the product listing actually says the warranty claim has been open for six weeks model number lc four seven five
4726,train,scope_long,0,replacing a five year old unit i can honestly say that compared with the previous model i owned in the two months since the box arrived the stitching came apart at the corner
4727,test,scope_long,0,bought during the autumn sale it is true that in the two months since the box arrived for the money and for the use case i bought it for setup took me most of an afternoon
4728,train,scope_long,0,for reference it is not true that after two weeks of daily use even allowing for the most recent firmware update the firmware update installed without a hitch posting this after a month of use
4729,train,scope_long,1,replacing a five year old unit it is not true that even allowing for the most recent firmware update after two weeks of daily use the fit runs two sizes small updating this review later
4730,test,scope_long,0,the other reviews were correct that in the two months since the box arrived across three different laptops and one tablet it stopped charging after three weeks
4731,train,scope_long,1,i have used it daily since march i will not confirm that after two weeks of daily use going by what the product listing actually says the keys started sticking almost immediately
4732,train,scope_long,1,second one i have bought i would tell a friend that compared with the previous model i owned having tried it in a home office and on the train the return label was already in the box
4733,train,scope_long,1,i will confirm that after two weeks of daily use having tried it in a home office and on the train the hinge still feels tight after a year
4734,train,scope_long,1,i will confirm that for the money and for the use case i bought it for going by what the product listing actually says the price is unbeatable for this spec bought the black version
4735,test,scope_long,0,my experience matched the claim that for the money and for the use case i bought it for after swapping in the cable that came with it the keys started sticking almost immediately model number lc four seven five
4736,test,scope_long,1,buying for a home office the other reviews were correct that in the two months since the box arrived going by what the product listing actually says it survived a drop onto concrete model number lc four seven five
4737,test,scope_long,1,second one i have bought my experience did not match the claim that after swapping in the cable that came with it going by what the product listing actually says the warranty claim has been open for six weeks posting this after a month of use
4738,test,scope_long,0,i will not confirm that across three different laptops and one tablet going by what the product listing actually says the screen is bright and crisp updating this review later
4739,val,scope_long,0,i would never tell a friend that for the money and for the use case i bought it for having tried it in a home office and on the train the fabric held up after ten washes posting this after a month of use
4740,train,scope_long,0,it is true that going by what the product listing actually says once i had worked through the printed setup guide the screen developed a dead pixel in week two updating this review later
4741,train,scope_long,0,ordered this in june i can honestly say that in the two months since the box arrived even allowing for the most recent firmware update the fit runs two sizes small posting this after a month of use
4742,train,scope_long,0,i will confirm that in the two months since the box arrived having tried it in a home office and on the train the return label cost me twelve dollars posting this after a month of use
4743,train,scope_long,1,bought during the autumn sale it is true that once i had worked through the printed setup guide going by what the product listing actually says the keys have a satisfying travel
4744,test,scope_long,1,second one i have bought it is true that going by what the product listing actually says once i had worked through the printed setup guide the keys have a satisfying travel
4745,test,scope_long,0,i would never tell a friend that compared with the previous model i owned even allowing for the most recent firmware update the battery easily lasts two days posting this after a month of use
4746,train,scope_long,1,i will confirm that even allowing for the most recent firmware update once i had worked through the printed setup guide the price is unbeatable for this spec will report back after the winter
4747,test,scope_long,0,i have used it daily since march i would tell a friend that across three different laptops and one tablet for the money and for the use case i bought it for the warranty claim has been open for six weeks updating this review later
4748,train,scope_long,0,bought during the autumn sale i can honestly say that compared with the previous model i owned in the two months since the box arrived the colour is nothing like the product photos
4749,train,scope_long,0,for reference it is true that across three different laptops and one tablet once i had worked through the printed setup guide delivery was nine days late with no notice ordered through the app
4750,test,scope_long,1,replacing a five year old unit my experience did not match the claim that in the two months since the box arrived going by what the product listing actually says the hinge went loose within a month
4751,train,scope_long,0,shipped to a uk address my experience matched the claim that after two weeks of daily use across three different laptops and one tablet the fabric pilled after a single wash ordered through the app
4752,test,scope_long,1,ordered this in june my experience matched the claim that for the money and for the use case i bought it for in the two months since the box arrived the colour matches the product photos
4753,train,scope_long,0,buying for a home office i would never tell a friend that having tried it in a home office and on the train compared with the previous model i owned the weight is far lower than i expected model number lc four seven five
4754,train,scope_long,0,shipped to a uk address the other reviews were correct that in the two months since the box arrived even allowing for the most recent firmware update the colour is nothing like the product photos posting this after a month of use
4755,train,scope_long,0,i have used it daily since march i can honestly say that having tried it in a home office and on the train even allowing for the most recent firmware update the companion app crashes on every launch model number lc four seven five
4756,train,scope_long,0,it is true that for the money and for the use case i bought it for after swapping in the cable that came with it the mounting bracket snapped under load will report back after the winter
4757,val,scope_long,0,shipped to a uk address i would tell a friend that once i had worked through the printed setup guide in the two months since the box arrived the fabric pilled after a single wash
4758,train,scope_long,0,buying for a home office my experience did not match the claim that across three different laptops and one tablet having tried it in a home office and on the train the sound is surprisingly rich model number lc four seven five
4759,train,scope_long,0,shipped to a uk address my experience did not match the claim that in the two months since the box arrived once i had worked through the printed setup guide the firmware update installed without a hitch ordered through the app
4760,train,scope_long,1,buying for a home office i can honestly say that going by what the product listing actually says having tried it in a home office and on the train the mounting bracket lines up perfectly
4761,train,scope_long,1,i can not honestly say that even allowing for the most recent firmware update after two weeks of daily use the printed instructions were one unreadable page
4762,train,scope_long,1,bought during the autumn sale the other reviews were not correct that across three different laptops and one tablet once i had worked through the printed setup guide the stitching came apart at the corner
4763,val,scope_long,1,i have used it daily since march i can honestly say that for the money and for the use case i bought it for going by what the product listing actually says the printed instructions were clear and short bought the black version
4764,val,scope_long,1,bought during the autumn sale i can not honestly say that in the two months since the box arrived once i had worked through the printed setup guide the price went up the day after i ordered updating this review later
4765,test,scope_long,0,for reference i can honestly say that even allowing for the most recent firmware update once i had worked through the printed setup guide the build quality feels cheap in the hand happy to answer questions
4766,train,scope_long,0,i can not honestly say that after two weeks of daily use once i had worked through the printed setup guide the stitching is even all the way round will report back after the winter
4767,train,scope_long,1,shipped to a uk address it is not true that after two weeks of daily use having tried it in a home office and on the train the fabric pilled after a single wash
4768,train,scope_long,1,shipped to a uk address i would never tell a friend that going by what the product listing actually says after two weeks of daily use the printed instructions were one unreadable page
4769,train,scope_long,0,replacing a five year old unit i will not confirm that going by what the product listing actually says having tried it in a home office and on the train the warranty claim took three minutes online posting this after a month of use
4770,test,scope_long,0,the other reviews were correct that after swapping in the cable that came with it compared with the previous model i owned it stopped charging after three weeks
4771,train,scope_long,0,buying for a home office i will not confirm that once i had worked through the printed setup guide after swapping in the cable that came with it the fit is exactly as described
4772,val,scope_long,1,shipped to a uk address my experience matched the claim that having tried it in a home office and on the train across three different laptops and one tablet the colour matches the product photos
4773,train,scope_long,1,my experience did not match the claim that for the money and for the use case i bought it for after swapping in the cable that came with it the price went up the day after i ordered posting this after a month of use
4774,train,scope_long,0,the other reviews were correct that after swapping in the cable that came with it compared with the previous model i owned the build quality feels cheap in the hand ordered through the app
4775,train,scope_long,1,replacing a five year old unit my experience matched the claim that compared with the previous model i owned having tried it in a home office and on the train the return label was already in the box model number lc four seven five
4776,train,scope_long,1,i have used it daily since march i can not honestly say that having tried it in a home office and on the train for the money and for the use case i bought it for the carrying case tore at the seam happy to answer questions
4777,train,scope_long,1,shipped to a uk address i can not honestly say that once i had worked through the printed setup guide compared with the previous model i owned it disconnects from my laptop constantly updating this review later
4778,train,scope_long,0,bought during the autumn sale i would never tell a friend that compared with the previous model i owned going by what the product listing actually says the keys have a satisfying travel
4779,train,scope_long,0,buying for a home office it is not true that across three different laptops and one tablet for the money and for the use case i bought it for the colour matches the product photos
4780,train,scope_long,0,i would tell a friend that once i had worked through the printed setup guide for the money and for the use case i bought it for the printed instructions were one unreadable page happy to answer questions
4781,test,scope_long,0,replacing a five year old unit i will not confirm that compared with the previous model i owned having tried it in a home office and on the train the fabric held up after ten washes
4782,train,scope_long,0,bought during the autumn sale i will confirm that across three different laptops and one tablet going by what the product listing actually says the firmware update bricked the unit model number lc four seven five
4783,train,scope_long,1,ordered this in june i would tell a friend that having tried it in a home office and on the train for the money and for the use case i bought it for it pairs with my laptop instantly happy to answer questions
4784,train,scope_long,0,bought during the autumn sale it is not true that having tried it in a home office and on the train in the two months since the box arrived the weight is far lower than i expected posting this after a month of use
4785,test,scope_long,0,bought during the autumn sale i can honestly say that for the money and for the use case i bought it for after swapping in the cable that came with it support never replied to my ticket will report back after the winter
4786,train,scope_long,0,replacing a five year old unit my experience matched the claim that compared with the previous model i owned even allowing for the most recent firmware update customer service put me on hold for an hour updating this review later
4787,train,scope_long,0,second one i have bought i would tell a friend that after swapping in the cable that came with it in the two months since the box arrived the build quality feels cheap in the hand
4788,train,scope_long,1,ordered this in june the other reviews were correct that compared with the previous model i owned having tried it in a home office and on the train the screen is bright and crisp ordered through the app
4789,test,scope_long,0,it is true that after two weeks of daily use after swapping in the cable that came with it it stopped charging after three weeks
4790,val,scope_long,1,for reference the other reviews were not correct that even allowing for the most recent firmware update having tried it in a home office and on the train the fabric pilled after a single wash
4791,test,scope_long,1,second one i have bought my experience did not match the claim that in the two months since the box arrived after two weeks of daily use the price went up the day after i ordered ordered through the app
4792,train,scope_long,1,i can not honestly say that going by what the product listing actually says once i had worked through the printed setup guide delivery was nine days late with no notice
4793,train,scope_long,0,buying for a home office i can honestly say that in the two months since the box arrived once i had worked through the printed setup guide the screen developed a dead pixel in week two bought the black version
4794,val,scope_long,1,my experience did not match the claim that having tried it in a home office and on the train going by what the product listing actually says the weight makes it useless for travel
4795,val,scope_long,0,second one i have bought it is not true that once i had worked through the printed setup guide across three different laptops and one tablet it survived a drop onto concrete updating this review later
4796,test,scope_long,0,second one i have bought i will confirm that across three different laptops and one tablet for the money and for the use case i bought it for the fit runs two sizes small
4797,train,scope_long,0,i have used it daily since march i would never tell a friend that once i had worked through the printed setup guide compared with the previous model i owned the mounting bracket lines up perfectly
4798,train,scope_long,0,replacing a five year old unit i can not honestly say that after two weeks of daily use once i had worked through the printed setup guide the seller threw in a spare cable
4799,train,scope_long,1,i have used it daily since march i can not honestly say that having tried it in a home office and on the train once i had worked through the printed setup guide the weight makes it useless for travel ordered through the app
4800,test,scope_long,1,the other reviews were not correct that compared with the previous model i owned across three different laptops and one tablet the keys started sticking almost immediately will report back after the winter
4801,train,scope_long,0,shipped to a uk address it is true that for the money and for the use case i bought it for compared with the previous model i owned the screen developed a dead pixel in week two
4802,train,scope_long,1,second one i have bought i will not confirm that compared with the previous model i owned across three different laptops and one tablet the warranty claim has been open for six weeks will report back after the winter
4803,train,scope_long,1,i will confirm that after swapping in the cable that came with it once i had worked through the printed setup guide the weight is far lower than i expected ordered through the app
4804,test,scope_long,1,i can honestly say that after swapping in the cable that came with it across three different laptops and one tablet setup took under five minutes
4805,val,scope_long,0,ordered this in june i would never tell a friend that compared with the previous model i owned having tried it in a home office and on the train it survived a drop onto concrete
4806,train,scope_long,1,for reference my experience matched the claim that after two weeks of daily use once i had worked through the printed setup guide setup took under five minutes
4807,train,scope_long,1,i have used it daily since march the other reviews were correct that even allowing for the most recent firmware update across three different laptops and one tablet support answered within an hour will report back after the winter
4808,test,scope_long,1,second one i have bought i would tell a friend that in the two months since the box arrived having tried it in a home office and on the train the return label was already in the box
4809,train,scope_long,1,for reference it is not true that in the two months since the box arrived after swapping in the cable that came with it the build quality feels cheap in the hand
4810,train,scope_long,1,my experience matched the claim that in the two months since the box arrived going by what the product listing actually says the weight is far lower than i expected posting this after a month of use
4811,test,scope_long,0,the other reviews were correct that going by what the product listing actually says after two weeks of daily use the packaging arrived crushed and open model number lc four seven five
4812,val,scope_long,1,buying for a home office i can honestly say that after swapping in the cable that came with it having tried it in a home office and on the train it pairs with my laptop instantly model number lc four seven five
4813,train,scope_long,0,i can honestly say that even allowing for the most recent firmware update compared with the previous model i owned the companion app crashes on every launch
4814,train,scope_long,0,replacing a five year old unit the other reviews were correct that for the money and for the use case i bought it for going by what the product listing actually says the price went up the day after i ordered
4815,test,scope_long,1,second one i have bought it is true that going by what the product listing actually says once i had worked through the printed setup guide the weight is far lower than i expected posting this after a month of use
4816,train,scope_long,0,ordered this in june the other reviews were correct that across three different laptops and one tablet even allowing for the most recent firmware update the fabric pilled after a single wash posting this after a month of use
4817,train,scope_long,0,i have used it daily since march my experience matched the claim that even allowing for the most recent firmware update after two weeks of daily use it cracked from a knock off the desk
4818,val,scope_long,0,bought during the autumn sale the other reviews were correct that in the two months since the box arrived after swapping in the cable that came with it the fit runs two sizes small happy to answer questions
4819,test,scope_long,0,the other reviews were not correct that after two weeks of daily use for the money and for the use case i bought it for the companion app is responsive and clean
4820,train,scope_long,1,it is not true that in the two months since the box arrived going by what the product listing actually says the return label cost me twelve dollars
4821,train,scope_long,1,for reference i will not confirm that for the money and for the use case i bought it for across three different laptops and one tablet the fabric pilled after a single wash bought the black version
4822,train,scope_long,1,my experience did not match the claim that compared with the previous model i owned going by what the product listing actually says the stitching came apart at the corner
4823,val,scope_long,0,second one i have bought my experience matched the claim that compared with the previous model i owned having tried it in a home office and on the train the colour is nothing like the product photos model number lc four seven five
4824,test,scope_long,0,buying for a home office my experience matched the claim that once i had worked through the printed setup guide across three different laptops and one tablet the colour is nothing like the product photos
4825,train,scope_long,0,i have used it daily since march i can honestly say that even allowing for the most recent firmware update going by what the product listing actually says the return label cost me twelve dollars
4826,val,scope_long,0,second one i have bought i would tell a friend that having tried it in a home office and on the train after two weeks of daily use the screen developed a dead pixel in week two happy to answer questions
4827,val,scope_long,1,buying for a home office i would tell a friend that after two weeks of daily use once i had worked through the printed setup guide delivery arrived a day early ordered through the app
4828,train,scope_long,0,bought during the autumn sale i would tell a friend that having tried it in a home office and on the train even allowing for the most recent firmware update the fabric pilled after a single wash bought the black version
4829,test,scope_long,0,replacing a five year old unit i would tell a friend that even allowing for the most recent firmware update compared with the previous model i owned the companion app crashes on every launch bought the black version
4830,train,scope_long,1,i can honestly say that once i had worked through the printed setup guide across three different laptops and one tablet it survived a drop onto concrete
4831,test,scope_long,1,i can honestly say that having tried it in a home office and on the train after two weeks of daily use the stitching is even all the way round
4832,val,scope_long,1,i can honestly say that having tried it in a home office and on the train after swapping in the cable that came with it support answered within an hour
4833,train,scope_long,0,it is true that for the money and for the use case i bought it for even allowing for the most recent firmware update the fit runs two sizes small model number lc four seven five
4834,train,scope_long,0,bought during the autumn sale i can honestly say that once i had worked through the printed setup guide in the two months since the box arrived customer service put me on hold for an hour
4835,test,scope_long,1,replacing a five year old unit i will confirm that even allowing for the most recent firmware update for the money and for the use case i bought it for the keys have a satisfying travel
4836,train,scope_long,0,for reference my experience did not match the claim that once i had worked through the printed setup guide going by what the product listing actually says the weight is far lower than i expected
